case_id	sample_barcode	hpv_status	final_hpv_status_raw	lowpass_harvard_call	massarray_hpv_status	source
TCGA-BA-4074	TCGA-BA-4074	HPV-	Negative	NA	Negative	Nature2015_nature14129_SuppTable1.2
TCGA-BA-4076	TCGA-BA-4076	HPV-	Negative	NA	Negative	Nature2015_nature14129_SuppTable1.2
TCGA-BA-4077	TCGA-BA-4077	HPV+	Positive	definite	Positive	Nature2015_nature14129_SuppTable1.2
TCGA-BA-4078	TCGA-BA-4078	HPV-	Negative	NA	Negative	Nature2015_nature14129_SuppTable1.2
TCGA-BA-5149	TCGA-BA-5149	HPV-	Negative	NA	Negative	Nature2015_nature14129_SuppTable1.2
TCGA-BA-5151	TCGA-BA-5151	HPV-	Negative	NA	Negative	Nature2015_nature14129_SuppTable1.2
TCGA-BA-5152	TCGA-BA-5152	HPV-	Negative	NA	Positive	Nature2015_nature14129_SuppTable1.2
TCGA-BA-5153	TCGA-BA-5153	HPV+	Positive	definite	Positive	Nature2015_nature14129_SuppTable1.2
TCGA-BA-5555	TCGA-BA-5555	HPV-	Negative	NA	Negative	Nature2015_nature14129_SuppTable1.2
TCGA-BA-5556	TCGA-BA-5556	HPV-	Negative	NA	Negative	Nature2015_nature14129_SuppTable1.2
TCGA-BA-5557	TCGA-BA-5557	HPV-	Negative	NA	Negative	Nature2015_nature14129_SuppTable1.2
TCGA-BA-5558	TCGA-BA-5558	HPV-	Negative	NA	Negative	Nature2015_nature14129_SuppTable1.2
TCGA-BA-5559	TCGA-BA-5559	HPV+	Positive	definite	Positive	Nature2015_nature14129_SuppTable1.2
TCGA-BA-6868	TCGA-BA-6868	HPV-	Negative	NA	Negative	Nature2015_nature14129_SuppTable1.2
TCGA-BA-6869	TCGA-BA-6869	HPV-	Negative	NA	Negative	Nature2015_nature14129_SuppTable1.2
TCGA-BA-6870	TCGA-BA-6870	HPV-	Negative	NA	Negative	Nature2015_nature14129_SuppTable1.2
TCGA-BA-6871	TCGA-BA-6871	HPV-	Negative	NA	Negative	Nature2015_nature14129_SuppTable1.2
TCGA-BA-6872	TCGA-BA-6872	HPV-	Negative	NA	Negative	Nature2015_nature14129_SuppTable1.2
TCGA-BA-6873	TCGA-BA-6873	HPV-	Negative	NA	Negative	Nature2015_nature14129_SuppTable1.2
TCGA-BA-7269	TCGA-BA-7269	HPV-	Negative	NA	Negative	Nature2015_nature14129_SuppTable1.2
TCGA-BB-4217	TCGA-BB-4217	HPV-	Negative	NA	Negative	Nature2015_nature14129_SuppTable1.2
TCGA-BB-4223	TCGA-BB-4223	HPV+	Positive	definite	Positive	Nature2015_nature14129_SuppTable1.2
TCGA-BB-4224	TCGA-BB-4224	HPV-	Negative	NA	Positive	Nature2015_nature14129_SuppTable1.2
TCGA-BB-4225	TCGA-BB-4225	HPV+	Positive	definite	Positive	Nature2015_nature14129_SuppTable1.2
TCGA-BB-4228	TCGA-BB-4228	HPV+	Positive	NA	Positive	Nature2015_nature14129_SuppTable1.2
TCGA-CN-4723	TCGA-CN-4723	HPV-	Negative	NA	Negative	Nature2015_nature14129_SuppTable1.2
TCGA-CN-4725	TCGA-CN-4725	HPV-	Negative	NA	Negative	Nature2015_nature14129_SuppTable1.2
TCGA-CN-4726	TCGA-CN-4726	HPV-	Negative	NA	Negative	Nature2015_nature14129_SuppTable1.2
TCGA-CN-4727	TCGA-CN-4727	HPV-	Negative	NA	Negative	Nature2015_nature14129_SuppTable1.2
TCGA-CN-4728	TCGA-CN-4728	HPV-	Negative	NA	Negative	Nature2015_nature14129_SuppTable1.2
TCGA-CN-4729	TCGA-CN-4729	HPV-	Negative	NA	Negative	Nature2015_nature14129_SuppTable1.2
TCGA-CN-4730	TCGA-CN-4730	HPV-	Negative	NA	Negative	Nature2015_nature14129_SuppTable1.2
TCGA-CN-4731	TCGA-CN-4731	HPV-	Negative	NA	Negative	Nature2015_nature14129_SuppTable1.2
TCGA-CN-4733	TCGA-CN-4733	HPV-	Negative	trace	Negative	Nature2015_nature14129_SuppTable1.2
TCGA-CN-4735	TCGA-CN-4735	HPV-	Negative	NA	Negative	Nature2015_nature14129_SuppTable1.2
TCGA-CN-4736	TCGA-CN-4736	HPV-	Negative	NA	Negative	Nature2015_nature14129_SuppTable1.2
TCGA-CN-4737	TCGA-CN-4737	HPV-	Negative	NA	Negative	Nature2015_nature14129_SuppTable1.2
TCGA-CN-4738	TCGA-CN-4738	HPV-	Negative	NA	Negative	Nature2015_nature14129_SuppTable1.2
TCGA-CN-4739	TCGA-CN-4739	HPV-	Negative	NA	Negative	Nature2015_nature14129_SuppTable1.2
TCGA-CN-4740	TCGA-CN-4740	HPV-	Negative	NA	Negative	Nature2015_nature14129_SuppTable1.2
TCGA-CN-4741	TCGA-CN-4741	HPV+	Positive	definite	Positive	Nature2015_nature14129_SuppTable1.2
TCGA-CN-4742	TCGA-CN-4742	HPV-	Negative	NA	Negative	Nature2015_nature14129_SuppTable1.2
TCGA-CN-5355	TCGA-CN-5355	HPV-	Negative	trace	Negative	Nature2015_nature14129_SuppTable1.2
TCGA-CN-5356	TCGA-CN-5356	HPV-	Negative	NA	Negative	Nature2015_nature14129_SuppTable1.2
TCGA-CN-5358	TCGA-CN-5358	HPV-	Negative	NA	Negative	Nature2015_nature14129_SuppTable1.2
TCGA-CN-5359	TCGA-CN-5359	HPV-	Negative	NA	Negative	Nature2015_nature14129_SuppTable1.2
TCGA-CN-5360	TCGA-CN-5360	HPV-	Negative	NA	Negative	Nature2015_nature14129_SuppTable1.2
TCGA-CN-5363	TCGA-CN-5363	HPV-	Negative	NA	Negative	Nature2015_nature14129_SuppTable1.2
TCGA-CN-5364	TCGA-CN-5364	HPV-	Negative	NA	Positive	Nature2015_nature14129_SuppTable1.2
TCGA-CN-5365	TCGA-CN-5365	HPV-	Negative	NA	Positive	Nature2015_nature14129_SuppTable1.2
TCGA-CN-5366	TCGA-CN-5366	HPV-	Negative	trace	Positive	Nature2015_nature14129_SuppTable1.2
TCGA-CN-5367	TCGA-CN-5367	HPV-	Negative	NA	Negative	Nature2015_nature14129_SuppTable1.2
TCGA-CN-5369	TCGA-CN-5369	HPV-	Negative	NA	Negative	Nature2015_nature14129_SuppTable1.2
TCGA-CN-5370	TCGA-CN-5370	HPV-	Negative	NA	Negative	Nature2015_nature14129_SuppTable1.2
TCGA-CN-5373	TCGA-CN-5373	HPV-	Negative	trace	Negative	Nature2015_nature14129_SuppTable1.2
TCGA-CN-5374	TCGA-CN-5374	HPV+	Positive	NA	Positive	Nature2015_nature14129_SuppTable1.2
TCGA-CN-6010	TCGA-CN-6010	HPV-	Negative	NA	Negative	Nature2015_nature14129_SuppTable1.2
TCGA-CN-6011	TCGA-CN-6011	HPV-	Negative	NA	Negative	Nature2015_nature14129_SuppTable1.2
TCGA-CN-6012	TCGA-CN-6012	HPV-	Negative	NA	Negative	Nature2015_nature14129_SuppTable1.2
TCGA-CN-6013	TCGA-CN-6013	HPV-	Negative	NA	Negative	Nature2015_nature14129_SuppTable1.2
TCGA-CN-6016	TCGA-CN-6016	HPV-	Negative	NA	Negative	Nature2015_nature14129_SuppTable1.2
TCGA-CN-6017	TCGA-CN-6017	HPV-	Negative	NA	Negative	Nature2015_nature14129_SuppTable1.2
TCGA-CN-6018	TCGA-CN-6018	HPV-	Negative	NA	Negative	Nature2015_nature14129_SuppTable1.2
TCGA-CN-6019	TCGA-CN-6019	HPV-	Negative	NA	Negative	Nature2015_nature14129_SuppTable1.2
TCGA-CN-6020	TCGA-CN-6020	HPV-	Negative	NA	Negative	Nature2015_nature14129_SuppTable1.2
TCGA-CN-6021	TCGA-CN-6021	HPV-	Negative	NA	Negative	Nature2015_nature14129_SuppTable1.2
TCGA-CN-6022	TCGA-CN-6022	HPV-	Negative	NA	Negative	Nature2015_nature14129_SuppTable1.2
TCGA-CN-6023	TCGA-CN-6023	HPV-	Negative	NA	Negative	Nature2015_nature14129_SuppTable1.2
TCGA-CN-6024	TCGA-CN-6024	HPV-	Negative	NA	Negative	Nature2015_nature14129_SuppTable1.2
TCGA-CN-6988	TCGA-CN-6988	HPV-	Negative	NA	Negative	Nature2015_nature14129_SuppTable1.2
TCGA-CN-6989	TCGA-CN-6989	HPV-	Negative	NA	Negative	Nature2015_nature14129_SuppTable1.2
TCGA-CN-6992	TCGA-CN-6992	HPV-	Negative	NA	Negative	Nature2015_nature14129_SuppTable1.2
TCGA-CN-6994	TCGA-CN-6994	HPV-	Negative	NA	Negative	Nature2015_nature14129_SuppTable1.2
TCGA-CN-6995	TCGA-CN-6995	HPV-	Negative	NA	Negative	Nature2015_nature14129_SuppTable1.2
TCGA-CN-6997	TCGA-CN-6997	HPV-	Negative	NA	Negative	Nature2015_nature14129_SuppTable1.2
TCGA-CN-6998	TCGA-CN-6998	HPV-	Negative	NA	Negative	Nature2015_nature14129_SuppTable1.2
TCGA-CQ-5323	TCGA-CQ-5323	HPV+	Positive	NA	Positive	Nature2015_nature14129_SuppTable1.2
TCGA-CQ-5324	TCGA-CQ-5324	HPV-	Negative	NA	Negative	Nature2015_nature14129_SuppTable1.2
TCGA-CQ-5325	TCGA-CQ-5325	HPV-	Negative	NA	Negative	Nature2015_nature14129_SuppTable1.2
TCGA-CQ-5326	TCGA-CQ-5326	HPV-	Negative	NA	Negative	Nature2015_nature14129_SuppTable1.2
TCGA-CQ-5329	TCGA-CQ-5329	HPV-	Negative	NA	Negative	Nature2015_nature14129_SuppTable1.2
TCGA-CQ-5330	TCGA-CQ-5330	HPV-	Negative	NA	Negative	Nature2015_nature14129_SuppTable1.2
TCGA-CQ-5331	TCGA-CQ-5331	HPV-	Negative	NA	Negative	Nature2015_nature14129_SuppTable1.2
TCGA-CQ-5332	TCGA-CQ-5332	HPV-	Negative	NA	Negative	Nature2015_nature14129_SuppTable1.2
TCGA-CQ-5334	TCGA-CQ-5334	HPV-	Negative	NA	Negative	Nature2015_nature14129_SuppTable1.2
TCGA-CQ-6218	TCGA-CQ-6218	HPV-	Negative	NA	Negative	Nature2015_nature14129_SuppTable1.2
TCGA-CQ-6220	TCGA-CQ-6220	HPV-	Negative	trace	Negative	Nature2015_nature14129_SuppTable1.2
TCGA-CQ-6221	TCGA-CQ-6221	HPV-	Negative	NA	Negative	Nature2015_nature14129_SuppTable1.2
TCGA-CQ-6223	TCGA-CQ-6223	HPV-	Negative	NA	Negative	Nature2015_nature14129_SuppTable1.2
TCGA-CQ-6224	TCGA-CQ-6224	HPV-	Negative	NA	Negative	Nature2015_nature14129_SuppTable1.2
TCGA-CQ-6225	TCGA-CQ-6225	HPV-	Negative	NA	Negative	Nature2015_nature14129_SuppTable1.2
TCGA-CQ-6227	TCGA-CQ-6227	HPV-	Negative	NA	Negative	Nature2015_nature14129_SuppTable1.2
TCGA-CQ-6228	TCGA-CQ-6228	HPV-	Negative	NA	Negative	Nature2015_nature14129_SuppTable1.2
TCGA-CQ-6229	TCGA-CQ-6229	HPV-	Negative	NA	Negative	Nature2015_nature14129_SuppTable1.2
TCGA-CQ-7065	TCGA-CQ-7065	HPV-	Negative	NA	Negative	Nature2015_nature14129_SuppTable1.2
TCGA-CQ-7068	TCGA-CQ-7068	HPV-	Negative	NA	Negative	Nature2015_nature14129_SuppTable1.2
TCGA-CR-5243	TCGA-CR-5243	HPV+	Positive	NA	Positive	Nature2015_nature14129_SuppTable1.2
TCGA-CR-5247	TCGA-CR-5247	HPV-	Negative	NA	Negative	Nature2015_nature14129_SuppTable1.2
TCGA-CR-5248	TCGA-CR-5248	HPV+	Positive	NA	Positive	Nature2015_nature14129_SuppTable1.2
TCGA-CR-5249	TCGA-CR-5249	HPV+	Positive	NA	Positive	Nature2015_nature14129_SuppTable1.2
TCGA-CR-5250	TCGA-CR-5250	HPV+	Positive	NA	Positive	Nature2015_nature14129_SuppTable1.2
TCGA-CR-6467	TCGA-CR-6467	HPV+	Positive	NA	Positive	Nature2015_nature14129_SuppTable1.2
TCGA-CR-6470	TCGA-CR-6470	HPV+	Positive	NA	Positive	Nature2015_nature14129_SuppTable1.2
TCGA-CR-6471	TCGA-CR-6471	HPV+	Positive	NA	Positive	Nature2015_nature14129_SuppTable1.2
TCGA-CR-6472	TCGA-CR-6472	HPV+	Positive	NA	Positive	Nature2015_nature14129_SuppTable1.2
TCGA-CR-6473	TCGA-CR-6473	HPV+	Positive	NA	Positive	Nature2015_nature14129_SuppTable1.2
TCGA-CR-6474	TCGA-CR-6474	HPV-	Negative	NA	Positive	Nature2015_nature14129_SuppTable1.2
TCGA-CR-6477	TCGA-CR-6477	HPV-	Negative	NA	Negative	Nature2015_nature14129_SuppTable1.2
TCGA-CR-6478	TCGA-CR-6478	HPV-	Negative	NA	Negative	Nature2015_nature14129_SuppTable1.2
TCGA-CR-6481	TCGA-CR-6481	HPV+	Positive	NA	Positive	Nature2015_nature14129_SuppTable1.2
TCGA-CR-6482	TCGA-CR-6482	HPV+	Positive	NA	Positive	Nature2015_nature14129_SuppTable1.2
TCGA-CR-6484	TCGA-CR-6484	HPV-	Negative	NA	Positive	Nature2015_nature14129_SuppTable1.2
TCGA-CR-6487	TCGA-CR-6487	HPV+	Positive	NA	Positive	Nature2015_nature14129_SuppTable1.2
TCGA-CR-6488	TCGA-CR-6488	HPV-	Negative	NA	Negative	Nature2015_nature14129_SuppTable1.2
TCGA-CR-6491	TCGA-CR-6491	HPV-	Negative	NA	Positive	Nature2015_nature14129_SuppTable1.2
TCGA-CR-6492	TCGA-CR-6492	HPV-	Negative	NA	Negative	Nature2015_nature14129_SuppTable1.2
TCGA-CR-6493	TCGA-CR-6493	HPV-	Negative	NA	Positive	Nature2015_nature14129_SuppTable1.2
TCGA-CR-7364	TCGA-CR-7364	HPV-	Negative	NA	Negative	Nature2015_nature14129_SuppTable1.2
TCGA-CR-7365	TCGA-CR-7365	HPV-	Negative	NA	Negative	Nature2015_nature14129_SuppTable1.2
TCGA-CR-7367	TCGA-CR-7367	HPV-	Negative	NA	Negative	Nature2015_nature14129_SuppTable1.2
TCGA-CR-7368	TCGA-CR-7368	HPV+	Positive	NA	Positive	Nature2015_nature14129_SuppTable1.2
TCGA-CR-7369	TCGA-CR-7369	HPV+	Positive	NA	Positive	Nature2015_nature14129_SuppTable1.2
TCGA-CR-7370	TCGA-CR-7370	HPV-	Negative	NA	Indeterminate	Nature2015_nature14129_SuppTable1.2
TCGA-CR-7371	TCGA-CR-7371	HPV-	Negative	NA	Negative	Nature2015_nature14129_SuppTable1.2
TCGA-CR-7372	TCGA-CR-7372	HPV-	Negative	NA	Negative	Nature2015_nature14129_SuppTable1.2
TCGA-CR-7373	TCGA-CR-7373	HPV-	Negative	NA	Negative	Nature2015_nature14129_SuppTable1.2
TCGA-CR-7374	TCGA-CR-7374	HPV-	Negative	NA	Negative	Nature2015_nature14129_SuppTable1.2
TCGA-CR-7376	TCGA-CR-7376	HPV-	Negative	NA	Negative	Nature2015_nature14129_SuppTable1.2
TCGA-CR-7377	TCGA-CR-7377	HPV-	Negative	NA	Negative	Nature2015_nature14129_SuppTable1.2
TCGA-CR-7379	TCGA-CR-7379	HPV-	Negative	NA	Positive	Nature2015_nature14129_SuppTable1.2
TCGA-CR-7380	TCGA-CR-7380	HPV-	Negative	NA	Negative	Nature2015_nature14129_SuppTable1.2
TCGA-CR-7382	TCGA-CR-7382	HPV-	Negative	NA	Negative	Nature2015_nature14129_SuppTable1.2
TCGA-CR-7383	TCGA-CR-7383	HPV-	Negative	NA	Negative	Nature2015_nature14129_SuppTable1.2
TCGA-CR-7385	TCGA-CR-7385	HPV+	Positive	NA	Positive	Nature2015_nature14129_SuppTable1.2
TCGA-CR-7386	TCGA-CR-7386	HPV-	Negative	NA	Negative	Nature2015_nature14129_SuppTable1.2
TCGA-CR-7388	TCGA-CR-7388	HPV-	Negative	NA	Negative	Nature2015_nature14129_SuppTable1.2
TCGA-CR-7389	TCGA-CR-7389	HPV-	Negative	NA	Negative	Nature2015_nature14129_SuppTable1.2
TCGA-CR-7390	TCGA-CR-7390	HPV-	Negative	NA	Negative	Nature2015_nature14129_SuppTable1.2
TCGA-CR-7391	TCGA-CR-7391	HPV-	Negative	NA	Negative	Nature2015_nature14129_SuppTable1.2
TCGA-CR-7392	TCGA-CR-7392	HPV-	Negative	NA	Negative	Nature2015_nature14129_SuppTable1.2
TCGA-CR-7393	TCGA-CR-7393	HPV-	Negative	NA	Negative	Nature2015_nature14129_SuppTable1.2
TCGA-CR-7394	TCGA-CR-7394	HPV-	Negative	NA	Negative	Nature2015_nature14129_SuppTable1.2
TCGA-CR-7395	TCGA-CR-7395	HPV-	Negative	NA	Negative	Nature2015_nature14129_SuppTable1.2
TCGA-CR-7397	TCGA-CR-7397	HPV-	Negative	NA	Negative	Nature2015_nature14129_SuppTable1.2
TCGA-CR-7398	TCGA-CR-7398	HPV-	Negative	NA	Negative	Nature2015_nature14129_SuppTable1.2
TCGA-CR-7399	TCGA-CR-7399	HPV-	Negative	NA	Negative	Nature2015_nature14129_SuppTable1.2
TCGA-CR-7401	TCGA-CR-7401	HPV-	Negative	NA	Positive	Nature2015_nature14129_SuppTable1.2
TCGA-CR-7402	TCGA-CR-7402	HPV-	Negative	NA	Positive	Nature2015_nature14129_SuppTable1.2
TCGA-CR-7404	TCGA-CR-7404	HPV+	Positive	NA	Negative	Nature2015_nature14129_SuppTable1.2
TCGA-CV-5430	TCGA-CV-5430	HPV-	Negative	NA	Negative	Nature2015_nature14129_SuppTable1.2
TCGA-CV-5431	TCGA-CV-5431	HPV-	Negative	NA	Negative	Nature2015_nature14129_SuppTable1.2
TCGA-CV-5432	TCGA-CV-5432	HPV-	Negative	NA	Negative	Nature2015_nature14129_SuppTable1.2
TCGA-CV-5434	TCGA-CV-5434	HPV-	Negative	NA	Negative	Nature2015_nature14129_SuppTable1.2
TCGA-CV-5435	TCGA-CV-5435	HPV-	Negative	NA	Negative	Nature2015_nature14129_SuppTable1.2
TCGA-CV-5436	TCGA-CV-5436	HPV-	Negative	NA	Negative	Nature2015_nature14129_SuppTable1.2
TCGA-CV-5439	TCGA-CV-5439	HPV-	Negative	NA	Negative	Nature2015_nature14129_SuppTable1.2
TCGA-CV-5440	TCGA-CV-5440	HPV-	Negative	NA	Negative	Nature2015_nature14129_SuppTable1.2
TCGA-CV-5441	TCGA-CV-5441	HPV-	Negative	NA	Negative	Nature2015_nature14129_SuppTable1.2
TCGA-CV-5442	TCGA-CV-5442	HPV+	Positive	NA	Positive	Nature2015_nature14129_SuppTable1.2
TCGA-CV-5443	TCGA-CV-5443	HPV+	Positive	NA	Positive	Nature2015_nature14129_SuppTable1.2
TCGA-CV-5444	TCGA-CV-5444	HPV-	Negative	NA	Negative	Nature2015_nature14129_SuppTable1.2
TCGA-CV-5966	TCGA-CV-5966	HPV-	Negative	NA	Negative	Nature2015_nature14129_SuppTable1.2
TCGA-CV-5970	TCGA-CV-5970	HPV-	Negative	NA	Negative	Nature2015_nature14129_SuppTable1.2
TCGA-CV-5971	TCGA-CV-5971	HPV+	Positive	definite	Positive	Nature2015_nature14129_SuppTable1.2
TCGA-CV-5973	TCGA-CV-5973	HPV-	Negative	NA	Negative	Nature2015_nature14129_SuppTable1.2
TCGA-CV-5976	TCGA-CV-5976	HPV-	Negative	NA	Negative	Nature2015_nature14129_SuppTable1.2
TCGA-CV-5977	TCGA-CV-5977	HPV-	Negative	NA	Negative	Nature2015_nature14129_SuppTable1.2
TCGA-CV-5978	TCGA-CV-5978	HPV-	Negative	NA	Negative	Nature2015_nature14129_SuppTable1.2
TCGA-CV-5979	TCGA-CV-5979	HPV-	Negative	NA	Negative	Nature2015_nature14129_SuppTable1.2
TCGA-CV-6003	TCGA-CV-6003	HPV-	Negative	NA	Negative	Nature2015_nature14129_SuppTable1.2
TCGA-CV-6433	TCGA-CV-6433	HPV+	Positive	NA	Positive	Nature2015_nature14129_SuppTable1.2
TCGA-CV-6436	TCGA-CV-6436	HPV-	Negative	NA	Negative	Nature2015_nature14129_SuppTable1.2
TCGA-CV-6441	TCGA-CV-6441	HPV-	Negative	NA	Negative	Nature2015_nature14129_SuppTable1.2
TCGA-CV-6933	TCGA-CV-6933	HPV-	Negative	NA	Negative	Nature2015_nature14129_SuppTable1.2
TCGA-CV-6934	TCGA-CV-6934	HPV-	Negative	NA	Negative	Nature2015_nature14129_SuppTable1.2
TCGA-CV-6935	TCGA-CV-6935	HPV-	Negative	NA	Negative	Nature2015_nature14129_SuppTable1.2
TCGA-CV-6936	TCGA-CV-6936	HPV-	Negative	NA	Negative	Nature2015_nature14129_SuppTable1.2
TCGA-CV-6937	TCGA-CV-6937	HPV-	Negative	NA	Negative	Nature2015_nature14129_SuppTable1.2
TCGA-CV-6938	TCGA-CV-6938	HPV-	Negative	NA	Negative	Nature2015_nature14129_SuppTable1.2
TCGA-CV-6939	TCGA-CV-6939	HPV+	Positive	definite	Positive	Nature2015_nature14129_SuppTable1.2
TCGA-CV-6940	TCGA-CV-6940	HPV-	Negative	NA	Negative	Nature2015_nature14129_SuppTable1.2
TCGA-CV-6941	TCGA-CV-6941	HPV-	Negative	NA	Positive	Nature2015_nature14129_SuppTable1.2
TCGA-CV-6942	TCGA-CV-6942	HPV-	Negative	NA	Negative	Nature2015_nature14129_SuppTable1.2
TCGA-CV-6943	TCGA-CV-6943	HPV-	Negative	NA	Negative	Nature2015_nature14129_SuppTable1.2
TCGA-CV-6945	TCGA-CV-6945	HPV-	Negative	NA	Negative	Nature2015_nature14129_SuppTable1.2
TCGA-CV-6948	TCGA-CV-6948	HPV-	Negative	NA	Negative	Nature2015_nature14129_SuppTable1.2
TCGA-CV-6950	TCGA-CV-6950	HPV-	Negative	NA	Negative	Nature2015_nature14129_SuppTable1.2
TCGA-CV-6951	TCGA-CV-6951	HPV-	Negative	NA	Negative	Nature2015_nature14129_SuppTable1.2
TCGA-CV-6952	TCGA-CV-6952	HPV-	Negative	NA	Negative	Nature2015_nature14129_SuppTable1.2
TCGA-CV-6953	TCGA-CV-6953	HPV-	Negative	NA	Negative	Nature2015_nature14129_SuppTable1.2
TCGA-CV-6954	TCGA-CV-6954	HPV-	Negative	NA	Negative	Nature2015_nature14129_SuppTable1.2
TCGA-CV-6955	TCGA-CV-6955	HPV-	Negative	NA	Negative	Nature2015_nature14129_SuppTable1.2
TCGA-CV-6956	TCGA-CV-6956	HPV-	Negative	NA	Negative	Nature2015_nature14129_SuppTable1.2
TCGA-CV-6959	TCGA-CV-6959	HPV-	Negative	NA	Negative	Nature2015_nature14129_SuppTable1.2
TCGA-CV-6960	TCGA-CV-6960	HPV-	Negative	NA	Negative	Nature2015_nature14129_SuppTable1.2
TCGA-CV-6961	TCGA-CV-6961	HPV+	Positive	NA	Positive	Nature2015_nature14129_SuppTable1.2
TCGA-CV-6962	TCGA-CV-6962	HPV-	Negative	NA	Negative	Nature2015_nature14129_SuppTable1.2
TCGA-CV-7089	TCGA-CV-7089	HPV-	Negative	NA	Negative	Nature2015_nature14129_SuppTable1.2
TCGA-CV-7090	TCGA-CV-7090	HPV-	Negative	NA	Negative	Nature2015_nature14129_SuppTable1.2
TCGA-CV-7091	TCGA-CV-7091	HPV-	Negative	NA	Negative	Nature2015_nature14129_SuppTable1.2
TCGA-CV-7095	TCGA-CV-7095	HPV-	Negative	NA	Negative	Nature2015_nature14129_SuppTable1.2
TCGA-CV-7097	TCGA-CV-7097	HPV-	Negative	NA	Positive	Nature2015_nature14129_SuppTable1.2
TCGA-CV-7099	TCGA-CV-7099	HPV-	Negative	NA	Negative	Nature2015_nature14129_SuppTable1.2
TCGA-CV-7100	TCGA-CV-7100	HPV+	Positive	NA	Positive	Nature2015_nature14129_SuppTable1.2
TCGA-CV-7101	TCGA-CV-7101	HPV-	Negative	NA	Positive	Nature2015_nature14129_SuppTable1.2
TCGA-CV-7102	TCGA-CV-7102	HPV-	Negative	NA	Positive	Nature2015_nature14129_SuppTable1.2
TCGA-CV-7103	TCGA-CV-7103	HPV-	Negative	NA	Positive	Nature2015_nature14129_SuppTable1.2
TCGA-CV-7104	TCGA-CV-7104	HPV-	Negative	NA	Positive	Nature2015_nature14129_SuppTable1.2
TCGA-CV-7177	TCGA-CV-7177	HPV-	Negative	NA	Negative	Nature2015_nature14129_SuppTable1.2
TCGA-CV-7178	TCGA-CV-7178	HPV-	Negative	NA	Negative	Nature2015_nature14129_SuppTable1.2
TCGA-CV-7180	TCGA-CV-7180	HPV-	Negative	NA	Negative	Nature2015_nature14129_SuppTable1.2
TCGA-CV-7183	TCGA-CV-7183	HPV-	Negative	NA	Negative	Nature2015_nature14129_SuppTable1.2
TCGA-CV-7235	TCGA-CV-7235	HPV-	Negative	NA	Negative	Nature2015_nature14129_SuppTable1.2
TCGA-CV-7236	TCGA-CV-7236	HPV-	Negative	NA	Negative	Nature2015_nature14129_SuppTable1.2
TCGA-CV-7238	TCGA-CV-7238	HPV-	Negative	NA	Negative	Nature2015_nature14129_SuppTable1.2
TCGA-CV-7242	TCGA-CV-7242	HPV-	Negative	NA	Negative	Nature2015_nature14129_SuppTable1.2
TCGA-CV-7243	TCGA-CV-7243	HPV-	Negative	NA	Negative	Nature2015_nature14129_SuppTable1.2
TCGA-CV-7245	TCGA-CV-7245	HPV-	Negative	NA	Negative	Nature2015_nature14129_SuppTable1.2
TCGA-CV-7247	TCGA-CV-7247	HPV-	Negative	NA	Negative	Nature2015_nature14129_SuppTable1.2
TCGA-CV-7248	TCGA-CV-7248	HPV-	Negative	NA	Negative	Nature2015_nature14129_SuppTable1.2
TCGA-CV-7250	TCGA-CV-7250	HPV-	Negative	NA	Negative	Nature2015_nature14129_SuppTable1.2
TCGA-CV-7252	TCGA-CV-7252	HPV-	Negative	NA	Negative	Nature2015_nature14129_SuppTable1.2
TCGA-CV-7253	TCGA-CV-7253	HPV-	Negative	NA	Negative	Nature2015_nature14129_SuppTable1.2
TCGA-CV-7254	TCGA-CV-7254	HPV-	Negative	NA	Negative	Nature2015_nature14129_SuppTable1.2
TCGA-CV-7255	TCGA-CV-7255	HPV-	Negative	NA	Negative	Nature2015_nature14129_SuppTable1.2
TCGA-CV-7261	TCGA-CV-7261	HPV-	Negative	NA	Negative	Nature2015_nature14129_SuppTable1.2
TCGA-CV-7263	TCGA-CV-7263	HPV-	Negative	NA	Negative	Nature2015_nature14129_SuppTable1.2
TCGA-CV-7406	TCGA-CV-7406	HPV+	Positive	NA	Positive	Nature2015_nature14129_SuppTable1.2
TCGA-CV-7407	TCGA-CV-7407	HPV-	Negative	NA	Negative	Nature2015_nature14129_SuppTable1.2
TCGA-CV-7410	TCGA-CV-7410	HPV-	Negative	NA	Negative	Nature2015_nature14129_SuppTable1.2
TCGA-CV-7411	TCGA-CV-7411	HPV-	Negative	NA	Negative	Nature2015_nature14129_SuppTable1.2
TCGA-CV-7413	TCGA-CV-7413	HPV-	Negative	NA	Negative	Nature2015_nature14129_SuppTable1.2
TCGA-CV-7414	TCGA-CV-7414	HPV-	Negative	NA	Negative	Nature2015_nature14129_SuppTable1.2
TCGA-CV-7415	TCGA-CV-7415	HPV-	Negative	NA	Negative	Nature2015_nature14129_SuppTable1.2
TCGA-CV-7416	TCGA-CV-7416	HPV-	Negative	NA	Negative	Nature2015_nature14129_SuppTable1.2
TCGA-CV-7418	TCGA-CV-7418	HPV-	Negative	NA	Negative	Nature2015_nature14129_SuppTable1.2
TCGA-CV-7421	TCGA-CV-7421	HPV-	Negative	NA	Negative	Nature2015_nature14129_SuppTable1.2
TCGA-CV-7422	TCGA-CV-7422	HPV-	Negative	NA	Negative	Nature2015_nature14129_SuppTable1.2
TCGA-CV-7423	TCGA-CV-7423	HPV-	Negative	NA	Negative	Nature2015_nature14129_SuppTable1.2
TCGA-CV-7424	TCGA-CV-7424	HPV-	Negative	NA	Negative	Nature2015_nature14129_SuppTable1.2
TCGA-CV-7427	TCGA-CV-7427	HPV-	Negative	NA	Negative	Nature2015_nature14129_SuppTable1.2
TCGA-CV-7429	TCGA-CV-7429	HPV-	Negative	NA	Negative	Nature2015_nature14129_SuppTable1.2
TCGA-CV-7430	TCGA-CV-7430	HPV-	Negative	NA	Negative	Nature2015_nature14129_SuppTable1.2
TCGA-CV-7432	TCGA-CV-7432	HPV-	Negative	NA	Negative	Nature2015_nature14129_SuppTable1.2
TCGA-CV-7433	TCGA-CV-7433	HPV-	Negative	NA	Negative	Nature2015_nature14129_SuppTable1.2
TCGA-CV-7434	TCGA-CV-7434	HPV-	Negative	NA	Negative	Nature2015_nature14129_SuppTable1.2
TCGA-CV-7435	TCGA-CV-7435	HPV-	Negative	NA	Negative	Nature2015_nature14129_SuppTable1.2
TCGA-CV-7437	TCGA-CV-7437	HPV-	Negative	NA	Negative	Nature2015_nature14129_SuppTable1.2
TCGA-CV-7438	TCGA-CV-7438	HPV-	Negative	NA	Negative	Nature2015_nature14129_SuppTable1.2
TCGA-CV-7440	TCGA-CV-7440	HPV-	Negative	NA	Negative	Nature2015_nature14129_SuppTable1.2
TCGA-CX-7082	TCGA-CX-7082	HPV-	Negative	NA	Negative	Nature2015_nature14129_SuppTable1.2
TCGA-CX-7085	TCGA-CX-7085	HPV-	Negative	NA	Negative	Nature2015_nature14129_SuppTable1.2
TCGA-CX-7086	TCGA-CX-7086	HPV-	Negative	NA	Negative	Nature2015_nature14129_SuppTable1.2
TCGA-CX-7219	TCGA-CX-7219	HPV-	Negative	NA	Negative	Nature2015_nature14129_SuppTable1.2
TCGA-D6-6515	TCGA-D6-6515	HPV-	Negative	NA	Negative	Nature2015_nature14129_SuppTable1.2
TCGA-D6-6516	TCGA-D6-6516	HPV-	Negative	NA	Negative	Nature2015_nature14129_SuppTable1.2
TCGA-D6-6517	TCGA-D6-6517	HPV-	Negative	NA	Negative	Nature2015_nature14129_SuppTable1.2
TCGA-D6-6823	TCGA-D6-6823	HPV-	Negative	NA	Negative	Nature2015_nature14129_SuppTable1.2
TCGA-D6-6824	TCGA-D6-6824	HPV-	Negative	NA	Negative	Nature2015_nature14129_SuppTable1.2
TCGA-D6-6825	TCGA-D6-6825	HPV-	Negative	NA	Negative	Nature2015_nature14129_SuppTable1.2
TCGA-D6-6826	TCGA-D6-6826	HPV-	Negative	NA	Negative	Nature2015_nature14129_SuppTable1.2
TCGA-DQ-5624	TCGA-DQ-5624	HPV-	Negative	NA	Negative	Nature2015_nature14129_SuppTable1.2
TCGA-DQ-5625	TCGA-DQ-5625	HPV-	Negative	NA	Negative	Nature2015_nature14129_SuppTable1.2
TCGA-DQ-5629	TCGA-DQ-5629	HPV-	Negative	NA	Positive	Nature2015_nature14129_SuppTable1.2
TCGA-DQ-5630	TCGA-DQ-5630	HPV-	Negative	NA	Indeterminate	Nature2015_nature14129_SuppTable1.2
TCGA-DQ-5631	TCGA-DQ-5631	HPV-	Negative	NA	Positive	Nature2015_nature14129_SuppTable1.2
TCGA-DQ-7588	TCGA-DQ-7588	HPV-	Negative	NA	Negative	Nature2015_nature14129_SuppTable1.2
TCGA-DQ-7591	TCGA-DQ-7591	HPV+	Positive	NA	Positive	Nature2015_nature14129_SuppTable1.2
TCGA-DQ-7592	TCGA-DQ-7592	HPV-	Negative	NA	Negative	Nature2015_nature14129_SuppTable1.2
TCGA-F7-7848	TCGA-F7-7848	HPV-	Negative	NA	Negative	Nature2015_nature14129_SuppTable1.2
TCGA-H7-7774	TCGA-H7-7774	HPV-	Negative	NA	Negative	Nature2015_nature14129_SuppTable1.2
TCGA-HD-7229	TCGA-HD-7229	HPV-	Negative	NA	Negative	Nature2015_nature14129_SuppTable1.2
TCGA-HD-7753	TCGA-HD-7753	HPV-	Negative	NA	Negative	Nature2015_nature14129_SuppTable1.2
TCGA-HD-7754	TCGA-HD-7754	HPV+	Positive	NA	Positive	Nature2015_nature14129_SuppTable1.2
TCGA-HD-7831	TCGA-HD-7831	HPV-	Negative	NA	Positive	Nature2015_nature14129_SuppTable1.2
TCGA-HD-7832	TCGA-HD-7832	HPV+	Positive	NA	Positive	Nature2015_nature14129_SuppTable1.2
TCGA-IQ-7630	TCGA-IQ-7630	HPV-	Negative	NA	Negative	Nature2015_nature14129_SuppTable1.2
TCGA-IQ-7631	TCGA-IQ-7631	HPV-	Negative	NA	Negative	Nature2015_nature14129_SuppTable1.2
TCGA-IQ-7632	TCGA-IQ-7632	HPV-	Negative	NA	Negative	Nature2015_nature14129_SuppTable1.2
