target	labeled_cases	total_cases	coverage	applicable_cases	coverage_applicable
hpv_status	562	9547	0.058867	719	0.781641
immune_subtype	8237	9547	0.862784	9547	0.862784
msi_status	650	9547	0.068084	809	0.803461
pam50_subtype	942	9547	0.098670	1055	0.892891
tumor_grade	3790	9547	0.396983	9547	0.396983
stage	6338	9547	0.663873	9547	0.663873
os_status	9526	9547	0.997800	9547	0.997800
tp53_mutated	8710	9547	0.912328	9547	0.912328
kras_mutated	8710	9547	0.912328	9547	0.912328
tumor_purity	8902	9547	0.932440	9547	0.932440
