case_id	project_dir	hpv_status	hpv_source	hpv_conflict	hpv_score_viral	hpv_status_from_viral_threshold6
TCGA-2W-A8YY	TCGA-CESC	Unknown	nature2017_cesc_missing_case	0	0.746008	HPV-
TCGA-4J-AA1J	TCGA-CESC	Unknown	nature2017_cesc_missing_case	0	1000.880104	HPV+
TCGA-4P-AA8J	TCGA-HNSC	HPV-	cbio_subtype_hnsc	0	1.165072	HPV-
TCGA-BA-4074	TCGA-HNSC	HPV-	cbio_subtype_hnsc	0	0.769612	HPV-
TCGA-BA-4075	TCGA-HNSC	Unknown	cbio_subtype_hnsc_missing_case	0	0.437487	HPV-
TCGA-BA-4076	TCGA-HNSC	HPV-	cbio_subtype_hnsc	0	0.775370	HPV-
TCGA-BA-4077	TCGA-HNSC	HPV+	nature2015_hnsc_fallback	0	203.278171	HPV+
TCGA-BA-4078	TCGA-HNSC	HPV-	cbio_subtype_hnsc	0	0.956195	HPV-
TCGA-BA-5149	TCGA-HNSC	HPV-	cbio_subtype_hnsc	0	2.480578	HPV-
TCGA-BA-5151	TCGA-HNSC	HPV-	cbio_subtype_hnsc	0	0.964914	HPV-
TCGA-BA-5152	TCGA-HNSC	HPV-	cbio_subtype_hnsc	0	0.727335	HPV-
TCGA-BA-5153	TCGA-HNSC	HPV+	cbio_subtype_hnsc	0	297.590627	HPV+
TCGA-BA-5555	TCGA-HNSC	HPV-	cbio_subtype_hnsc	0	2.123449	HPV-
TCGA-BA-5556	TCGA-HNSC	HPV-	cbio_subtype_hnsc	0	1.859543	HPV-
TCGA-BA-5557	TCGA-HNSC	HPV-	cbio_subtype_hnsc	0	1.890378	HPV-
TCGA-BA-5558	TCGA-HNSC	HPV-	cbio_subtype_hnsc	0	2.535474	HPV-
TCGA-BA-5559	TCGA-HNSC	HPV+	cbio_subtype_hnsc	0	144.281231	HPV+
TCGA-BA-6868	TCGA-HNSC	HPV-	cbio_subtype_hnsc	0	0.778614	HPV-
TCGA-BA-6869	TCGA-HNSC	HPV+	cbio_subtype_hnsc	1	1.319940	HPV-
TCGA-BA-6870	TCGA-HNSC	HPV-	cbio_subtype_hnsc	0	0.913045	HPV-
TCGA-BA-6871	TCGA-HNSC	HPV-	cbio_subtype_hnsc	0	1.176596	HPV-
TCGA-BA-6872	TCGA-HNSC	HPV-	cbio_subtype_hnsc	0	0.958018	HPV-
TCGA-BA-6873	TCGA-HNSC	HPV-	cbio_subtype_hnsc	0	0.925283	HPV-
TCGA-BA-7269	TCGA-HNSC	HPV-	cbio_subtype_hnsc	0	2.893184	HPV-
TCGA-BA-A6D8	TCGA-HNSC	HPV-	cbio_subtype_hnsc	0	0.740382	HPV-
TCGA-BA-A6DA	TCGA-HNSC	HPV-	cbio_subtype_hnsc	0	2.795953	HPV-
TCGA-BA-A6DB	TCGA-HNSC	HPV-	cbio_subtype_hnsc	0	0.722528	HPV-
TCGA-BA-A6DD	TCGA-HNSC	HPV-	cbio_subtype_hnsc	0	0.636140	HPV-
TCGA-BA-A6DE	TCGA-HNSC	HPV-	cbio_subtype_hnsc	0	0.752316	HPV-
TCGA-BA-A6DF	TCGA-HNSC	Unknown	cbio_subtype_hnsc_missing_case	0		
TCGA-BA-A6DG	TCGA-HNSC	HPV-	cbio_subtype_hnsc	0	1.191803	HPV-
TCGA-BA-A6DI	TCGA-HNSC	HPV-	cbio_subtype_hnsc	0	1.451667	HPV-
TCGA-BA-A6DJ	TCGA-HNSC	HPV-	cbio_subtype_hnsc	0	1.317998	HPV-
TCGA-BA-A6DL	TCGA-HNSC	HPV-	cbio_subtype_hnsc	0	0.766234	HPV-
TCGA-BA-A8YP	TCGA-HNSC	HPV-	cbio_subtype_hnsc	0	0.984310	HPV-
TCGA-BB-4217	TCGA-HNSC	HPV-	cbio_subtype_hnsc	0	2.138950	HPV-
TCGA-BB-4223	TCGA-HNSC	HPV+	cbio_subtype_hnsc	0	115.364965	HPV+
TCGA-BB-4224	TCGA-HNSC	HPV-	cbio_subtype_hnsc	0	1.300533	HPV-
TCGA-BB-4225	TCGA-HNSC	HPV+	cbio_subtype_hnsc	0	983.549805	HPV+
TCGA-BB-4227	TCGA-HNSC	HPV-	cbio_subtype_hnsc	0	0.986791	HPV-
TCGA-BB-4228	TCGA-HNSC	HPV+	cbio_subtype_hnsc	0	292.397488	HPV+
TCGA-BB-7861	TCGA-HNSC	Unknown	cbio_subtype_hnsc_missing_case	0	74.516919	HPV+
TCGA-BB-7862	TCGA-HNSC	Unknown	cbio_subtype_hnsc_missing_case	0	2.693674	HPV-
TCGA-BB-7863	TCGA-HNSC	Unknown	cbio_subtype_hnsc_missing_case	0	2.920587	HPV-
TCGA-BB-7864	TCGA-HNSC	Unknown	cbio_subtype_hnsc_missing_case	0	154.005624	HPV+
TCGA-BB-7866	TCGA-HNSC	Unknown	cbio_subtype_hnsc_missing_case	0	563.642095	HPV+
TCGA-BB-7870	TCGA-HNSC	HPV-	cbio_subtype_hnsc	0	2.447340	HPV-
TCGA-BB-7871	TCGA-HNSC	Unknown	cbio_subtype_hnsc_missing_case	0	2.423972	HPV-
TCGA-BB-7872	TCGA-HNSC	Unknown	cbio_subtype_hnsc_missing_case	0	0.987561	HPV-
TCGA-BB-8596	TCGA-HNSC	HPV-	cbio_subtype_hnsc	0	1.400163	HPV-
TCGA-BB-8601	TCGA-HNSC	HPV-	cbio_subtype_hnsc	0	1.270471	HPV-
TCGA-BB-A5HU	TCGA-HNSC	HPV-	cbio_subtype_hnsc	0	1.089800	HPV-
TCGA-BB-A5HY	TCGA-HNSC	HPV-	cbio_subtype_hnsc	0	0.792309	HPV-
TCGA-BB-A5HZ	TCGA-HNSC	HPV-	cbio_subtype_hnsc	0	1.984894	HPV-
TCGA-BB-A6UM	TCGA-HNSC	HPV+	cbio_subtype_hnsc	0	46.981386	HPV+
TCGA-BB-A6UO	TCGA-HNSC	HPV-	cbio_subtype_hnsc	0	1.277444	HPV-
TCGA-BI-A0VR	TCGA-CESC	HPV+	nature2017_cesc	0	129.684064	HPV+
TCGA-BI-A0VS	TCGA-CESC	HPV+	nature2017_cesc	0	81.924737	HPV+
TCGA-BI-A20A	TCGA-CESC	HPV+	nature2017_cesc	0	239.381739	HPV+
TCGA-C5-A0TN	TCGA-CESC	HPV+	nature2017_cesc	0	79.599787	HPV+
TCGA-C5-A1BE	TCGA-CESC	HPV+	nature2017_cesc	0	45.471119	HPV+
TCGA-C5-A1BF	TCGA-CESC	HPV+	nature2017_cesc	0	25.533557	HPV+
TCGA-C5-A1BI	TCGA-CESC	HPV+	nature2017_cesc	0	562.228919	HPV+
TCGA-C5-A1BJ	TCGA-CESC	HPV+	nature2017_cesc	0	154.241628	HPV+
TCGA-C5-A1BK	TCGA-CESC	HPV+	nature2017_cesc	0	57.947638	HPV+
TCGA-C5-A1BL	TCGA-CESC	HPV+	nature2017_cesc	0	141.317585	HPV+
TCGA-C5-A1BM	TCGA-CESC	HPV+	nature2017_cesc	0	25.531310	HPV+
TCGA-C5-A1BN	TCGA-CESC	HPV+	nature2017_cesc	0	140.362885	HPV+
TCGA-C5-A1BQ	TCGA-CESC	HPV+	nature2017_cesc	0	304.845987	HPV+
TCGA-C5-A1M5	TCGA-CESC	HPV+	nature2017_cesc	0	912.947260	HPV+
TCGA-C5-A1M6	TCGA-CESC	HPV+	nature2017_cesc	0	74.730199	HPV+
TCGA-C5-A1M7	TCGA-CESC	HPV+	nature2017_cesc	0	80.357279	HPV+
TCGA-C5-A1M8	TCGA-CESC	HPV+	nature2017_cesc	0	19.885958	HPV+
TCGA-C5-A1M9	TCGA-CESC	HPV+	nature2017_cesc	0	577.679682	HPV+
TCGA-C5-A1ME	TCGA-CESC	HPV+	nature2017_cesc	0	39.494448	HPV+
TCGA-C5-A1MF	TCGA-CESC	HPV+	nature2017_cesc	0	54.449960	HPV+
TCGA-C5-A1MH	TCGA-CESC	HPV+	nature2017_cesc	0	108.601570	HPV+
TCGA-C5-A1MI	TCGA-CESC	HPV+	nature2017_cesc	0	479.814975	HPV+
TCGA-C5-A1MJ	TCGA-CESC	HPV+	nature2017_cesc	0	500.912861	HPV+
TCGA-C5-A1MK	TCGA-CESC	HPV+	nature2017_cesc	0	508.796195	HPV+
TCGA-C5-A1MN	TCGA-CESC	HPV+	nature2017_cesc	0	206.442330	HPV+
TCGA-C5-A1MP	TCGA-CESC	HPV+	nature2017_cesc	0	127.898898	HPV+
TCGA-C5-A1MQ	TCGA-CESC	Unknown	nature2017_cesc_missing_case	0	76.433323	HPV+
TCGA-C5-A2LS	TCGA-CESC	HPV+	nature2017_cesc	0	167.077973	HPV+
TCGA-C5-A2LT	TCGA-CESC	HPV+	nature2017_cesc	0	90.338312	HPV+
TCGA-C5-A2LV	TCGA-CESC	HPV+	nature2017_cesc	0	122.024731	HPV+
TCGA-C5-A2LX	TCGA-CESC	HPV+	nature2017_cesc	0	285.034825	HPV+
TCGA-C5-A2LY	TCGA-CESC	HPV+	nature2017_cesc	0	170.227980	HPV+
TCGA-C5-A2LZ	TCGA-CESC	HPV+	nature2017_cesc	0	370.980910	HPV+
TCGA-C5-A2M1	TCGA-CESC	HPV+	nature2017_cesc	0	153.790517	HPV+
TCGA-C5-A2M2	TCGA-CESC	HPV+	nature2017_cesc	0	347.110714	HPV+
TCGA-C5-A3HD	TCGA-CESC	HPV+	nature2017_cesc	0	612.386385	HPV+
TCGA-C5-A3HE	TCGA-CESC	HPV+	nature2017_cesc	0	81.300778	HPV+
TCGA-C5-A3HF	TCGA-CESC	HPV+	nature2017_cesc	0	363.195926	HPV+
TCGA-C5-A3HL	TCGA-CESC	HPV+	nature2017_cesc	0	390.484251	HPV+
TCGA-C5-A7CG	TCGA-CESC	HPV+	nature2017_cesc	0	422.879559	HPV+
TCGA-C5-A7CH	TCGA-CESC	HPV+	nature2017_cesc	0	469.864219	HPV+
TCGA-C5-A7CJ	TCGA-CESC	HPV+	nature2017_cesc	0	187.413389	HPV+
TCGA-C5-A7CK	TCGA-CESC	HPV+	nature2017_cesc	0	274.122492	HPV+
TCGA-C5-A7CL	TCGA-CESC	HPV+	nature2017_cesc	0	160.485622	HPV+
TCGA-C5-A7CM	TCGA-CESC	HPV+	nature2017_cesc	0	29.613094	HPV+
TCGA-C5-A7CO	TCGA-CESC	Unknown	nature2017_cesc_missing_case	0	218.215801	HPV+
TCGA-C5-A7UC	TCGA-CESC	Unknown	nature2017_cesc_missing_case	0	103.288458	HPV+
TCGA-C5-A7UE	TCGA-CESC	HPV+	nature2017_cesc	0	74.535325	HPV+
TCGA-C5-A7UH	TCGA-CESC	Unknown	nature2017_cesc_missing_case	0	241.458663	HPV+
TCGA-C5-A7UI	TCGA-CESC	Unknown	nature2017_cesc_missing_case	0	20.504870	HPV+
TCGA-C5-A7X3	TCGA-CESC	Unknown	nature2017_cesc_missing_case	0	319.435176	HPV+
TCGA-C5-A7X5	TCGA-CESC	Unknown	nature2017_cesc_missing_case	0	377.797262	HPV+
TCGA-C5-A7X8	TCGA-CESC	Unknown	nature2017_cesc_missing_case	0	561.473963	HPV+
TCGA-C5-A7XC	TCGA-CESC	Unknown	nature2017_cesc_missing_case	0	54.945373	HPV+
TCGA-C5-A8XH	TCGA-CESC	Unknown	nature2017_cesc_missing_case	0	140.223910	HPV+
TCGA-C5-A8XI	TCGA-CESC	Unknown	nature2017_cesc_missing_case	0	179.235239	HPV+
TCGA-C5-A8XJ	TCGA-CESC	Unknown	nature2017_cesc_missing_case	0	292.922469	HPV+
TCGA-C5-A8XK	TCGA-CESC	Unknown	nature2017_cesc_missing_case	0	181.531805	HPV+
TCGA-C5-A8YQ	TCGA-CESC	Unknown	nature2017_cesc_missing_case	0	1.010724	HPV-
TCGA-C5-A8YT	TCGA-CESC	Unknown	nature2017_cesc_missing_case	0	2.313216	HPV-
TCGA-C5-A8ZZ	TCGA-CESC	Unknown	nature2017_cesc_missing_case	0	32.248279	HPV+
TCGA-C5-A901	TCGA-CESC	Unknown	nature2017_cesc_missing_case	0	121.610060	HPV+
TCGA-C5-A902	TCGA-CESC	Unknown	nature2017_cesc_missing_case	0	229.050714	HPV+
TCGA-C5-A905	TCGA-CESC	Unknown	nature2017_cesc_missing_case	0	199.781388	HPV+
TCGA-C5-A907	TCGA-CESC	Unknown	nature2017_cesc_missing_case	0	314.156727	HPV+
TCGA-C9-A47Z	TCGA-HNSC	HPV-	cbio_subtype_hnsc	0	1.508570	HPV-
TCGA-C9-A480	TCGA-HNSC	HPV-	cbio_subtype_hnsc	0	1.322941	HPV-
TCGA-CN-4722	TCGA-HNSC	Unknown	cbio_subtype_hnsc_missing_case	0	1.052531	HPV-
TCGA-CN-4723	TCGA-HNSC	HPV-	cbio_subtype_hnsc	0	1.552018	HPV-
TCGA-CN-4725	TCGA-HNSC	HPV-	cbio_subtype_hnsc	0	1.458075	HPV-
TCGA-CN-4726	TCGA-HNSC	HPV-	cbio_subtype_hnsc	0	0.578317	HPV-
TCGA-CN-4727	TCGA-HNSC	HPV-	cbio_subtype_hnsc	0	0.885135	HPV-
TCGA-CN-4728	TCGA-HNSC	HPV-	cbio_subtype_hnsc	0	1.334659	HPV-
TCGA-CN-4729	TCGA-HNSC	HPV-	cbio_subtype_hnsc	0	0.912036	HPV-
TCGA-CN-4730	TCGA-HNSC	HPV-	cbio_subtype_hnsc	0	1.515280	HPV-
TCGA-CN-4731	TCGA-HNSC	HPV-	cbio_subtype_hnsc	0	1.241708	HPV-
TCGA-CN-4733	TCGA-HNSC	HPV-	cbio_subtype_hnsc	0	0.703706	HPV-
TCGA-CN-4734	TCGA-HNSC	Unknown	cbio_subtype_hnsc_missing_case	0	1.329958	HPV-
TCGA-CN-4735	TCGA-HNSC	HPV-	cbio_subtype_hnsc	0	0.824643	HPV-
TCGA-CN-4736	TCGA-HNSC	HPV-	cbio_subtype_hnsc	0	1.051975	HPV-
TCGA-CN-4737	TCGA-HNSC	HPV-	cbio_subtype_hnsc	0	1.651526	HPV-
TCGA-CN-4738	TCGA-HNSC	HPV-	cbio_subtype_hnsc	0	2.046373	HPV-
TCGA-CN-4739	TCGA-HNSC	HPV-	cbio_subtype_hnsc	0	2.101525	HPV-
TCGA-CN-4740	TCGA-HNSC	HPV-	cbio_subtype_hnsc	0	1.238236	HPV-
TCGA-CN-4741	TCGA-HNSC	HPV+	cbio_subtype_hnsc	0	248.969589	HPV+
TCGA-CN-4742	TCGA-HNSC	HPV-	cbio_subtype_hnsc	0	1.771232	HPV-
TCGA-CN-5355	TCGA-HNSC	HPV-	cbio_subtype_hnsc	0	1.325962	HPV-
TCGA-CN-5356	TCGA-HNSC	HPV-	cbio_subtype_hnsc	0	1.232769	HPV-
TCGA-CN-5358	TCGA-HNSC	HPV-	cbio_subtype_hnsc	0	1.739775	HPV-
TCGA-CN-5359	TCGA-HNSC	HPV-	cbio_subtype_hnsc	0	1.202748	HPV-
TCGA-CN-5360	TCGA-HNSC	HPV-	cbio_subtype_hnsc	0	0.996703	HPV-
TCGA-CN-5361	TCGA-HNSC	Unknown	cbio_subtype_hnsc_missing_case	0	1.060351	HPV-
TCGA-CN-5363	TCGA-HNSC	HPV-	cbio_subtype_hnsc	0	0.549808	HPV-
TCGA-CN-5364	TCGA-HNSC	HPV-	cbio_subtype_hnsc	0	0.879966	HPV-
TCGA-CN-5365	TCGA-HNSC	HPV-	cbio_subtype_hnsc	0	1.820390	HPV-
TCGA-CN-5366	TCGA-HNSC	HPV-	cbio_subtype_hnsc	0	1.157775	HPV-
TCGA-CN-5367	TCGA-HNSC	HPV-	cbio_subtype_hnsc	0	1.493251	HPV-
TCGA-CN-5369	TCGA-HNSC	HPV-	cbio_subtype_hnsc	0	1.300913	HPV-
TCGA-CN-5373	TCGA-HNSC	HPV-	cbio_subtype_hnsc	0	1.311889	HPV-
TCGA-CN-5374	TCGA-HNSC	HPV+	cbio_subtype_hnsc	0	122.216738	HPV+
TCGA-CN-6010	TCGA-HNSC	HPV-	cbio_subtype_hnsc	0	2.479418	HPV-
TCGA-CN-6011	TCGA-HNSC	HPV-	cbio_subtype_hnsc	0	1.410365	HPV-
TCGA-CN-6012	TCGA-HNSC	HPV-	cbio_subtype_hnsc	0	0.991028	HPV-
TCGA-CN-6013	TCGA-HNSC	HPV-	cbio_subtype_hnsc	0	1.096915	HPV-
TCGA-CN-6016	TCGA-HNSC	HPV-	cbio_subtype_hnsc	0	0.617332	HPV-
TCGA-CN-6017	TCGA-HNSC	HPV-	cbio_subtype_hnsc	0	0.615463	HPV-
TCGA-CN-6018	TCGA-HNSC	HPV-	cbio_subtype_hnsc	0	0.503067	HPV-
TCGA-CN-6019	TCGA-HNSC	HPV-	cbio_subtype_hnsc	0	0.899376	HPV-
TCGA-CN-6020	TCGA-HNSC	HPV-	cbio_subtype_hnsc	0	2.658420	HPV-
TCGA-CN-6021	TCGA-HNSC	HPV-	cbio_subtype_hnsc	0	0.584260	HPV-
TCGA-CN-6022	TCGA-HNSC	HPV-	cbio_subtype_hnsc	0	0.984707	HPV-
TCGA-CN-6023	TCGA-HNSC	HPV-	cbio_subtype_hnsc	0	0.686232	HPV-
TCGA-CN-6024	TCGA-HNSC	HPV-	cbio_subtype_hnsc	0	0.885276	HPV-
TCGA-CN-6988	TCGA-HNSC	HPV-	cbio_subtype_hnsc	0	1.300024	HPV-
TCGA-CN-6989	TCGA-HNSC	HPV-	cbio_subtype_hnsc	0	0.667936	HPV-
TCGA-CN-6992	TCGA-HNSC	HPV-	cbio_subtype_hnsc	0	0.996471	HPV-
TCGA-CN-6994	TCGA-HNSC	HPV-	cbio_subtype_hnsc	0	2.144536	HPV-
TCGA-CN-6996	TCGA-HNSC	HPV-	cbio_subtype_hnsc	0	1.232826	HPV-
TCGA-CN-6997	TCGA-HNSC	HPV-	cbio_subtype_hnsc	0	1.808251	HPV-
TCGA-CN-6998	TCGA-HNSC	HPV-	cbio_subtype_hnsc	0	2.271504	HPV-
TCGA-CN-A63T	TCGA-HNSC	HPV-	cbio_subtype_hnsc	0	1.332964	HPV-
TCGA-CN-A63U	TCGA-HNSC	HPV-	cbio_subtype_hnsc	0	1.166834	HPV-
TCGA-CN-A63V	TCGA-HNSC	HPV-	cbio_subtype_hnsc	0	1.090396	HPV-
TCGA-CN-A63W	TCGA-HNSC	HPV-	cbio_subtype_hnsc	0	1.465169	HPV-
TCGA-CN-A63Y	TCGA-HNSC	Unknown	cbio_subtype_hnsc_missing_case	0		
TCGA-CN-A640	TCGA-HNSC	Unknown	cbio_subtype_hnsc_missing_case	0		
TCGA-CN-A641	TCGA-HNSC	HPV-	cbio_subtype_hnsc	0	1.291182	HPV-
TCGA-CN-A642	TCGA-HNSC	HPV-	cbio_subtype_hnsc	0	1.395970	HPV-
TCGA-CQ-5323	TCGA-HNSC	HPV+	cbio_subtype_hnsc	0	60.870678	HPV+
TCGA-CQ-5324	TCGA-HNSC	HPV-	cbio_subtype_hnsc	0	0.822991	HPV-
TCGA-CQ-5325	TCGA-HNSC	HPV-	cbio_subtype_hnsc	0	0.831345	HPV-
TCGA-CQ-5326	TCGA-HNSC	HPV-	cbio_subtype_hnsc	0	0.746259	HPV-
TCGA-CQ-5329	TCGA-HNSC	HPV-	cbio_subtype_hnsc	0	0.518017	HPV-
TCGA-CQ-5330	TCGA-HNSC	HPV-	cbio_subtype_hnsc	0	0.989674	HPV-
TCGA-CQ-5331	TCGA-HNSC	HPV-	cbio_subtype_hnsc	0	0.743765	HPV-
TCGA-CQ-5332	TCGA-HNSC	HPV-	cbio_subtype_hnsc	0	1.011048	HPV-
TCGA-CQ-5333	TCGA-HNSC	HPV-	cbio_subtype_hnsc	0	1.365057	HPV-
TCGA-CQ-5334	TCGA-HNSC	HPV-	cbio_subtype_hnsc	0	0.970716	HPV-
TCGA-CQ-6218	TCGA-HNSC	HPV-	cbio_subtype_hnsc	0	0.845709	HPV-
TCGA-CQ-6219	TCGA-HNSC	Unknown	cbio_subtype_hnsc_missing_case	0	1.032893	HPV-
TCGA-CQ-6220	TCGA-HNSC	HPV-	cbio_subtype_hnsc	0	1.386905	HPV-
TCGA-CQ-6222	TCGA-HNSC	Unknown	cbio_subtype_hnsc_missing_case	0	0.887696	HPV-
TCGA-CQ-6223	TCGA-HNSC	HPV-	cbio_subtype_hnsc	0	0.841341	HPV-
TCGA-CQ-6224	TCGA-HNSC	HPV-	cbio_subtype_hnsc	0	0.763423	HPV-
TCGA-CQ-6225	TCGA-HNSC	HPV-	cbio_subtype_hnsc	0	1.258575	HPV-
TCGA-CQ-6227	TCGA-HNSC	HPV-	cbio_subtype_hnsc	0	1.299916	HPV-
TCGA-CQ-6228	TCGA-HNSC	HPV-	cbio_subtype_hnsc	0	0.697530	HPV-
TCGA-CQ-6229	TCGA-HNSC	HPV-	cbio_subtype_hnsc	0	1.657389	HPV-
TCGA-CQ-7063	TCGA-HNSC	HPV-	cbio_subtype_hnsc	0	1.449946	HPV-
TCGA-CQ-7064	TCGA-HNSC	Unknown	cbio_subtype_hnsc_missing_case	0		
TCGA-CQ-7065	TCGA-HNSC	HPV-	cbio_subtype_hnsc	0	2.118631	HPV-
TCGA-CQ-7067	TCGA-HNSC	Unknown	cbio_subtype_hnsc_missing_case	0	2.307955	HPV-
TCGA-CQ-7068	TCGA-HNSC	HPV-	cbio_subtype_hnsc	0	1.895604	HPV-
TCGA-CQ-7069	TCGA-HNSC	HPV-	cbio_subtype_hnsc	0	1.268529	HPV-
TCGA-CQ-7071	TCGA-HNSC	HPV-	cbio_subtype_hnsc	0	0.741650	HPV-
TCGA-CQ-7072	TCGA-HNSC	HPV-	cbio_subtype_hnsc	0	1.141021	HPV-
TCGA-CQ-A4C6	TCGA-HNSC	HPV-	cbio_subtype_hnsc	0	0.677305	HPV-
TCGA-CQ-A4C7	TCGA-HNSC	Unknown	cbio_subtype_hnsc_missing_case	0	0.906514	HPV-
TCGA-CQ-A4C9	TCGA-HNSC	HPV-	cbio_subtype_hnsc	0	0.773965	HPV-
TCGA-CQ-A4CA	TCGA-HNSC	Unknown	cbio_subtype_hnsc_missing_case	0	0.971847	HPV-
TCGA-CQ-A4CB	TCGA-HNSC	HPV-	cbio_subtype_hnsc	0	0.831516	HPV-
TCGA-CQ-A4CD	TCGA-HNSC	HPV-	cbio_subtype_hnsc	0	1.362166	HPV-
TCGA-CQ-A4CE	TCGA-HNSC	HPV-	cbio_subtype_hnsc	0	0.834740	HPV-
TCGA-CQ-A4CG	TCGA-HNSC	HPV-	cbio_subtype_hnsc	0	1.191392	HPV-
TCGA-CQ-A4CH	TCGA-HNSC	HPV-	cbio_subtype_hnsc	0	1.007057	HPV-
TCGA-CQ-A4CI	TCGA-HNSC	HPV-	cbio_subtype_hnsc	0	0.895629	HPV-
TCGA-CV-5430	TCGA-HNSC	HPV-	cbio_subtype_hnsc	0	0.755663	HPV-
TCGA-CV-5431	TCGA-HNSC	HPV-	nature2015_hnsc_fallback	0	1.966763	HPV-
TCGA-CV-5432	TCGA-HNSC	HPV-	cbio_subtype_hnsc	0	0.859905	HPV-
TCGA-CV-5434	TCGA-HNSC	HPV-	cbio_subtype_hnsc	0	1.110911	HPV-
TCGA-CV-5435	TCGA-HNSC	HPV-	cbio_subtype_hnsc	0	1.894495	HPV-
TCGA-CV-5436	TCGA-HNSC	HPV-	cbio_subtype_hnsc	0	2.122984	HPV-
TCGA-CV-5439	TCGA-HNSC	HPV-	cbio_subtype_hnsc	0	0.672408	HPV-
TCGA-CV-5440	TCGA-HNSC	HPV-	cbio_subtype_hnsc	0	1.503526	HPV-
TCGA-CV-5441	TCGA-HNSC	HPV-	cbio_subtype_hnsc	0	1.914115	HPV-
TCGA-CV-5442	TCGA-HNSC	HPV+	cbio_subtype_hnsc	0	45.663297	HPV+
TCGA-CV-5443	TCGA-HNSC	HPV+	cbio_subtype_hnsc	0	184.136886	HPV+
TCGA-CV-5444	TCGA-HNSC	HPV-	cbio_subtype_hnsc	0	1.661482	HPV-
TCGA-CV-5966	TCGA-HNSC	HPV-	cbio_subtype_hnsc	0	0.931948	HPV-
TCGA-CV-5970	TCGA-HNSC	HPV+	cbio_subtype_hnsc	1	0.761528	HPV-
TCGA-CV-5971	TCGA-HNSC	HPV+	cbio_subtype_hnsc	0	23.434299	HPV+
TCGA-CV-5973	TCGA-HNSC	HPV-	cbio_subtype_hnsc	0	0.876136	HPV-
TCGA-CV-5976	TCGA-HNSC	HPV-	cbio_subtype_hnsc	0	0.641137	HPV-
TCGA-CV-5977	TCGA-HNSC	HPV-	cbio_subtype_hnsc	0	1.101062	HPV-
TCGA-CV-5978	TCGA-HNSC	HPV-	cbio_subtype_hnsc	0	1.851251	HPV-
TCGA-CV-5979	TCGA-HNSC	HPV-	cbio_subtype_hnsc	0	0.583308	HPV-
TCGA-CV-6003	TCGA-HNSC	HPV-	cbio_subtype_hnsc	0	0.793335	HPV-
TCGA-CV-6433	TCGA-HNSC	HPV+	cbio_subtype_hnsc	0	257.684964	HPV+
TCGA-CV-6436	TCGA-HNSC	HPV-	cbio_subtype_hnsc	0	2.021028	HPV-
TCGA-CV-6441	TCGA-HNSC	HPV-	cbio_subtype_hnsc	0	0.407190	HPV-
TCGA-CV-6933	TCGA-HNSC	HPV-	cbio_subtype_hnsc	0	1.111488	HPV-
TCGA-CV-6934	TCGA-HNSC	HPV-	cbio_subtype_hnsc	0	0.765038	HPV-
TCGA-CV-6935	TCGA-HNSC	HPV-	cbio_subtype_hnsc	0	1.497306	HPV-
TCGA-CV-6936	TCGA-HNSC	HPV-	cbio_subtype_hnsc	0	1.458912	HPV-
TCGA-CV-6937	TCGA-HNSC	HPV-	cbio_subtype_hnsc	0	1.789299	HPV-
TCGA-CV-6938	TCGA-HNSC	HPV-	cbio_subtype_hnsc	0	0.206658	HPV-
TCGA-CV-6939	TCGA-HNSC	HPV+	cbio_subtype_hnsc	0	111.051455	HPV+
TCGA-CV-6940	TCGA-HNSC	HPV-	cbio_subtype_hnsc	0	0.867821	HPV-
TCGA-CV-6941	TCGA-HNSC	HPV-	cbio_subtype_hnsc	0	1.325629	HPV-
TCGA-CV-6942	TCGA-HNSC	HPV-	cbio_subtype_hnsc	0	2.334870	HPV-
TCGA-CV-6943	TCGA-HNSC	HPV-	cbio_subtype_hnsc	0	1.011883	HPV-
TCGA-CV-6945	TCGA-HNSC	HPV-	cbio_subtype_hnsc	0	2.459732	HPV-
TCGA-CV-6948	TCGA-HNSC	HPV-	cbio_subtype_hnsc	0	2.075995	HPV-
TCGA-CV-6950	TCGA-HNSC	HPV-	cbio_subtype_hnsc	0	0.705360	HPV-
TCGA-CV-6951	TCGA-HNSC	HPV-	cbio_subtype_hnsc	0	1.328559	HPV-
TCGA-CV-6952	TCGA-HNSC	HPV-	cbio_subtype_hnsc	0	2.157334	HPV-
TCGA-CV-6953	TCGA-HNSC	HPV-	cbio_subtype_hnsc	0	1.736011	HPV-
TCGA-CV-6954	TCGA-HNSC	HPV-	cbio_subtype_hnsc	0	1.302514	HPV-
TCGA-CV-6955	TCGA-HNSC	HPV-	cbio_subtype_hnsc	0	1.700954	HPV-
TCGA-CV-6956	TCGA-HNSC	HPV-	cbio_subtype_hnsc	0	2.571796	HPV-
TCGA-CV-6959	TCGA-HNSC	HPV-	cbio_subtype_hnsc	0	0.961952	HPV-
TCGA-CV-6960	TCGA-HNSC	HPV-	cbio_subtype_hnsc	0	1.258842	HPV-
TCGA-CV-6961	TCGA-HNSC	HPV+	cbio_subtype_hnsc	0	140.855072	HPV+
TCGA-CV-6962	TCGA-HNSC	HPV-	cbio_subtype_hnsc	0	0.767469	HPV-
TCGA-CV-7089	TCGA-HNSC	HPV-	cbio_subtype_hnsc	0	1.211532	HPV-
TCGA-CV-7090	TCGA-HNSC	HPV-	cbio_subtype_hnsc	0	1.364774	HPV-
TCGA-CV-7091	TCGA-HNSC	HPV-	cbio_subtype_hnsc	0	1.164979	HPV-
TCGA-CV-7095	TCGA-HNSC	HPV-	cbio_subtype_hnsc	0	1.970581	HPV-
TCGA-CV-7097	TCGA-HNSC	HPV-	cbio_subtype_hnsc	0	1.679637	HPV-
TCGA-CV-7099	TCGA-HNSC	HPV-	cbio_subtype_hnsc	0	2.774997	HPV-
TCGA-CV-7100	TCGA-HNSC	HPV+	cbio_subtype_hnsc	0	289.207273	HPV+
TCGA-CV-7101	TCGA-HNSC	HPV-	cbio_subtype_hnsc	0	1.096947	HPV-
TCGA-CV-7102	TCGA-HNSC	HPV-	cbio_subtype_hnsc	0	1.001575	HPV-
TCGA-CV-7103	TCGA-HNSC	HPV-	cbio_subtype_hnsc	0	1.108823	HPV-
TCGA-CV-7104	TCGA-HNSC	HPV-	cbio_subtype_hnsc	0	2.153792	HPV-
TCGA-CV-7177	TCGA-HNSC	HPV-	cbio_subtype_hnsc	0	0.843915	HPV-
TCGA-CV-7178	TCGA-HNSC	HPV-	cbio_subtype_hnsc	0	1.515321	HPV-
TCGA-CV-7180	TCGA-HNSC	HPV-	cbio_subtype_hnsc	0	2.039857	HPV-
TCGA-CV-7183	TCGA-HNSC	HPV-	cbio_subtype_hnsc	0	1.233533	HPV-
TCGA-CV-7235	TCGA-HNSC	HPV-	cbio_subtype_hnsc	0	1.217608	HPV-
TCGA-CV-7236	TCGA-HNSC	HPV-	cbio_subtype_hnsc	0	1.333834	HPV-
TCGA-CV-7238	TCGA-HNSC	HPV-	cbio_subtype_hnsc	0	1.334618	HPV-
TCGA-CV-7242	TCGA-HNSC	HPV-	cbio_subtype_hnsc	0	1.401794	HPV-
TCGA-CV-7243	TCGA-HNSC	HPV-	cbio_subtype_hnsc	0	2.023841	HPV-
TCGA-CV-7245	TCGA-HNSC	HPV-	cbio_subtype_hnsc	0	1.366871	HPV-
TCGA-CV-7247	TCGA-HNSC	HPV-	cbio_subtype_hnsc	0	1.487415	HPV-
TCGA-CV-7248	TCGA-HNSC	HPV-	cbio_subtype_hnsc	0	1.499647	HPV-
TCGA-CV-7250	TCGA-HNSC	HPV-	cbio_subtype_hnsc	0	1.228905	HPV-
TCGA-CV-7252	TCGA-HNSC	HPV-	cbio_subtype_hnsc	0	1.188606	HPV-
TCGA-CV-7253	TCGA-HNSC	HPV-	cbio_subtype_hnsc	0	0.947439	HPV-
TCGA-CV-7254	TCGA-HNSC	HPV-	cbio_subtype_hnsc	0	0.829002	HPV-
TCGA-CV-7255	TCGA-HNSC	HPV-	cbio_subtype_hnsc	0	1.768107	HPV-
TCGA-CV-7261	TCGA-HNSC	HPV-	cbio_subtype_hnsc	0	1.392814	HPV-
TCGA-CV-7263	TCGA-HNSC	HPV-	cbio_subtype_hnsc	0	1.399833	HPV-
TCGA-CV-7406	TCGA-HNSC	HPV+	cbio_subtype_hnsc	0	26.174696	HPV+
TCGA-CV-7407	TCGA-HNSC	HPV-	cbio_subtype_hnsc	0	1.342369	HPV-
TCGA-CV-7409	TCGA-HNSC	Unknown	cbio_subtype_hnsc_missing_case	0	2.022356	HPV-
TCGA-CV-7410	TCGA-HNSC	HPV-	cbio_subtype_hnsc	0	2.067123	HPV-
TCGA-CV-7411	TCGA-HNSC	HPV-	cbio_subtype_hnsc	0	1.138971	HPV-
TCGA-CV-7413	TCGA-HNSC	HPV-	cbio_subtype_hnsc	0	1.605630	HPV-
TCGA-CV-7414	TCGA-HNSC	HPV-	cbio_subtype_hnsc	0	1.431558	HPV-
TCGA-CV-7415	TCGA-HNSC	HPV-	cbio_subtype_hnsc	0	1.961258	HPV-
TCGA-CV-7416	TCGA-HNSC	HPV-	cbio_subtype_hnsc	0	2.021058	HPV-
TCGA-CV-7418	TCGA-HNSC	HPV-	cbio_subtype_hnsc	0	2.067153	HPV-
TCGA-CV-7421	TCGA-HNSC	HPV-	cbio_subtype_hnsc	0	1.198567	HPV-
TCGA-CV-7422	TCGA-HNSC	HPV-	cbio_subtype_hnsc	0	1.408142	HPV-
TCGA-CV-7423	TCGA-HNSC	HPV-	cbio_subtype_hnsc	0	1.661718	HPV-
TCGA-CV-7424	TCGA-HNSC	HPV-	cbio_subtype_hnsc	0	1.770023	HPV-
TCGA-CV-7425	TCGA-HNSC	HPV-	cbio_subtype_hnsc	0	1.216123	HPV-
TCGA-CV-7427	TCGA-HNSC	HPV-	cbio_subtype_hnsc	0	0.923162	HPV-
TCGA-CV-7428	TCGA-HNSC	Unknown	cbio_subtype_hnsc_missing_case	0	1.241890	HPV-
TCGA-CV-7429	TCGA-HNSC	HPV-	cbio_subtype_hnsc	0	1.024766	HPV-
TCGA-CV-7430	TCGA-HNSC	HPV-	cbio_subtype_hnsc	0	1.273096	HPV-
TCGA-CV-7432	TCGA-HNSC	HPV-	cbio_subtype_hnsc	0	1.288137	HPV-
TCGA-CV-7433	TCGA-HNSC	HPV-	cbio_subtype_hnsc	0	2.125426	HPV-
TCGA-CV-7434	TCGA-HNSC	HPV-	cbio_subtype_hnsc	0	2.018758	HPV-
TCGA-CV-7435	TCGA-HNSC	HPV-	cbio_subtype_hnsc	0	1.116096	HPV-
TCGA-CV-7437	TCGA-HNSC	HPV-	cbio_subtype_hnsc	0	1.081175	HPV-
TCGA-CV-7438	TCGA-HNSC	HPV-	cbio_subtype_hnsc	0	0.843742	HPV-
TCGA-CV-7440	TCGA-HNSC	HPV-	cbio_subtype_hnsc	0	0.722712	HPV-
TCGA-CV-7446	TCGA-HNSC	Unknown	cbio_subtype_hnsc_missing_case	0	1.379185	HPV-
TCGA-CV-7568	TCGA-HNSC	Unknown	cbio_subtype_hnsc_missing_case	0	2.830824	HPV-
TCGA-CV-A45O	TCGA-HNSC	HPV-	cbio_subtype_hnsc	0	0.880800	HPV-
TCGA-CV-A45P	TCGA-HNSC	HPV-	cbio_subtype_hnsc	0	1.124342	HPV-
TCGA-CV-A45Q	TCGA-HNSC	HPV-	cbio_subtype_hnsc	0	4.583186	HPV-
TCGA-CV-A45R	TCGA-HNSC	HPV-	cbio_subtype_hnsc	0	0.731021	HPV-
TCGA-CV-A45T	TCGA-HNSC	HPV-	cbio_subtype_hnsc	0	0.803466	HPV-
TCGA-CV-A45U	TCGA-HNSC	HPV-	cbio_subtype_hnsc	0	0.731504	HPV-
TCGA-CV-A45V	TCGA-HNSC	HPV-	cbio_subtype_hnsc	0	0.784997	HPV-
TCGA-CV-A45W	TCGA-HNSC	HPV-	cbio_subtype_hnsc	0	0.452077	HPV-
TCGA-CV-A45X	TCGA-HNSC	HPV-	cbio_subtype_hnsc	0	1.056363	HPV-
TCGA-CV-A45Y	TCGA-HNSC	HPV-	cbio_subtype_hnsc	0	0.880310	HPV-
TCGA-CV-A45Z	TCGA-HNSC	HPV-	cbio_subtype_hnsc	0	0.839442	HPV-
TCGA-CV-A460	TCGA-HNSC	HPV-	cbio_subtype_hnsc	0	0.681489	HPV-
TCGA-CV-A461	TCGA-HNSC	HPV-	cbio_subtype_hnsc	0	0.717927	HPV-
TCGA-CV-A463	TCGA-HNSC	HPV-	cbio_subtype_hnsc	0	1.363890	HPV-
TCGA-CV-A464	TCGA-HNSC	HPV-	cbio_subtype_hnsc	0	1.083640	HPV-
TCGA-CV-A465	TCGA-HNSC	HPV-	cbio_subtype_hnsc	0	1.482232	HPV-
TCGA-CV-A468	TCGA-HNSC	HPV-	cbio_subtype_hnsc	0	1.143694	HPV-
TCGA-CV-A6JD	TCGA-HNSC	HPV-	cbio_subtype_hnsc	0	0.605807	HPV-
TCGA-CV-A6JE	TCGA-HNSC	HPV-	cbio_subtype_hnsc	0	2.774551	HPV-
TCGA-CV-A6JM	TCGA-HNSC	HPV-	cbio_subtype_hnsc	0	4.267106	HPV-
TCGA-CV-A6JN	TCGA-HNSC	HPV-	cbio_subtype_hnsc	0	1.917239	HPV-
TCGA-CV-A6JO	TCGA-HNSC	HPV-	cbio_subtype_hnsc	0	1.237961	HPV-
TCGA-CV-A6JT	TCGA-HNSC	HPV-	cbio_subtype_hnsc	0	1.739032	HPV-
TCGA-CV-A6JU	TCGA-HNSC	HPV-	cbio_subtype_hnsc	0	1.615164	HPV-
TCGA-CV-A6JY	TCGA-HNSC	HPV-	cbio_subtype_hnsc	0	0.528027	HPV-
TCGA-CV-A6JZ	TCGA-HNSC	HPV-	cbio_subtype_hnsc	0	0.666261	HPV-
TCGA-CV-A6K0	TCGA-HNSC	HPV-	cbio_subtype_hnsc	0	0.824272	HPV-
TCGA-CV-A6K1	TCGA-HNSC	HPV-	cbio_subtype_hnsc	0	1.141110	HPV-
TCGA-CV-A6K2	TCGA-HNSC	HPV-	cbio_subtype_hnsc	0	1.161162	HPV-
TCGA-CX-7082	TCGA-HNSC	HPV-	nature2015_hnsc_fallback	0	1.332279	HPV-
TCGA-CX-7085	TCGA-HNSC	HPV-	cbio_subtype_hnsc	0	1.283073	HPV-
TCGA-CX-7086	TCGA-HNSC	HPV-	cbio_subtype_hnsc	0	1.265121	HPV-
TCGA-CX-7219	TCGA-HNSC	HPV-	cbio_subtype_hnsc	0	1.359456	HPV-
TCGA-CX-A4AQ	TCGA-HNSC	HPV-	cbio_subtype_hnsc	0	0.727279	HPV-
TCGA-D6-6515	TCGA-HNSC	HPV-	cbio_subtype_hnsc	0	0.672766	HPV-
TCGA-D6-6516	TCGA-HNSC	HPV-	cbio_subtype_hnsc	0	1.288438	HPV-
TCGA-D6-6517	TCGA-HNSC	HPV-	cbio_subtype_hnsc	0	0.886789	HPV-
TCGA-D6-6823	TCGA-HNSC	HPV-	cbio_subtype_hnsc	0	1.220323	HPV-
TCGA-D6-6824	TCGA-HNSC	HPV-	cbio_subtype_hnsc	0	1.467320	HPV-
TCGA-D6-6825	TCGA-HNSC	HPV-	cbio_subtype_hnsc	0	1.613068	HPV-
TCGA-D6-6826	TCGA-HNSC	HPV-	cbio_subtype_hnsc	0	1.217658	HPV-
TCGA-D6-6827	TCGA-HNSC	HPV-	cbio_subtype_hnsc	0	0.781098	HPV-
TCGA-D6-8568	TCGA-HNSC	HPV-	cbio_subtype_hnsc	0	1.218178	HPV-
TCGA-D6-8569	TCGA-HNSC	HPV-	cbio_subtype_hnsc	0	1.234241	HPV-
TCGA-D6-A4Z9	TCGA-HNSC	HPV-	cbio_subtype_hnsc	0	1.059250	HPV-
TCGA-D6-A4ZB	TCGA-HNSC	HPV-	cbio_subtype_hnsc	0	0.960506	HPV-
TCGA-D6-A6EK	TCGA-HNSC	HPV-	cbio_subtype_hnsc	0	1.140442	HPV-
TCGA-D6-A6EM	TCGA-HNSC	HPV-	cbio_subtype_hnsc	0	0.750616	HPV-
TCGA-D6-A6EN	TCGA-HNSC	HPV-	cbio_subtype_hnsc	0	1.368126	HPV-
TCGA-D6-A6EO	TCGA-HNSC	HPV-	cbio_subtype_hnsc	0	0.454251	HPV-
TCGA-D6-A6EP	TCGA-HNSC	HPV-	cbio_subtype_hnsc	0	0.526771	HPV-
TCGA-D6-A6EQ	TCGA-HNSC	HPV-	cbio_subtype_hnsc	0	0.830443	HPV-
TCGA-D6-A6ES	TCGA-HNSC	HPV-	cbio_subtype_hnsc	0	4.413564	HPV-
TCGA-D6-A74Q	TCGA-HNSC	HPV-	cbio_subtype_hnsc	0	1.027663	HPV-
TCGA-DG-A2KH	TCGA-CESC	HPV+	nature2017_cesc	0	285.130790	HPV+
TCGA-DG-A2KJ	TCGA-CESC	HPV+	nature2017_cesc	0	6.264414	HPV+
TCGA-DG-A2KK	TCGA-CESC	HPV+	nature2017_cesc	0	423.731476	HPV+
TCGA-DG-A2KL	TCGA-CESC	HPV+	nature2017_cesc	0	224.314083	HPV+
TCGA-DG-A2KM	TCGA-CESC	HPV+	nature2017_cesc	0	29.267818	HPV+
TCGA-DQ-5624	TCGA-HNSC	HPV-	cbio_subtype_hnsc	0	1.258708	HPV-
TCGA-DQ-5625	TCGA-HNSC	HPV-	cbio_subtype_hnsc	0	0.785933	HPV-
TCGA-DQ-5629	TCGA-HNSC	HPV-	cbio_subtype_hnsc	0	0.950322	HPV-
TCGA-DQ-5630	TCGA-HNSC	HPV-	cbio_subtype_hnsc	0	0.687204	HPV-
TCGA-DQ-5631	TCGA-HNSC	HPV-	cbio_subtype_hnsc	0	1.266969	HPV-
TCGA-DQ-7588	TCGA-HNSC	HPV-	cbio_subtype_hnsc	0	1.365551	HPV-
TCGA-DQ-7589	TCGA-HNSC	Unknown	cbio_subtype_hnsc_missing_case	0	2.828348	HPV-
TCGA-DQ-7590	TCGA-HNSC	Unknown	cbio_subtype_hnsc_missing_case	0	171.261157	HPV+
TCGA-DQ-7591	TCGA-HNSC	HPV+	cbio_subtype_hnsc	0	367.521349	HPV+
TCGA-DQ-7592	TCGA-HNSC	HPV-	cbio_subtype_hnsc	0	1.661146	HPV-
TCGA-DQ-7593	TCGA-HNSC	HPV+	cbio_subtype_hnsc	0	168.930118	HPV+
TCGA-DQ-7594	TCGA-HNSC	Unknown	cbio_subtype_hnsc_missing_case	0	149.837394	HPV+
TCGA-DQ-7595	TCGA-HNSC	Unknown	cbio_subtype_hnsc_missing_case	0	2.017406	HPV-
TCGA-DQ-7596	TCGA-HNSC	HPV+	cbio_subtype_hnsc	0	318.770618	HPV+
TCGA-DR-A0ZL	TCGA-CESC	HPV+	nature2017_cesc	0	196.219347	HPV+
TCGA-DR-A0ZM	TCGA-CESC	HPV-	nature2017_cesc	0	5.778084	HPV-
TCGA-DS-A0VK	TCGA-CESC	HPV+	nature2017_cesc	0	254.925504	HPV+
TCGA-DS-A0VM	TCGA-CESC	HPV+	nature2017_cesc	0	333.990519	HPV+
TCGA-DS-A0VN	TCGA-CESC	HPV+	nature2017_cesc	0	176.307472	HPV+
TCGA-DS-A1O9	TCGA-CESC	Unknown	nature2017_cesc_missing_case	0	170.266971	HPV+
TCGA-DS-A1OC	TCGA-CESC	Unknown	nature2017_cesc_missing_case	0	223.067478	HPV+
TCGA-DS-A1OD	TCGA-CESC	Unknown	nature2017_cesc_missing_case	0	136.879877	HPV+
TCGA-DS-A3LQ	TCGA-CESC	HPV+	nature2017_cesc	0	111.770408	HPV+
TCGA-DS-A7WF	TCGA-CESC	Unknown	nature2017_cesc_missing_case	0	110.278332	HPV+
TCGA-DS-A7WH	TCGA-CESC	Unknown	nature2017_cesc_missing_case	0	228.930147	HPV+
TCGA-DS-A7WI	TCGA-CESC	Unknown	nature2017_cesc_missing_case	0	93.715418	HPV+
TCGA-EA-A1QS	TCGA-CESC	HPV+	nature2017_cesc	0	254.351778	HPV+
TCGA-EA-A1QT	TCGA-CESC	HPV+	nature2017_cesc	0	396.518849	HPV+
TCGA-EA-A3HQ	TCGA-CESC	HPV+	nature2017_cesc	0	406.263864	HPV+
TCGA-EA-A3HR	TCGA-CESC	HPV+	nature2017_cesc	0	605.823063	HPV+
TCGA-EA-A3HS	TCGA-CESC	Unknown	nature2017_cesc_missing_case	0	257.315741	HPV+
TCGA-EA-A3HT	TCGA-CESC	HPV+	nature2017_cesc	0	272.013027	HPV+
TCGA-EA-A3HU	TCGA-CESC	HPV+	nature2017_cesc	0	290.452042	HPV+
TCGA-EA-A3QD	TCGA-CESC	HPV+	nature2017_cesc	0	301.913523	HPV+
TCGA-EA-A3QE	TCGA-CESC	HPV+	nature2017_cesc	0	125.659424	HPV+
TCGA-EA-A3Y4	TCGA-CESC	HPV+	nature2017_cesc	0	15.389845	HPV+
TCGA-EA-A410	TCGA-CESC	HPV-	nature2017_cesc	0	1.124795	HPV-
TCGA-EA-A411	TCGA-CESC	HPV+	nature2017_cesc	0	261.148126	HPV+
TCGA-EA-A439	TCGA-CESC	HPV+	nature2017_cesc	0	573.614045	HPV+
TCGA-EA-A43B	TCGA-CESC	HPV+	nature2017_cesc	0	203.606495	HPV+
TCGA-EA-A44S	TCGA-CESC	HPV+	nature2017_cesc	0	8.526846	HPV+
TCGA-EA-A4BA	TCGA-CESC	HPV-	nature2017_cesc	0	0.564812	HPV-
TCGA-EA-A50E	TCGA-CESC	HPV+	nature2017_cesc	0	15.094199	HPV+
TCGA-EA-A556	TCGA-CESC	HPV-	nature2017_cesc	0	0.708663	HPV-
TCGA-EA-A5FO	TCGA-CESC	HPV+	nature2017_cesc	0	252.156431	HPV+
TCGA-EA-A5O9	TCGA-CESC	HPV+	nature2017_cesc	0	133.315276	HPV+
TCGA-EA-A5ZD	TCGA-CESC	HPV+	nature2017_cesc	0	54.995013	HPV+
TCGA-EA-A5ZE	TCGA-CESC	HPV+	nature2017_cesc	0	16.249576	HPV+
TCGA-EA-A5ZF	TCGA-CESC	HPV+	nature2017_cesc	0	108.849456	HPV+
TCGA-EA-A6QX	TCGA-CESC	HPV+	nature2017_cesc	0	301.358235	HPV+
TCGA-EA-A78R	TCGA-CESC	HPV+	nature2017_cesc	0	8.850458	HPV+
TCGA-EA-A97N	TCGA-CESC	Unknown	nature2017_cesc_missing_case	0	291.100496	HPV+
TCGA-EX-A1H5	TCGA-CESC	HPV+	nature2017_cesc	0	174.741533	HPV+
TCGA-EX-A1H6	TCGA-CESC	HPV+	nature2017_cesc	0	8.856648	HPV+
TCGA-EX-A3L1	TCGA-CESC	HPV+	nature2017_cesc	0	129.278610	HPV+
TCGA-EX-A449	TCGA-CESC	Unknown	nature2017_cesc_missing_case	0	616.725404	HPV+
TCGA-EX-A69L	TCGA-CESC	HPV+	nature2017_cesc	0	255.818870	HPV+
TCGA-EX-A69M	TCGA-CESC	HPV+	nature2017_cesc	0	222.053571	HPV+
TCGA-EX-A8YF	TCGA-CESC	Unknown	nature2017_cesc_missing_case	0	72.918563	HPV+
TCGA-F7-7848	TCGA-HNSC	HPV-	cbio_subtype_hnsc	0	1.137620	HPV-
TCGA-F7-8298	TCGA-HNSC	HPV-	cbio_subtype_hnsc	0	1.552294	HPV-
TCGA-F7-8489	TCGA-HNSC	HPV-	cbio_subtype_hnsc	0	1.406535	HPV-
TCGA-F7-A50G	TCGA-HNSC	HPV-	cbio_subtype_hnsc	0	0.722178	HPV-
TCGA-F7-A50I	TCGA-HNSC	HPV-	cbio_subtype_hnsc	0	1.246582	HPV-
TCGA-F7-A50J	TCGA-HNSC	HPV-	cbio_subtype_hnsc	0	1.339287	HPV-
TCGA-F7-A61S	TCGA-HNSC	HPV-	cbio_subtype_hnsc	0	1.126598	HPV-
TCGA-F7-A61V	TCGA-HNSC	HPV-	cbio_subtype_hnsc	0	1.137799	HPV-
TCGA-F7-A61W	TCGA-HNSC	HPV-	cbio_subtype_hnsc	0	0.617708	HPV-
TCGA-F7-A620	TCGA-HNSC	HPV-	cbio_subtype_hnsc	0	1.340660	HPV-
TCGA-F7-A622	TCGA-HNSC	HPV-	cbio_subtype_hnsc	0	1.449879	HPV-
TCGA-F7-A623	TCGA-HNSC	HPV-	cbio_subtype_hnsc	0	1.210718	HPV-
TCGA-F7-A624	TCGA-HNSC	HPV-	cbio_subtype_hnsc	0	0.522348	HPV-
TCGA-FU-A23K	TCGA-CESC	HPV+	nature2017_cesc	0	138.873469	HPV+
TCGA-FU-A23L	TCGA-CESC	HPV+	nature2017_cesc	0	287.973840	HPV+
TCGA-FU-A2QG	TCGA-CESC	HPV+	nature2017_cesc	0	335.479952	HPV+
TCGA-FU-A3EO	TCGA-CESC	HPV+	nature2017_cesc	0	57.322798	HPV+
TCGA-FU-A3HY	TCGA-CESC	HPV+	nature2017_cesc	0	434.024403	HPV+
TCGA-FU-A3HZ	TCGA-CESC	Unknown	nature2017_cesc_missing_case	0	3.672867	HPV-
TCGA-FU-A3NI	TCGA-CESC	HPV+	nature2017_cesc	0	188.607718	HPV+
TCGA-FU-A3TQ	TCGA-CESC	HPV+	nature2017_cesc	0	190.342992	HPV+
TCGA-FU-A3TX	TCGA-CESC	HPV+	nature2017_cesc	0	309.534694	HPV+
TCGA-FU-A3WB	TCGA-CESC	HPV+	nature2017_cesc	0	148.686387	HPV+
TCGA-FU-A3YQ	TCGA-CESC	HPV+	nature2017_cesc	0	148.881135	HPV+
TCGA-FU-A40J	TCGA-CESC	HPV+	nature2017_cesc	0	289.234080	HPV+
TCGA-FU-A57G	TCGA-CESC	HPV-	nature2017_cesc	0	0.623859	HPV-
TCGA-FU-A5XV	TCGA-CESC	HPV+	nature2017_cesc	0	40.334056	HPV+
TCGA-FU-A770	TCGA-CESC	HPV+	nature2017_cesc	0	664.645889	HPV+
TCGA-GH-A9DA	TCGA-CESC	Unknown	nature2017_cesc_missing_case	0	160.864719	HPV+
TCGA-H7-A6C4	TCGA-HNSC	HPV-	cbio_subtype_hnsc	0	0.846312	HPV-
TCGA-H7-A6C5	TCGA-HNSC	Unknown	cbio_subtype_hnsc_missing_case	0	1.248222	HPV-
TCGA-H7-A76A	TCGA-HNSC	HPV+	cbio_subtype_hnsc	0	155.390786	HPV+
TCGA-HD-7229	TCGA-HNSC	HPV-	cbio_subtype_hnsc	0	1.108534	HPV-
TCGA-HD-7753	TCGA-HNSC	HPV-	cbio_subtype_hnsc	0	1.712637	HPV-
TCGA-HD-7754	TCGA-HNSC	HPV+	cbio_subtype_hnsc	0	106.289345	HPV+
TCGA-HD-7831	TCGA-HNSC	HPV-	cbio_subtype_hnsc	0	0.999465	HPV-
TCGA-HD-7832	TCGA-HNSC	HPV+	cbio_subtype_hnsc	0	123.718960	HPV+
TCGA-HD-7917	TCGA-HNSC	Unknown	cbio_subtype_hnsc_missing_case	0	4.029530	HPV-
TCGA-HD-8224	TCGA-HNSC	HPV-	cbio_subtype_hnsc	0	1.265616	HPV-
TCGA-HD-8314	TCGA-HNSC	HPV+	cbio_subtype_hnsc	0	57.248683	HPV+
TCGA-HD-8634	TCGA-HNSC	HPV-	cbio_subtype_hnsc	0	1.676295	HPV-
TCGA-HD-8635	TCGA-HNSC	HPV-	cbio_subtype_hnsc	0	1.349845	HPV-
TCGA-HD-A4C1	TCGA-HNSC	HPV-	cbio_subtype_hnsc	0	0.830972	HPV-
TCGA-HD-A633	TCGA-HNSC	HPV+	cbio_subtype_hnsc	0	1.332415	HPV-
TCGA-HD-A634	TCGA-HNSC	HPV+	cbio_subtype_hnsc	0	844.258784	HPV+
TCGA-HD-A6HZ	TCGA-HNSC	HPV-	cbio_subtype_hnsc	0	0.763379	HPV-
TCGA-HD-A6I0	TCGA-HNSC	HPV-	cbio_subtype_hnsc	0	3.235581	HPV-
TCGA-HG-A2PA	TCGA-CESC	HPV+	nature2017_cesc	0	44.192552	HPV+
TCGA-HG-A9SC	TCGA-CESC	Unknown	nature2017_cesc_missing_case	0		
TCGA-HL-7533	TCGA-HNSC	Unknown	cbio_subtype_hnsc_missing_case	0	86.632006	HPV+
TCGA-HM-A3JJ	TCGA-CESC	HPV+	nature2017_cesc	0	47.613828	HPV+
TCGA-HM-A3JK	TCGA-CESC	HPV+	nature2017_cesc	0	234.440157	HPV+
TCGA-HM-A4S6	TCGA-CESC	HPV+	nature2017_cesc	0	138.675423	HPV+
TCGA-HM-A6W2	TCGA-CESC	HPV-	nature2017_cesc	0	1.071452	HPV-
TCGA-IQ-7630	TCGA-HNSC	HPV-	cbio_subtype_hnsc	0	1.461379	HPV-
TCGA-IQ-7631	TCGA-HNSC	HPV-	nature2015_hnsc_fallback	0	1.647750	HPV-
TCGA-IQ-7632	TCGA-HNSC	HPV-	cbio_subtype_hnsc	0	1.041647	HPV-
TCGA-IQ-A61E	TCGA-HNSC	HPV-	cbio_subtype_hnsc	0	0.688551	HPV-
TCGA-IQ-A61G	TCGA-HNSC	HPV-	cbio_subtype_hnsc	0	0.856775	HPV-
TCGA-IQ-A61H	TCGA-HNSC	HPV-	cbio_subtype_hnsc	0	1.089773	HPV-
TCGA-IQ-A61I	TCGA-HNSC	HPV+	cbio_subtype_hnsc	0	523.157268	HPV+
TCGA-IQ-A61J	TCGA-HNSC	HPV-	cbio_subtype_hnsc	0	1.333731	HPV-
TCGA-IQ-A61K	TCGA-HNSC	Unknown	cbio_subtype_hnsc_missing_case	0		
TCGA-IQ-A61L	TCGA-HNSC	Unknown	cbio_subtype_hnsc_missing_case	0		
TCGA-IQ-A61O	TCGA-HNSC	HPV-	cbio_subtype_hnsc	0	1.105913	HPV-
TCGA-IQ-A6SG	TCGA-HNSC	HPV-	cbio_subtype_hnsc	0	0.699052	HPV-
TCGA-IQ-A6SH	TCGA-HNSC	HPV-	cbio_subtype_hnsc	0	0.619044	HPV-
TCGA-IR-A3L7	TCGA-CESC	HPV+	nature2017_cesc	0	153.899148	HPV+
TCGA-IR-A3LA	TCGA-CESC	HPV-	nature2017_cesc	0	2.236565	HPV-
TCGA-IR-A3LB	TCGA-CESC	HPV+	nature2017_cesc	0	428.629112	HPV+
TCGA-IR-A3LC	TCGA-CESC	HPV+	nature2017_cesc	0	170.246582	HPV+
TCGA-IR-A3LF	TCGA-CESC	HPV+	nature2017_cesc	0	445.464204	HPV+
TCGA-IR-A3LH	TCGA-CESC	HPV+	nature2017_cesc	0	69.638059	HPV+
TCGA-IR-A3LI	TCGA-CESC	HPV+	nature2017_cesc	0	51.370138	HPV+
TCGA-IR-A3LK	TCGA-CESC	HPV+	nature2017_cesc	0	477.476151	HPV+
TCGA-IR-A3LL	TCGA-CESC	HPV+	nature2017_cesc	0	187.989448	HPV+
TCGA-JW-A5VG	TCGA-CESC	HPV+	nature2017_cesc	0	112.414783	HPV+
TCGA-JW-A5VH	TCGA-CESC	HPV-	nature2017_cesc	0	0.830164	HPV-
TCGA-JW-A5VK	TCGA-CESC	HPV+	nature2017_cesc	0	89.244910	HPV+
TCGA-JW-A5VL	TCGA-CESC	HPV+	nature2017_cesc	0	954.202808	HPV+
TCGA-JW-A69B	TCGA-CESC	HPV+	nature2017_cesc	0	129.866489	HPV+
TCGA-JW-AAVH	TCGA-CESC	Unknown	nature2017_cesc_missing_case	0	226.443718	HPV+
TCGA-JX-A3PZ	TCGA-CESC	HPV+	nature2017_cesc	0	229.554642	HPV+
TCGA-JX-A3Q0	TCGA-CESC	HPV+	nature2017_cesc	0	176.373049	HPV+
TCGA-JX-A3Q8	TCGA-CESC	HPV+	nature2017_cesc	0	547.340616	HPV+
TCGA-JX-A5QV	TCGA-CESC	HPV+	nature2017_cesc	0	194.429516	HPV+
TCGA-KU-A66S	TCGA-HNSC	HPV-	cbio_subtype_hnsc	0	1.189850	HPV-
TCGA-KU-A66T	TCGA-HNSC	HPV-	cbio_subtype_hnsc	0	0.931514	HPV-
TCGA-KU-A6H7	TCGA-HNSC	HPV+	cbio_subtype_hnsc	0	70.406929	HPV+
TCGA-KU-A6H8	TCGA-HNSC	HPV-	cbio_subtype_hnsc	0	0.465909	HPV-
TCGA-LP-A4AU	TCGA-CESC	HPV+	nature2017_cesc	0	75.465173	HPV+
TCGA-LP-A4AV	TCGA-CESC	HPV+	nature2017_cesc	0	285.436000	HPV+
TCGA-LP-A4AW	TCGA-CESC	HPV+	nature2017_cesc	0	25.656157	HPV+
TCGA-LP-A4AX	TCGA-CESC	HPV+	nature2017_cesc	0	261.172092	HPV+
TCGA-LP-A5U2	TCGA-CESC	HPV+	nature2017_cesc	0	66.650927	HPV+
TCGA-LP-A5U3	TCGA-CESC	HPV+	nature2017_cesc	0	234.425997	HPV+
TCGA-LP-A7HU	TCGA-CESC	HPV+	nature2017_cesc	0	180.012705	HPV+
TCGA-MA-AA3W	TCGA-CESC	Unknown	nature2017_cesc_missing_case	0	123.636746	HPV+
TCGA-MA-AA3X	TCGA-CESC	Unknown	nature2017_cesc_missing_case	0	794.503090	HPV+
TCGA-MA-AA3Y	TCGA-CESC	Unknown	nature2017_cesc_missing_case	0	432.556268	HPV+
TCGA-MA-AA3Z	TCGA-CESC	Unknown	nature2017_cesc_missing_case	0	92.340139	HPV+
TCGA-MA-AA41	TCGA-CESC	Unknown	nature2017_cesc_missing_case	0	571.264546	HPV+
TCGA-MA-AA42	TCGA-CESC	Unknown	nature2017_cesc_missing_case	0	149.230974	HPV+
TCGA-MA-AA43	TCGA-CESC	Unknown	nature2017_cesc_missing_case	0	46.128229	HPV+
TCGA-MT-A51W	TCGA-HNSC	HPV-	cbio_subtype_hnsc	0	1.011785	HPV-
TCGA-MT-A51X	TCGA-HNSC	HPV-	cbio_subtype_hnsc	0	1.025556	HPV-
TCGA-MT-A67A	TCGA-HNSC	HPV-	cbio_subtype_hnsc	0	1.502394	HPV-
TCGA-MT-A67D	TCGA-HNSC	HPV-	cbio_subtype_hnsc	0	1.436453	HPV-
TCGA-MT-A67F	TCGA-HNSC	HPV-	cbio_subtype_hnsc	0	1.076474	HPV-
TCGA-MT-A67G	TCGA-HNSC	Unknown	cbio_subtype_hnsc_missing_case	0		
TCGA-MT-A7BN	TCGA-HNSC	HPV-	cbio_subtype_hnsc	0	1.028383	HPV-
TCGA-MU-A51Y	TCGA-CESC	HPV+	nature2017_cesc	0	60.564931	HPV+
TCGA-MU-A5YI	TCGA-CESC	HPV+	nature2017_cesc	0	26.752622	HPV+
TCGA-MU-A8JM	TCGA-CESC	Unknown	nature2017_cesc_missing_case	0	316.975048	HPV+
TCGA-MY-A5BD	TCGA-CESC	HPV+	nature2017_cesc	0	54.923714	HPV+
TCGA-MY-A5BE	TCGA-CESC	HPV+	nature2017_cesc	0	50.470717	HPV+
TCGA-MY-A5BF	TCGA-CESC	HPV+	nature2017_cesc	0	167.540599	HPV+
TCGA-MY-A913	TCGA-CESC	Unknown	nature2017_cesc_missing_case	0	632.017648	HPV+
TCGA-MZ-A6I9	TCGA-HNSC	HPV+	cbio_subtype_hnsc	0	320.267567	HPV+
TCGA-MZ-A7D7	TCGA-HNSC	HPV-	cbio_subtype_hnsc	0	0.501524	HPV-
TCGA-P3-A5Q5	TCGA-HNSC	HPV+	cbio_subtype_hnsc	0	113.596543	HPV+
TCGA-P3-A5Q6	TCGA-HNSC	HPV-	cbio_subtype_hnsc	0	0.981500	HPV-
TCGA-P3-A5QA	TCGA-HNSC	HPV-	cbio_subtype_hnsc	0	1.235465	HPV-
TCGA-P3-A5QE	TCGA-HNSC	HPV+	cbio_subtype_hnsc	0	522.282959	HPV+
TCGA-P3-A5QF	TCGA-HNSC	HPV+	cbio_subtype_hnsc	0	181.036607	HPV+
TCGA-P3-A6SW	TCGA-HNSC	HPV+	cbio_subtype_hnsc	0	25.548738	HPV+
TCGA-P3-A6SX	TCGA-HNSC	HPV-	cbio_subtype_hnsc	0	0.523535	HPV-
TCGA-P3-A6T0	TCGA-HNSC	HPV-	cbio_subtype_hnsc	0	0.747970	HPV-
TCGA-P3-A6T2	TCGA-HNSC	HPV-	cbio_subtype_hnsc	0	0.541799	HPV-
TCGA-P3-A6T3	TCGA-HNSC	HPV-	cbio_subtype_hnsc	0	0.617234	HPV-
TCGA-P3-A6T4	TCGA-HNSC	HPV-	cbio_subtype_hnsc	0	0.600193	HPV-
TCGA-P3-A6T5	TCGA-HNSC	HPV-	cbio_subtype_hnsc	0	1.204626	HPV-
TCGA-P3-A6T6	TCGA-HNSC	HPV+	cbio_subtype_hnsc	0	203.240586	HPV+
TCGA-P3-A6T7	TCGA-HNSC	HPV-	cbio_subtype_hnsc	0	0.722247	HPV-
TCGA-P3-A6T8	TCGA-HNSC	HPV-	cbio_subtype_hnsc	0	0.699099	HPV-
TCGA-PN-A8MA	TCGA-CESC	Unknown	nature2017_cesc_missing_case	0	33.212672	HPV+
TCGA-Q1-A5R1	TCGA-CESC	HPV+	nature2017_cesc	0	603.975649	HPV+
TCGA-Q1-A5R2	TCGA-CESC	HPV+	nature2017_cesc	0	174.650241	HPV+
TCGA-Q1-A5R3	TCGA-CESC	HPV+	nature2017_cesc	0	15.936398	HPV+
TCGA-Q1-A6DT	TCGA-CESC	HPV+	nature2017_cesc	0	1085.822746	HPV+
TCGA-Q1-A6DV	TCGA-CESC	HPV+	nature2017_cesc	0	226.449710	HPV+
TCGA-Q1-A6DW	TCGA-CESC	HPV+	nature2017_cesc	0	608.055316	HPV+
TCGA-Q1-A73O	TCGA-CESC	HPV+	nature2017_cesc	0	329.161471	HPV+
TCGA-Q1-A73P	TCGA-CESC	HPV+	nature2017_cesc	0	1241.669238	HPV+
TCGA-Q1-A73Q	TCGA-CESC	HPV+	nature2017_cesc	0	664.882128	HPV+
TCGA-Q1-A73R	TCGA-CESC	HPV+	nature2017_cesc	0	658.998026	HPV+
TCGA-Q1-A73S	TCGA-CESC	HPV+	nature2017_cesc	0	115.162007	HPV+
TCGA-QK-A64Z	TCGA-HNSC	HPV-	cbio_subtype_hnsc	0	1.441804	HPV-
TCGA-QK-A652	TCGA-HNSC	HPV-	cbio_subtype_hnsc	0	1.892924	HPV-
TCGA-QK-A6IF	TCGA-HNSC	HPV+	cbio_subtype_hnsc	0	123.228453	HPV+
TCGA-QK-A6IG	TCGA-HNSC	HPV-	cbio_subtype_hnsc	0	0.952851	HPV-
TCGA-QK-A6IH	TCGA-HNSC	HPV-	cbio_subtype_hnsc	0	1.885602	HPV-
TCGA-QK-A6II	TCGA-HNSC	HPV-	cbio_subtype_hnsc	0	1.410840	HPV-
TCGA-QK-A6IJ	TCGA-HNSC	HPV-	cbio_subtype_hnsc	0	2.182552	HPV-
TCGA-QK-A6V9	TCGA-HNSC	HPV+	cbio_subtype_hnsc	0	327.213938	HPV+
TCGA-QK-A6VB	TCGA-HNSC	HPV-	cbio_subtype_hnsc	0	0.420367	HPV-
TCGA-QK-A6VC	TCGA-HNSC	HPV-	cbio_subtype_hnsc	0	0.733276	HPV-
TCGA-QK-A8Z7	TCGA-HNSC	HPV-	cbio_subtype_hnsc	0	0.829372	HPV-
TCGA-QK-A8Z8	TCGA-HNSC	HPV-	cbio_subtype_hnsc	0	0.788714	HPV-
TCGA-QK-A8Z9	TCGA-HNSC	HPV-	cbio_subtype_hnsc	0	0.637327	HPV-
TCGA-QK-A8ZA	TCGA-HNSC	HPV-	cbio_subtype_hnsc	0	0.804282	HPV-
TCGA-QK-A8ZB	TCGA-HNSC	HPV-	cbio_subtype_hnsc	0	0.511780	HPV-
TCGA-QK-AA3J	TCGA-HNSC	HPV-	cbio_subtype_hnsc	0	0.808862	HPV-
TCGA-QK-AA3K	TCGA-HNSC	HPV-	cbio_subtype_hnsc	0	0.802570	HPV-
TCGA-RA-A741	TCGA-CESC	HPV+	nature2017_cesc	0	87.342419	HPV+
TCGA-RS-A6TO	TCGA-HNSC	HPV-	cbio_subtype_hnsc	0	0.513862	HPV-
TCGA-RS-A6TP	TCGA-HNSC	HPV+	cbio_subtype_hnsc	0	152.377408	HPV+
TCGA-T2-A6WX	TCGA-HNSC	HPV-	cbio_subtype_hnsc	0	0.821270	HPV-
TCGA-T2-A6WZ	TCGA-HNSC	HPV-	cbio_subtype_hnsc	0	1.626800	HPV-
TCGA-T2-A6X0	TCGA-HNSC	HPV+	cbio_subtype_hnsc	0	71.682826	HPV+
TCGA-T2-A6X2	TCGA-HNSC	HPV-	cbio_subtype_hnsc	0	0.596775	HPV-
TCGA-T3-A92M	TCGA-HNSC	HPV-	cbio_subtype_hnsc	0	0.946192	HPV-
TCGA-T3-A92N	TCGA-HNSC	HPV-	cbio_subtype_hnsc	0	0.803666	HPV-
TCGA-TN-A7HI	TCGA-HNSC	HPV+	cbio_subtype_hnsc	0	219.249059	HPV+
TCGA-TN-A7HJ	TCGA-HNSC	HPV-	cbio_subtype_hnsc	0	0.899818	HPV-
TCGA-TN-A7HL	TCGA-HNSC	HPV+	cbio_subtype_hnsc	0	75.239209	HPV+
TCGA-UC-A7PD	TCGA-CESC	Unknown	nature2017_cesc_missing_case	0	50.887690	HPV+
TCGA-UC-A7PF	TCGA-CESC	Unknown	nature2017_cesc_missing_case	0	164.916510	HPV+
TCGA-UC-A7PG	TCGA-CESC	Unknown	nature2017_cesc_missing_case	0	22.952772	HPV+
TCGA-UC-A7PI	TCGA-CESC	Unknown	nature2017_cesc_missing_case	0	409.837940	HPV+
TCGA-UF-A718	TCGA-HNSC	HPV-	cbio_subtype_hnsc	0	0.541482	HPV-
TCGA-UF-A719	TCGA-HNSC	HPV-	cbio_subtype_hnsc	0	0.611170	HPV-
TCGA-UF-A71A	TCGA-HNSC	HPV-	cbio_subtype_hnsc	0	0.762633	HPV-
TCGA-UF-A71B	TCGA-HNSC	HPV-	cbio_subtype_hnsc	0	0.829369	HPV-
TCGA-UF-A71D	TCGA-HNSC	HPV-	cbio_subtype_hnsc	0	0.596186	HPV-
TCGA-UF-A71E	TCGA-HNSC	HPV-	cbio_subtype_hnsc	0	0.675861	HPV-
TCGA-UF-A7J9	TCGA-HNSC	HPV-	cbio_subtype_hnsc	0	0.905844	HPV-
TCGA-UF-A7JA	TCGA-HNSC	HPV-	cbio_subtype_hnsc	0	0.859680	HPV-
TCGA-UF-A7JC	TCGA-HNSC	HPV-	cbio_subtype_hnsc	0	0.628631	HPV-
TCGA-UF-A7JD	TCGA-HNSC	HPV-	cbio_subtype_hnsc	0	0.599234	HPV-
TCGA-UF-A7JF	TCGA-HNSC	HPV-	cbio_subtype_hnsc	0	0.791936	HPV-
TCGA-UF-A7JH	TCGA-HNSC	HPV-	cbio_subtype_hnsc	0	0.594720	HPV-
TCGA-UF-A7JJ	TCGA-HNSC	HPV-	cbio_subtype_hnsc	0	0.495937	HPV-
TCGA-UF-A7JK	TCGA-HNSC	HPV-	cbio_subtype_hnsc	0	0.606497	HPV-
TCGA-UF-A7JO	TCGA-HNSC	HPV-	cbio_subtype_hnsc	0	0.654298	HPV-
TCGA-UF-A7JS	TCGA-HNSC	HPV-	cbio_subtype_hnsc	0	3.460978	HPV-
TCGA-UF-A7JT	TCGA-HNSC	HPV-	cbio_subtype_hnsc	0	0.672686	HPV-
TCGA-UF-A7JV	TCGA-HNSC	HPV-	cbio_subtype_hnsc	0	1.091179	HPV-
TCGA-VS-A8EB	TCGA-CESC	Unknown	nature2017_cesc_missing_case	0	428.904570	HPV+
TCGA-VS-A8EC	TCGA-CESC	Unknown	nature2017_cesc_missing_case	0	144.877651	HPV+
TCGA-VS-A8EG	TCGA-CESC	Unknown	nature2017_cesc_missing_case	0	30.786580	HPV+
TCGA-VS-A8EH	TCGA-CESC	Unknown	nature2017_cesc_missing_case	0	53.149099	HPV+
TCGA-VS-A8EI	TCGA-CESC	Unknown	nature2017_cesc_missing_case	0	74.393589	HPV+
TCGA-VS-A8EJ	TCGA-CESC	Unknown	nature2017_cesc_missing_case	0	0.794832	HPV-
TCGA-VS-A8EK	TCGA-CESC	Unknown	nature2017_cesc_missing_case	0	312.707708	HPV+
TCGA-VS-A8EL	TCGA-CESC	Unknown	nature2017_cesc_missing_case	0	258.705980	HPV+
TCGA-VS-A8Q8	TCGA-CESC	Unknown	nature2017_cesc_missing_case	0	5.556206	HPV-
TCGA-VS-A8Q9	TCGA-CESC	Unknown	nature2017_cesc_missing_case	0	1453.815185	HPV+
TCGA-VS-A8QA	TCGA-CESC	Unknown	nature2017_cesc_missing_case	0	113.022166	HPV+
TCGA-VS-A8QC	TCGA-CESC	Unknown	nature2017_cesc_missing_case	0	52.624693	HPV+
TCGA-VS-A8QF	TCGA-CESC	Unknown	nature2017_cesc_missing_case	0	280.622113	HPV+
TCGA-VS-A8QH	TCGA-CESC	Unknown	nature2017_cesc_missing_case	0	1.191036	HPV-
TCGA-VS-A8QM	TCGA-CESC	Unknown	nature2017_cesc_missing_case	0	183.265986	HPV+
TCGA-VS-A94W	TCGA-CESC	Unknown	nature2017_cesc_missing_case	0	323.372434	HPV+
TCGA-VS-A94X	TCGA-CESC	Unknown	nature2017_cesc_missing_case	0	101.137218	HPV+
TCGA-VS-A94Y	TCGA-CESC	Unknown	nature2017_cesc_missing_case	0	70.587469	HPV+
TCGA-VS-A94Z	TCGA-CESC	Unknown	nature2017_cesc_missing_case	0	88.946494	HPV+
TCGA-VS-A950	TCGA-CESC	Unknown	nature2017_cesc_missing_case	0	1101.809624	HPV+
TCGA-VS-A952	TCGA-CESC	Unknown	nature2017_cesc_missing_case	0	151.203585	HPV+
TCGA-VS-A953	TCGA-CESC	Unknown	nature2017_cesc_missing_case	0	408.666922	HPV+
TCGA-VS-A954	TCGA-CESC	Unknown	nature2017_cesc_missing_case	0	322.835458	HPV+
TCGA-VS-A957	TCGA-CESC	Unknown	nature2017_cesc_missing_case	0	489.041512	HPV+
TCGA-VS-A958	TCGA-CESC	Unknown	nature2017_cesc_missing_case	0	24.319706	HPV+
TCGA-VS-A959	TCGA-CESC	Unknown	nature2017_cesc_missing_case	0	169.032233	HPV+
TCGA-VS-A9U5	TCGA-CESC	Unknown	nature2017_cesc_missing_case	0	64.977044	HPV+
TCGA-VS-A9U6	TCGA-CESC	Unknown	nature2017_cesc_missing_case	0	83.866747	HPV+
TCGA-VS-A9U7	TCGA-CESC	Unknown	nature2017_cesc_missing_case	0	108.710046	HPV+
TCGA-VS-A9UA	TCGA-CESC	Unknown	nature2017_cesc_missing_case	0		
TCGA-VS-A9UB	TCGA-CESC	Unknown	nature2017_cesc_missing_case	0	192.898741	HPV+
TCGA-VS-A9UC	TCGA-CESC	Unknown	nature2017_cesc_missing_case	0	257.123719	HPV+
TCGA-VS-A9UD	TCGA-CESC	Unknown	nature2017_cesc_missing_case	0	274.621562	HPV+
TCGA-VS-A9UH	TCGA-CESC	Unknown	nature2017_cesc_missing_case	0	16.511441	HPV+
TCGA-VS-A9UI	TCGA-CESC	Unknown	nature2017_cesc_missing_case	0	638.698332	HPV+
TCGA-VS-A9UJ	TCGA-CESC	Unknown	nature2017_cesc_missing_case	0	1.084616	HPV-
TCGA-VS-A9UL	TCGA-CESC	Unknown	nature2017_cesc_missing_case	0	341.801174	HPV+
TCGA-VS-A9UM	TCGA-CESC	Unknown	nature2017_cesc_missing_case	0	31.471452	HPV+
TCGA-VS-A9UO	TCGA-CESC	Unknown	nature2017_cesc_missing_case	0	110.246559	HPV+
TCGA-VS-A9UP	TCGA-CESC	Unknown	nature2017_cesc_missing_case	0	405.564620	HPV+
TCGA-VS-A9UQ	TCGA-CESC	Unknown	nature2017_cesc_missing_case	0	110.072436	HPV+
TCGA-VS-A9UR	TCGA-CESC	Unknown	nature2017_cesc_missing_case	0	64.301081	HPV+
TCGA-VS-A9UT	TCGA-CESC	Unknown	nature2017_cesc_missing_case	0	1.912937	HPV-
TCGA-VS-A9UU	TCGA-CESC	Unknown	nature2017_cesc_missing_case	0	67.886581	HPV+
TCGA-VS-A9UV	TCGA-CESC	Unknown	nature2017_cesc_missing_case	0	151.754221	HPV+
TCGA-VS-A9UY	TCGA-CESC	Unknown	nature2017_cesc_missing_case	0	154.262297	HPV+
TCGA-VS-A9UZ	TCGA-CESC	Unknown	nature2017_cesc_missing_case	0	168.574466	HPV+
TCGA-VS-A9V0	TCGA-CESC	Unknown	nature2017_cesc_missing_case	0	1.475482	HPV-
TCGA-VS-A9V1	TCGA-CESC	Unknown	nature2017_cesc_missing_case	0	240.622573	HPV+
TCGA-VS-A9V2	TCGA-CESC	Unknown	nature2017_cesc_missing_case	0	88.917026	HPV+
TCGA-VS-A9V3	TCGA-CESC	Unknown	nature2017_cesc_missing_case	0	335.638572	HPV+
TCGA-VS-A9V4	TCGA-CESC	Unknown	nature2017_cesc_missing_case	0	1.263673	HPV-
TCGA-VS-A9V5	TCGA-CESC	Unknown	nature2017_cesc_missing_case	0	471.549358	HPV+
TCGA-VS-AA62	TCGA-CESC	Unknown	nature2017_cesc_missing_case	0	275.077436	HPV+
TCGA-WA-A7GZ	TCGA-HNSC	HPV-	cbio_subtype_hnsc	0	0.554110	HPV-
TCGA-WA-A7H4	TCGA-HNSC	HPV-	cbio_subtype_hnsc	0	0.437721	HPV-
TCGA-WL-A834	TCGA-CESC	Unknown	nature2017_cesc_missing_case	0	273.298244	HPV+
TCGA-XS-A8TJ	TCGA-CESC	Unknown	nature2017_cesc_missing_case	0	55.293314	HPV+
TCGA-ZJ-A8QO	TCGA-CESC	Unknown	nature2017_cesc_missing_case	0	491.239063	HPV+
TCGA-ZJ-A8QQ	TCGA-CESC	Unknown	nature2017_cesc_missing_case	0	79.521340	HPV+
TCGA-ZJ-A8QR	TCGA-CESC	Unknown	nature2017_cesc_missing_case	0	321.735892	HPV+
TCGA-ZJ-AAX4	TCGA-CESC	Unknown	nature2017_cesc_missing_case	0	32.822509	HPV+
TCGA-ZJ-AAX8	TCGA-CESC	Unknown	nature2017_cesc_missing_case	0	234.547906	HPV+
TCGA-ZJ-AAXA	TCGA-CESC	Unknown	nature2017_cesc_missing_case	0	145.753465	HPV+
TCGA-ZJ-AAXB	TCGA-CESC	Unknown	nature2017_cesc_missing_case	0	98.549058	HPV+
TCGA-ZJ-AAXD	TCGA-CESC	Unknown	nature2017_cesc_missing_case	0	295.721885	HPV+
TCGA-ZJ-AAXF	TCGA-CESC	Unknown	nature2017_cesc_missing_case	0	49.462851	HPV+
TCGA-ZJ-AAXI	TCGA-CESC	Unknown	nature2017_cesc_missing_case	0	337.334207	HPV+
TCGA-ZJ-AAXJ	TCGA-CESC	Unknown	nature2017_cesc_missing_case	0	48.980846	HPV+
TCGA-ZJ-AAXN	TCGA-CESC	Unknown	nature2017_cesc_missing_case	0	383.715902	HPV+
TCGA-ZJ-AAXT	TCGA-CESC	Unknown	nature2017_cesc_missing_case	0	24.632461	HPV+
TCGA-ZJ-AAXU	TCGA-CESC	Unknown	nature2017_cesc_missing_case	0	20.456476	HPV+
TCGA-ZJ-AB0H	TCGA-CESC	Unknown	nature2017_cesc_missing_case	0	278.087624	HPV+
TCGA-ZJ-AB0I	TCGA-CESC	Unknown	nature2017_cesc_missing_case	0	104.068358	HPV+
TCGA-ZX-AA5X	TCGA-CESC	Unknown	nature2017_cesc_missing_case	0	418.481298	HPV+
