case_id	project_dir	msi_status	msi_source	msi_conflict
TCGA-3L-AA1B	TCGA-COAD	NonMSI	cbio_subtype	0
TCGA-3M-AB46	TCGA-STAD	NonMSI	cbio_subtype	0
TCGA-3M-AB47	TCGA-STAD	NonMSI	cbio_subtype	0
TCGA-4N-A93T	TCGA-COAD	NonMSI	cbio_subtype	0
TCGA-4T-AA8H	TCGA-COAD	NonMSI	cbio_subtype	0
TCGA-5M-AAT4	TCGA-COAD	NonMSI	cbio_subtype	0
TCGA-5M-AAT5	TCGA-COAD	NonMSI	cbio_subtype	0
TCGA-5M-AAT6	TCGA-COAD	MSI	cbio_subtype	0
TCGA-5M-AATE	TCGA-COAD	NonMSI	cbio_subtype	0
TCGA-A6-2671	TCGA-COAD	NonMSI	cbio_subtype	0
TCGA-A6-2672	TCGA-COAD	Unknown	missing	0
TCGA-A6-2674	TCGA-COAD	Unknown	missing	0
TCGA-A6-2675	TCGA-COAD	NonMSI	cbio_subtype	0
TCGA-A6-2676	TCGA-COAD	Unknown	missing	0
TCGA-A6-2677	TCGA-COAD	Unknown	missing	0
TCGA-A6-2678	TCGA-COAD	Unknown	missing	0
TCGA-A6-2679	TCGA-COAD	Unknown	missing	0
TCGA-A6-2680	TCGA-COAD	Unknown	missing	0
TCGA-A6-2681	TCGA-COAD	NonMSI	cbio_subtype	0
TCGA-A6-2682	TCGA-COAD	Unknown	missing	0
TCGA-A6-2683	TCGA-COAD	Unknown	missing	0
TCGA-A6-2684	TCGA-COAD	Unknown	missing	0
TCGA-A6-2685	TCGA-COAD	NonMSI	cbio_subtype	0
TCGA-A6-2686	TCGA-COAD	MSI	cbio_subtype	0
TCGA-A6-3807	TCGA-COAD	NonMSI	cbio_subtype	0
TCGA-A6-3808	TCGA-COAD	Unknown	missing	0
TCGA-A6-3809	TCGA-COAD	Unknown	missing	0
TCGA-A6-3810	TCGA-COAD	Unknown	missing	0
TCGA-A6-4105	TCGA-COAD	NonMSI	cbio_subtype	0
TCGA-A6-4107	TCGA-COAD	NonMSI	cbio_subtype	0
TCGA-A6-5656	TCGA-COAD	Unknown	missing	0
TCGA-A6-5657	TCGA-COAD	NonMSI	cbio_subtype	0
TCGA-A6-5659	TCGA-COAD	Unknown	missing	0
TCGA-A6-5660	TCGA-COAD	NonMSI	cbio_subtype	0
TCGA-A6-5661	TCGA-COAD	MSI	cbio_subtype	0
TCGA-A6-5662	TCGA-COAD	NonMSI	cbio_subtype	0
TCGA-A6-5664	TCGA-COAD	NonMSI	cbio_subtype	0
TCGA-A6-5665	TCGA-COAD	MSI	cbio_subtype	0
TCGA-A6-5666	TCGA-COAD	NonMSI	cbio_subtype	0
TCGA-A6-5667	TCGA-COAD	NonMSI	cbio_subtype	0
TCGA-A6-6137	TCGA-COAD	NonMSI	cbio_subtype	0
TCGA-A6-6138	TCGA-COAD	NonMSI	cbio_subtype	0
TCGA-A6-6140	TCGA-COAD	Unknown	missing	0
TCGA-A6-6141	TCGA-COAD	Unknown	missing	0
TCGA-A6-6142	TCGA-COAD	NonMSI	cbio_subtype	0
TCGA-A6-6648	TCGA-COAD	NonMSI	cbio_subtype	0
TCGA-A6-6649	TCGA-COAD	NonMSI	cbio_subtype	0
TCGA-A6-6650	TCGA-COAD	Unknown	missing	0
TCGA-A6-6651	TCGA-COAD	NonMSI	cbio_subtype	0
TCGA-A6-6652	TCGA-COAD	NonMSI	cbio_subtype	0
TCGA-A6-6653	TCGA-COAD	MSI	cbio_subtype	0
TCGA-A6-6654	TCGA-COAD	NonMSI	cbio_subtype	0
TCGA-A6-A565	TCGA-COAD	MSI	cbio_subtype	0
TCGA-A6-A566	TCGA-COAD	NonMSI	cbio_subtype	0
TCGA-A6-A567	TCGA-COAD	NonMSI	cbio_subtype	0
TCGA-A6-A56B	TCGA-COAD	NonMSI	cbio_subtype	0
TCGA-A6-A5ZU	TCGA-COAD	Unknown	missing	0
TCGA-AA-3514	TCGA-COAD	Unknown	missing	0
TCGA-AA-3516	TCGA-COAD	Unknown	missing	0
TCGA-AA-3517	TCGA-COAD	Unknown	missing	0
TCGA-AA-3518	TCGA-COAD	Unknown	missing	0
TCGA-AA-3519	TCGA-COAD	Unknown	missing	0
TCGA-AA-3520	TCGA-COAD	Unknown	missing	0
TCGA-AA-3521	TCGA-COAD	Unknown	missing	0
TCGA-AA-3522	TCGA-COAD	Unknown	missing	0
TCGA-AA-3524	TCGA-COAD	Unknown	missing	0
TCGA-AA-3525	TCGA-COAD	Unknown	missing	0
TCGA-AA-3526	TCGA-COAD	Unknown	missing	0
TCGA-AA-3527	TCGA-COAD	Unknown	missing	0
TCGA-AA-3529	TCGA-COAD	Unknown	missing	0
TCGA-AA-3530	TCGA-COAD	Unknown	missing	0
TCGA-AA-3531	TCGA-COAD	Unknown	missing	0
TCGA-AA-3532	TCGA-COAD	Unknown	missing	0
TCGA-AA-3534	TCGA-COAD	Unknown	missing	0
TCGA-AA-3538	TCGA-COAD	Unknown	missing	0
TCGA-AA-3542	TCGA-COAD	Unknown	missing	0
TCGA-AA-3543	TCGA-COAD	Unknown	missing	0
TCGA-AA-3544	TCGA-COAD	Unknown	missing	0
TCGA-AA-3548	TCGA-COAD	Unknown	missing	0
TCGA-AA-3549	TCGA-COAD	Unknown	missing	0
TCGA-AA-3552	TCGA-COAD	Unknown	missing	0
TCGA-AA-3553	TCGA-COAD	Unknown	missing	0
TCGA-AA-3554	TCGA-COAD	Unknown	missing	0
TCGA-AA-3555	TCGA-COAD	Unknown	missing	0
TCGA-AA-3556	TCGA-COAD	Unknown	missing	0
TCGA-AA-3558	TCGA-COAD	Unknown	missing	0
TCGA-AA-3560	TCGA-COAD	Unknown	missing	0
TCGA-AA-3561	TCGA-COAD	Unknown	missing	0
TCGA-AA-3562	TCGA-COAD	Unknown	missing	0
TCGA-AA-3664	TCGA-COAD	NonMSI	cbio_subtype	0
TCGA-AA-3666	TCGA-COAD	NonMSI	cbio_subtype	0
TCGA-AA-3667	TCGA-COAD	NonMSI	cbio_subtype	0
TCGA-AA-3672	TCGA-COAD	Unknown	missing	0
TCGA-AA-3673	TCGA-COAD	NonMSI	cbio_subtype	0
TCGA-AA-3675	TCGA-COAD	Unknown	missing	0
TCGA-AA-3678	TCGA-COAD	NonMSI	cbio_subtype	0
TCGA-AA-3679	TCGA-COAD	NonMSI	cbio_subtype	0
TCGA-AA-3680	TCGA-COAD	NonMSI	cbio_subtype	0
TCGA-AA-3681	TCGA-COAD	NonMSI	cbio_subtype	0
TCGA-AA-3684	TCGA-COAD	NonMSI	cbio_subtype	0
TCGA-AA-3685	TCGA-COAD	NonMSI	cbio_subtype	0
TCGA-AA-3688	TCGA-COAD	NonMSI	cbio_subtype	0
TCGA-AA-3692	TCGA-COAD	NonMSI	cbio_subtype	0
TCGA-AA-3693	TCGA-COAD	NonMSI	cbio_subtype	0
TCGA-AA-3695	TCGA-COAD	Unknown	missing	0
TCGA-AA-3696	TCGA-COAD	NonMSI	cbio_subtype	0
TCGA-AA-3710	TCGA-COAD	Unknown	missing	0
TCGA-AA-3715	TCGA-COAD	MSI	cbio_subtype	0
TCGA-AA-3811	TCGA-COAD	MSI	cbio_subtype	0
TCGA-AA-3812	TCGA-COAD	NonMSI	cbio_subtype	0
TCGA-AA-3814	TCGA-COAD	NonMSI	cbio_subtype	0
TCGA-AA-3815	TCGA-COAD	Unknown	missing	0
TCGA-AA-3818	TCGA-COAD	NonMSI	cbio_subtype	0
TCGA-AA-3819	TCGA-COAD	NonMSI	cbio_subtype	0
TCGA-AA-3821	TCGA-COAD	MSI	cbio_subtype	0
TCGA-AA-3831	TCGA-COAD	NonMSI	cbio_subtype	0
TCGA-AA-3833	TCGA-COAD	MSI	cbio_subtype	0
TCGA-AA-3837	TCGA-COAD	NonMSI	cbio_subtype	0
TCGA-AA-3841	TCGA-COAD	Unknown	missing	0
TCGA-AA-3842	TCGA-COAD	NonMSI	cbio_subtype	0
TCGA-AA-3844	TCGA-COAD	NonMSI	cbio_subtype	0
TCGA-AA-3845	TCGA-COAD	MSI	cbio_subtype	0
TCGA-AA-3846	TCGA-COAD	NonMSI	cbio_subtype	0
TCGA-AA-3848	TCGA-COAD	NonMSI	cbio_subtype	0
TCGA-AA-3850	TCGA-COAD	NonMSI	cbio_subtype	0
TCGA-AA-3851	TCGA-COAD	NonMSI	cbio_subtype	0
TCGA-AA-3852	TCGA-COAD	NonMSI	cbio_subtype	0
TCGA-AA-3854	TCGA-COAD	NonMSI	cbio_subtype	0
TCGA-AA-3855	TCGA-COAD	NonMSI	cbio_subtype	0
TCGA-AA-3856	TCGA-COAD	NonMSI	cbio_subtype	0
TCGA-AA-3858	TCGA-COAD	NonMSI	cbio_subtype	0
TCGA-AA-3860	TCGA-COAD	Unknown	missing	0
TCGA-AA-3861	TCGA-COAD	Unknown	missing	0
TCGA-AA-3862	TCGA-COAD	Unknown	missing	0
TCGA-AA-3864	TCGA-COAD	MSI	cbio_subtype	0
TCGA-AA-3866	TCGA-COAD	NonMSI	cbio_subtype	0
TCGA-AA-3867	TCGA-COAD	NonMSI	cbio_subtype	0
TCGA-AA-3869	TCGA-COAD	Unknown	missing	0
TCGA-AA-3870	TCGA-COAD	Unknown	missing	0
TCGA-AA-3872	TCGA-COAD	Unknown	missing	0
TCGA-AA-3875	TCGA-COAD	NonMSI	cbio_subtype	0
TCGA-AA-3877	TCGA-COAD	MSI	cbio_subtype	0
TCGA-AA-3930	TCGA-COAD	Unknown	missing	0
TCGA-AA-3939	TCGA-COAD	Unknown	missing	0
TCGA-AA-3941	TCGA-COAD	Unknown	missing	0
TCGA-AA-3947	TCGA-COAD	MSI	cbio_subtype	0
TCGA-AA-3949	TCGA-COAD	MSI	cbio_subtype	0
TCGA-AA-3950	TCGA-COAD	NonMSI	cbio_subtype	0
TCGA-AA-3952	TCGA-COAD	NonMSI	cbio_subtype	0
TCGA-AA-3955	TCGA-COAD	Unknown	missing	0
TCGA-AA-3956	TCGA-COAD	NonMSI	cbio_subtype	0
TCGA-AA-3966	TCGA-COAD	MSI	cbio_subtype	0
TCGA-AA-3967	TCGA-COAD	Unknown	missing	0
TCGA-AA-3968	TCGA-COAD	NonMSI	cbio_subtype	0
TCGA-AA-3970	TCGA-COAD	Unknown	missing	0
TCGA-AA-3971	TCGA-COAD	NonMSI	cbio_subtype	0
TCGA-AA-3972	TCGA-COAD	Unknown	missing	0
TCGA-AA-3973	TCGA-COAD	NonMSI	cbio_subtype	0
TCGA-AA-3975	TCGA-COAD	NonMSI	cbio_subtype	0
TCGA-AA-3976	TCGA-COAD	NonMSI	cbio_subtype	0
TCGA-AA-3977	TCGA-COAD	Unknown	missing	0
TCGA-AA-3979	TCGA-COAD	NonMSI	cbio_subtype	0
TCGA-AA-3980	TCGA-COAD	Unknown	missing	0
TCGA-AA-3982	TCGA-COAD	NonMSI	cbio_subtype	0
TCGA-AA-3984	TCGA-COAD	NonMSI	cbio_subtype	0
TCGA-AA-3986	TCGA-COAD	NonMSI	cbio_subtype	0
TCGA-AA-3989	TCGA-COAD	NonMSI	cbio_subtype	0
TCGA-AA-3994	TCGA-COAD	NonMSI	cbio_subtype	0
TCGA-AA-A004	TCGA-COAD	Unknown	missing	0
TCGA-AA-A00A	TCGA-COAD	Unknown	missing	0
TCGA-AA-A00D	TCGA-COAD	Unknown	missing	0
TCGA-AA-A00E	TCGA-COAD	Unknown	missing	0
TCGA-AA-A00F	TCGA-COAD	Unknown	missing	0
TCGA-AA-A00J	TCGA-COAD	Unknown	missing	0
TCGA-AA-A00K	TCGA-COAD	Unknown	missing	0
TCGA-AA-A00L	TCGA-COAD	Unknown	missing	0
TCGA-AA-A00N	TCGA-COAD	Unknown	missing	0
TCGA-AA-A00O	TCGA-COAD	Unknown	missing	0
TCGA-AA-A00Q	TCGA-COAD	Unknown	missing	0
TCGA-AA-A00R	TCGA-COAD	Unknown	missing	0
TCGA-AA-A00U	TCGA-COAD	Unknown	missing	0
TCGA-AA-A00W	TCGA-COAD	Unknown	missing	0
TCGA-AA-A00Z	TCGA-COAD	Unknown	missing	0
TCGA-AA-A010	TCGA-COAD	NonMSI	cbio_subtype	0
TCGA-AA-A017	TCGA-COAD	Unknown	missing	0
TCGA-AA-A01C	TCGA-COAD	Unknown	missing	0
TCGA-AA-A01D	TCGA-COAD	Unknown	missing	0
TCGA-AA-A01F	TCGA-COAD	Unknown	missing	0
TCGA-AA-A01G	TCGA-COAD	Unknown	missing	0
TCGA-AA-A01I	TCGA-COAD	Unknown	missing	0
TCGA-AA-A01K	TCGA-COAD	Unknown	missing	0
TCGA-AA-A01P	TCGA-COAD	MSI	cbio_subtype	0
TCGA-AA-A01Q	TCGA-COAD	Unknown	missing	0
TCGA-AA-A01R	TCGA-COAD	MSI	cbio_subtype	0
TCGA-AA-A01S	TCGA-COAD	NonMSI	cbio_subtype	0
TCGA-AA-A01T	TCGA-COAD	NonMSI	cbio_subtype	0
TCGA-AA-A01V	TCGA-COAD	NonMSI	cbio_subtype	0
TCGA-AA-A01X	TCGA-COAD	NonMSI	cbio_subtype	0
TCGA-AA-A01Z	TCGA-COAD	NonMSI	cbio_subtype	0
TCGA-AA-A022	TCGA-COAD	Unknown	missing	0
TCGA-AA-A024	TCGA-COAD	NonMSI	cbio_subtype	0
TCGA-AA-A029	TCGA-COAD	Unknown	missing	0
TCGA-AA-A02E	TCGA-COAD	NonMSI	cbio_subtype	0
TCGA-AA-A02F	TCGA-COAD	NonMSI	cbio_subtype	0
TCGA-AA-A02H	TCGA-COAD	NonMSI	cbio_subtype	0
TCGA-AA-A02J	TCGA-COAD	Unknown	missing	0
TCGA-AA-A02K	TCGA-COAD	Unknown	missing	0
TCGA-AA-A02O	TCGA-COAD	NonMSI	cbio_subtype	0
TCGA-AA-A02R	TCGA-COAD	Unknown	missing	0
TCGA-AA-A02W	TCGA-COAD	Unknown	missing	0
TCGA-AA-A02Y	TCGA-COAD	NonMSI	cbio_subtype	0
TCGA-AA-A03F	TCGA-COAD	NonMSI	cbio_subtype	0
TCGA-AA-A03J	TCGA-COAD	NonMSI	cbio_subtype	0
TCGA-AD-5900	TCGA-COAD	MSI	cbio_subtype	0
TCGA-AD-6548	TCGA-COAD	NonMSI	cbio_subtype	0
TCGA-AD-6888	TCGA-COAD	NonMSI	cbio_subtype	0
TCGA-AD-6889	TCGA-COAD	MSI	cbio_subtype	0
TCGA-AD-6890	TCGA-COAD	NonMSI	cbio_subtype	0
TCGA-AD-6895	TCGA-COAD	MSI	cbio_subtype	0
TCGA-AD-6899	TCGA-COAD	NonMSI	cbio_subtype	0
TCGA-AD-6901	TCGA-COAD	NonMSI	cbio_subtype	0
TCGA-AD-6963	TCGA-COAD	NonMSI	cbio_subtype	0
TCGA-AD-6964	TCGA-COAD	MSI	cbio_subtype	0
TCGA-AD-6965	TCGA-COAD	NonMSI	cbio_subtype	0
TCGA-AD-A5EJ	TCGA-COAD	MSI	cbio_subtype	0
TCGA-AD-A5EK	TCGA-COAD	NonMSI	cbio_subtype	0
TCGA-AM-5820	TCGA-COAD	NonMSI	cbio_subtype	0
TCGA-AM-5821	TCGA-COAD	MSI	cbio_subtype	0
TCGA-AU-3779	TCGA-COAD	NonMSI	cbio_subtype	0
TCGA-AU-6004	TCGA-COAD	MSI	cbio_subtype	0
TCGA-AY-4070	TCGA-COAD	NonMSI	cbio_subtype	0
TCGA-AY-4071	TCGA-COAD	NonMSI	cbio_subtype	0
TCGA-AY-5543	TCGA-COAD	NonMSI	cbio_subtype	0
TCGA-AY-6196	TCGA-COAD	NonMSI	cbio_subtype	0
TCGA-AY-6197	TCGA-COAD	MSI	cbio_subtype	0
TCGA-AY-6386	TCGA-COAD	NonMSI	cbio_subtype	0
TCGA-AY-A54L	TCGA-COAD	NonMSI	cbio_subtype	0
TCGA-AY-A69D	TCGA-COAD	NonMSI	cbio_subtype	0
TCGA-AY-A71X	TCGA-COAD	NonMSI	cbio_subtype	0
TCGA-AY-A8YK	TCGA-COAD	NonMSI	cbio_subtype	0
TCGA-AZ-4308	TCGA-COAD	NonMSI	cbio_subtype	0
TCGA-AZ-4313	TCGA-COAD	Unknown	missing	0
TCGA-AZ-4315	TCGA-COAD	NonMSI	cbio_subtype	0
TCGA-AZ-4614	TCGA-COAD	NonMSI	cbio_subtype	0
TCGA-AZ-4615	TCGA-COAD	MSI	cbio_subtype	0
TCGA-AZ-4616	TCGA-COAD	NonMSI	cbio_subtype	0
TCGA-AZ-4681	TCGA-COAD	NonMSI	cbio_subtype	0
TCGA-AZ-4682	TCGA-COAD	NonMSI	cbio_subtype	0
TCGA-AZ-4684	TCGA-COAD	Unknown	missing	0
TCGA-AZ-5403	TCGA-COAD	NonMSI	cbio_subtype	0
TCGA-AZ-5407	TCGA-COAD	NonMSI	cbio_subtype	0
TCGA-AZ-6598	TCGA-COAD	MSI	cbio_subtype	0
TCGA-AZ-6599	TCGA-COAD	NonMSI	cbio_subtype	0
TCGA-AZ-6600	TCGA-COAD	NonMSI	cbio_subtype	0
TCGA-AZ-6601	TCGA-COAD	Unknown	missing	0
TCGA-AZ-6603	TCGA-COAD	NonMSI	cbio_subtype	0
TCGA-AZ-6605	TCGA-COAD	NonMSI	cbio_subtype	0
TCGA-AZ-6606	TCGA-COAD	NonMSI	cbio_subtype	0
TCGA-AZ-6607	TCGA-COAD	Unknown	missing	0
TCGA-AZ-6608	TCGA-COAD	Unknown	missing	0
TCGA-B7-5816	TCGA-STAD	MSI	cbio_subtype	0
TCGA-BR-6452	TCGA-STAD	MSI	cbio_subtype	0
TCGA-BR-6453	TCGA-STAD	NonMSI	cbio_subtype	0
TCGA-BR-6454	TCGA-STAD	NonMSI	cbio_subtype	0
TCGA-BR-6455	TCGA-STAD	NonMSI	cbio_subtype	0
TCGA-BR-6456	TCGA-STAD	NonMSI	cbio_subtype	0
TCGA-BR-6457	TCGA-STAD	NonMSI	cbio_subtype	0
TCGA-BR-6458	TCGA-STAD	NonMSI	cbio_subtype	0
TCGA-BR-6563	TCGA-STAD	NonMSI	cbio_subtype	0
TCGA-BR-6564	TCGA-STAD	NonMSI	cbio_subtype	0
TCGA-BR-6565	TCGA-STAD	NonMSI	cbio_subtype	0
TCGA-BR-6566	TCGA-STAD	MSI	cbio_subtype	0
TCGA-BR-6705	TCGA-STAD	NonMSI	cbio_subtype	0
TCGA-BR-6706	TCGA-STAD	NonMSI	cbio_subtype	0
TCGA-BR-6707	TCGA-STAD	NonMSI	cbio_subtype	0
TCGA-BR-6709	TCGA-STAD	Unknown	missing	0
TCGA-BR-6710	TCGA-STAD	Unknown	missing	0
TCGA-BR-6801	TCGA-STAD	NonMSI	cbio_subtype	0
TCGA-BR-6802	TCGA-STAD	MSI	cbio_subtype	0
TCGA-BR-6803	TCGA-STAD	NonMSI	cbio_subtype	0
TCGA-BR-6852	TCGA-STAD	MSI	cbio_subtype	0
TCGA-BR-7196	TCGA-STAD	NonMSI	cbio_subtype	0
TCGA-BR-7197	TCGA-STAD	NonMSI	cbio_subtype	0
TCGA-BR-7703	TCGA-STAD	MSI	cbio_subtype	0
TCGA-BR-7704	TCGA-STAD	Unknown	missing	0
TCGA-BR-7707	TCGA-STAD	MSI	cbio_subtype	0
TCGA-BR-7715	TCGA-STAD	NonMSI	cbio_subtype	0
TCGA-BR-7716	TCGA-STAD	NonMSI	cbio_subtype	0
TCGA-BR-7717	TCGA-STAD	NonMSI	cbio_subtype	0
TCGA-BR-7722	TCGA-STAD	NonMSI	cbio_subtype	0
TCGA-BR-7723	TCGA-STAD	NonMSI	cbio_subtype	0
TCGA-BR-7851	TCGA-STAD	MSI	cbio_subtype	0
TCGA-BR-7901	TCGA-STAD	NonMSI	cbio_subtype	0
TCGA-BR-7957	TCGA-STAD	NonMSI	cbio_subtype	0
TCGA-BR-7958	TCGA-STAD	NonMSI	cbio_subtype	0
TCGA-BR-7959	TCGA-STAD	NonMSI	cbio_subtype	0
TCGA-BR-8058	TCGA-STAD	NonMSI	cbio_subtype	0
TCGA-BR-8059	TCGA-STAD	MSI	cbio_subtype	0
TCGA-BR-8060	TCGA-STAD	Unknown	missing	0
TCGA-BR-8077	TCGA-STAD	NonMSI	cbio_subtype	0
TCGA-BR-8078	TCGA-STAD	MSI	cbio_subtype	0
TCGA-BR-8080	TCGA-STAD	NonMSI	cbio_subtype	0
TCGA-BR-8081	TCGA-STAD	MSI	cbio_subtype	0
TCGA-BR-8284	TCGA-STAD	NonMSI	cbio_subtype	0
TCGA-BR-8285	TCGA-STAD	Unknown	missing	0
TCGA-BR-8286	TCGA-STAD	NonMSI	cbio_subtype	0
TCGA-BR-8289	TCGA-STAD	NonMSI	cbio_subtype	0
TCGA-BR-8291	TCGA-STAD	NonMSI	cbio_subtype	0
TCGA-BR-8295	TCGA-STAD	Unknown	missing	0
TCGA-BR-8296	TCGA-STAD	Unknown	missing	0
TCGA-BR-8297	TCGA-STAD	NonMSI	cbio_subtype	0
TCGA-BR-8360	TCGA-STAD	Unknown	missing	0
TCGA-BR-8361	TCGA-STAD	MSI	cbio_subtype	0
TCGA-BR-8362	TCGA-STAD	Unknown	missing	0
TCGA-BR-8363	TCGA-STAD	MSI	cbio_subtype	0
TCGA-BR-8364	TCGA-STAD	NonMSI	cbio_subtype	0
TCGA-BR-8365	TCGA-STAD	NonMSI	cbio_subtype	0
TCGA-BR-8366	TCGA-STAD	NonMSI	cbio_subtype	0
TCGA-BR-8367	TCGA-STAD	NonMSI	cbio_subtype	0
TCGA-BR-8368	TCGA-STAD	MSI	cbio_subtype	0
TCGA-BR-8369	TCGA-STAD	NonMSI	cbio_subtype	0
TCGA-BR-8370	TCGA-STAD	Unknown	missing	0
TCGA-BR-8371	TCGA-STAD	NonMSI	cbio_subtype	0
TCGA-BR-8372	TCGA-STAD	MSI	cbio_subtype	0
TCGA-BR-8373	TCGA-STAD	NonMSI	cbio_subtype	0
TCGA-BR-8380	TCGA-STAD	NonMSI	cbio_subtype	0
TCGA-BR-8381	TCGA-STAD	NonMSI	cbio_subtype	0
TCGA-BR-8382	TCGA-STAD	MSI	cbio_subtype	0
TCGA-BR-8384	TCGA-STAD	NonMSI	cbio_subtype	0
TCGA-BR-8483	TCGA-STAD	NonMSI	cbio_subtype	0
TCGA-BR-8484	TCGA-STAD	NonMSI	cbio_subtype	0
TCGA-BR-8485	TCGA-STAD	NonMSI	cbio_subtype	0
TCGA-BR-8486	TCGA-STAD	NonMSI	cbio_subtype	0
TCGA-BR-8487	TCGA-STAD	MSI	cbio_subtype	0
TCGA-BR-8588	TCGA-STAD	NonMSI	cbio_subtype	0
TCGA-BR-8589	TCGA-STAD	NonMSI	cbio_subtype	0
TCGA-BR-8590	TCGA-STAD	NonMSI	cbio_subtype	0
TCGA-BR-8591	TCGA-STAD	MSI	cbio_subtype	0
TCGA-BR-8592	TCGA-STAD	NonMSI	cbio_subtype	0
TCGA-BR-8676	TCGA-STAD	Unknown	missing	0
TCGA-BR-8677	TCGA-STAD	NonMSI	cbio_subtype	0
TCGA-BR-8678	TCGA-STAD	NonMSI	cbio_subtype	0
TCGA-BR-8679	TCGA-STAD	NonMSI	cbio_subtype	0
TCGA-BR-8680	TCGA-STAD	NonMSI	cbio_subtype	0
TCGA-BR-8682	TCGA-STAD	NonMSI	cbio_subtype	0
TCGA-BR-8683	TCGA-STAD	NonMSI	cbio_subtype	0
TCGA-BR-8686	TCGA-STAD	NonMSI	cbio_subtype	0
TCGA-BR-8687	TCGA-STAD	NonMSI	cbio_subtype	0
TCGA-BR-8690	TCGA-STAD	Unknown	missing	0
TCGA-BR-A44T	TCGA-STAD	NonMSI	cbio_subtype	0
TCGA-BR-A44U	TCGA-STAD	NonMSI	cbio_subtype	0
TCGA-BR-A452	TCGA-STAD	NonMSI	cbio_subtype	0
TCGA-BR-A453	TCGA-STAD	NonMSI	cbio_subtype	0
TCGA-BR-A4CQ	TCGA-STAD	Unknown	missing	0
TCGA-BR-A4CR	TCGA-STAD	NonMSI	cbio_subtype	0
TCGA-BR-A4CS	TCGA-STAD	NonMSI	cbio_subtype	0
TCGA-BR-A4IU	TCGA-STAD	NonMSI	cbio_subtype	0
TCGA-BR-A4IV	TCGA-STAD	NonMSI	cbio_subtype	0
TCGA-BR-A4IY	TCGA-STAD	NonMSI	cbio_subtype	0
TCGA-BR-A4IZ	TCGA-STAD	NonMSI	cbio_subtype	0
TCGA-BR-A4J1	TCGA-STAD	NonMSI	cbio_subtype	0
TCGA-BR-A4J2	TCGA-STAD	NonMSI	cbio_subtype	0
TCGA-BR-A4J4	TCGA-STAD	NonMSI	cbio_subtype	0
TCGA-BR-A4J5	TCGA-STAD	NonMSI	cbio_subtype	0
TCGA-BR-A4J6	TCGA-STAD	NonMSI	cbio_subtype	0
TCGA-BR-A4J7	TCGA-STAD	NonMSI	cbio_subtype	0
TCGA-BR-A4J8	TCGA-STAD	NonMSI	cbio_subtype	0
TCGA-BR-A4J9	TCGA-STAD	NonMSI	cbio_subtype	0
TCGA-BR-A4PD	TCGA-STAD	NonMSI	cbio_subtype	0
TCGA-BR-A4PE	TCGA-STAD	NonMSI	cbio_subtype	0
TCGA-BR-A4PF	TCGA-STAD	NonMSI	cbio_subtype	0
TCGA-BR-A4QI	TCGA-STAD	NonMSI	cbio_subtype	0
TCGA-BR-A4QL	TCGA-STAD	Unknown	missing	0
TCGA-BR-A4QM	TCGA-STAD	Unknown	missing	0
TCGA-CA-5254	TCGA-COAD	NonMSI	cbio_subtype	0
TCGA-CA-5255	TCGA-COAD	NonMSI	cbio_subtype	0
TCGA-CA-5256	TCGA-COAD	NonMSI	cbio_subtype	0
TCGA-CA-5796	TCGA-COAD	NonMSI	cbio_subtype	0
TCGA-CA-5797	TCGA-COAD	NonMSI	cbio_subtype	0
TCGA-CA-6715	TCGA-COAD	NonMSI	cbio_subtype	0
TCGA-CA-6716	TCGA-COAD	NonMSI	cbio_subtype	0
TCGA-CA-6717	TCGA-COAD	NonMSI	cbio_subtype	0
TCGA-CA-6718	TCGA-COAD	NonMSI	cbio_subtype	0
TCGA-CA-6719	TCGA-COAD	NonMSI	cbio_subtype	0
TCGA-CD-5798	TCGA-STAD	NonMSI	cbio_subtype	0
TCGA-CD-5799	TCGA-STAD	NonMSI	cbio_subtype	0
TCGA-CD-5800	TCGA-STAD	NonMSI	cbio_subtype	0
TCGA-CD-5801	TCGA-STAD	NonMSI	cbio_subtype	0
TCGA-CD-5802	TCGA-STAD	Unknown	missing	0
TCGA-CD-5803	TCGA-STAD	NonMSI	cbio_subtype	0
TCGA-CD-5804	TCGA-STAD	NonMSI	cbio_subtype	0
TCGA-CD-5813	TCGA-STAD	Unknown	missing	0
TCGA-CD-8524	TCGA-STAD	NonMSI	cbio_subtype	0
TCGA-CD-8525	TCGA-STAD	Unknown	missing	0
TCGA-CD-8526	TCGA-STAD	NonMSI	cbio_subtype	0
TCGA-CD-8527	TCGA-STAD	Unknown	missing	0
TCGA-CD-8528	TCGA-STAD	NonMSI	cbio_subtype	0
TCGA-CD-8529	TCGA-STAD	NonMSI	cbio_subtype	0
TCGA-CD-8530	TCGA-STAD	NonMSI	cbio_subtype	0
TCGA-CD-8531	TCGA-STAD	NonMSI	cbio_subtype	0
TCGA-CD-8532	TCGA-STAD	NonMSI	cbio_subtype	0
TCGA-CD-8533	TCGA-STAD	Unknown	missing	0
TCGA-CD-8534	TCGA-STAD	NonMSI	cbio_subtype	0
TCGA-CD-8535	TCGA-STAD	NonMSI	cbio_subtype	0
TCGA-CD-8536	TCGA-STAD	MSI	cbio_subtype	0
TCGA-CD-A486	TCGA-STAD	NonMSI	cbio_subtype	0
TCGA-CD-A487	TCGA-STAD	NonMSI	cbio_subtype	0
TCGA-CD-A489	TCGA-STAD	NonMSI	cbio_subtype	0
TCGA-CD-A48A	TCGA-STAD	NonMSI	cbio_subtype	0
TCGA-CD-A48C	TCGA-STAD	NonMSI	cbio_subtype	0
TCGA-CD-A4MG	TCGA-STAD	MSI	cbio_subtype	0
TCGA-CD-A4MH	TCGA-STAD	NonMSI	cbio_subtype	0
TCGA-CD-A4MI	TCGA-STAD	MSI	cbio_subtype	0
TCGA-CD-A4MJ	TCGA-STAD	MSI	cbio_subtype	0
TCGA-CG-4300	TCGA-STAD	Unknown	missing	0
TCGA-CG-4301	TCGA-STAD	NonMSI	cbio_subtype	0
TCGA-CG-4304	TCGA-STAD	NonMSI	cbio_subtype	0
TCGA-CG-4305	TCGA-STAD	MSI	cbio_subtype	0
TCGA-CG-4306	TCGA-STAD	MSI	cbio_subtype	0
TCGA-CG-4436	TCGA-STAD	NonMSI	cbio_subtype	0
TCGA-CG-4438	TCGA-STAD	NonMSI	cbio_subtype	0
TCGA-CG-4440	TCGA-STAD	NonMSI	cbio_subtype	0
TCGA-CG-4441	TCGA-STAD	NonMSI	cbio_subtype	0
TCGA-CG-4442	TCGA-STAD	MSI	cbio_subtype	0
TCGA-CG-4443	TCGA-STAD	NonMSI	cbio_subtype	0
TCGA-CG-4444	TCGA-STAD	NonMSI	cbio_subtype	0
TCGA-CG-4449	TCGA-STAD	NonMSI	cbio_subtype	0
TCGA-CG-4455	TCGA-STAD	Unknown	missing	0
TCGA-CG-4460	TCGA-STAD	Unknown	missing	0
TCGA-CG-4462	TCGA-STAD	NonMSI	cbio_subtype	0
TCGA-CG-4465	TCGA-STAD	MSI	cbio_subtype	0
TCGA-CG-4466	TCGA-STAD	NonMSI	cbio_subtype	0
TCGA-CG-4469	TCGA-STAD	NonMSI	cbio_subtype	0
TCGA-CG-4472	TCGA-STAD	Unknown	missing	0
TCGA-CG-4474	TCGA-STAD	NonMSI	cbio_subtype	0
TCGA-CG-4475	TCGA-STAD	NonMSI	cbio_subtype	0
TCGA-CG-4476	TCGA-STAD	NonMSI	cbio_subtype	0
TCGA-CG-4477	TCGA-STAD	NonMSI	cbio_subtype	0
TCGA-CK-4947	TCGA-COAD	NonMSI	cbio_subtype	0
TCGA-CK-4948	TCGA-COAD	NonMSI	cbio_subtype	0
TCGA-CK-4950	TCGA-COAD	NonMSI	cbio_subtype	0
TCGA-CK-4951	TCGA-COAD	MSI	cbio_subtype	0
TCGA-CK-4952	TCGA-COAD	NonMSI	cbio_subtype	0
TCGA-CK-5912	TCGA-COAD	NonMSI	cbio_subtype	0
TCGA-CK-5913	TCGA-COAD	MSI	cbio_subtype	0
TCGA-CK-5914	TCGA-COAD	NonMSI	cbio_subtype	0
TCGA-CK-5915	TCGA-COAD	NonMSI	cbio_subtype	0
TCGA-CK-5916	TCGA-COAD	MSI	cbio_subtype	0
TCGA-CK-6746	TCGA-COAD	MSI	cbio_subtype	0
TCGA-CK-6747	TCGA-COAD	NonMSI	cbio_subtype	0
TCGA-CK-6748	TCGA-COAD	NonMSI	cbio_subtype	0
TCGA-CK-6751	TCGA-COAD	NonMSI	cbio_subtype	0
TCGA-CM-4743	TCGA-COAD	MSI	cbio_subtype	0
TCGA-CM-4744	TCGA-COAD	NonMSI	cbio_subtype	0
TCGA-CM-4746	TCGA-COAD	MSI	cbio_subtype	0
TCGA-CM-4747	TCGA-COAD	NonMSI	cbio_subtype	0
TCGA-CM-4748	TCGA-COAD	Unknown	missing	0
TCGA-CM-4750	TCGA-COAD	NonMSI	cbio_subtype	0
TCGA-CM-4751	TCGA-COAD	NonMSI	cbio_subtype	0
TCGA-CM-4752	TCGA-COAD	NonMSI	cbio_subtype	0
TCGA-CM-5341	TCGA-COAD	NonMSI	cbio_subtype	0
TCGA-CM-5344	TCGA-COAD	NonMSI	cbio_subtype	0
TCGA-CM-5348	TCGA-COAD	NonMSI	cbio_subtype	0
TCGA-CM-5349	TCGA-COAD	NonMSI	cbio_subtype	0
TCGA-CM-5860	TCGA-COAD	NonMSI	cbio_subtype	0
TCGA-CM-5861	TCGA-COAD	MSI	cbio_subtype	0
TCGA-CM-5862	TCGA-COAD	NonMSI	cbio_subtype	0
TCGA-CM-5863	TCGA-COAD	NonMSI	cbio_subtype	0
TCGA-CM-5864	TCGA-COAD	NonMSI	cbio_subtype	0
TCGA-CM-5868	TCGA-COAD	NonMSI	cbio_subtype	0
TCGA-CM-6161	TCGA-COAD	NonMSI	cbio_subtype	0
TCGA-CM-6162	TCGA-COAD	MSI	cbio_subtype	0
TCGA-CM-6163	TCGA-COAD	NonMSI	cbio_subtype	0
TCGA-CM-6164	TCGA-COAD	NonMSI	cbio_subtype	0
TCGA-CM-6165	TCGA-COAD	NonMSI	cbio_subtype	0
TCGA-CM-6166	TCGA-COAD	NonMSI	cbio_subtype	0
TCGA-CM-6167	TCGA-COAD	NonMSI	cbio_subtype	0
TCGA-CM-6168	TCGA-COAD	NonMSI	cbio_subtype	0
TCGA-CM-6169	TCGA-COAD	NonMSI	cbio_subtype	0
TCGA-CM-6170	TCGA-COAD	NonMSI	cbio_subtype	0
TCGA-CM-6171	TCGA-COAD	MSI	cbio_subtype	0
TCGA-CM-6172	TCGA-COAD	NonMSI	cbio_subtype	0
TCGA-CM-6674	TCGA-COAD	MSI	cbio_subtype	0
TCGA-CM-6675	TCGA-COAD	NonMSI	cbio_subtype	0
TCGA-CM-6676	TCGA-COAD	NonMSI	cbio_subtype	0
TCGA-CM-6677	TCGA-COAD	NonMSI	cbio_subtype	0
TCGA-CM-6678	TCGA-COAD	NonMSI	cbio_subtype	0
TCGA-CM-6679	TCGA-COAD	NonMSI	cbio_subtype	0
TCGA-CM-6680	TCGA-COAD	NonMSI	cbio_subtype	0
TCGA-D5-5537	TCGA-COAD	NonMSI	cbio_subtype	0
TCGA-D5-5538	TCGA-COAD	NonMSI	cbio_subtype	0
TCGA-D5-5539	TCGA-COAD	NonMSI	cbio_subtype	0
TCGA-D5-5540	TCGA-COAD	NonMSI	cbio_subtype	0
TCGA-D5-5541	TCGA-COAD	NonMSI	cbio_subtype	0
TCGA-D5-6529	TCGA-COAD	NonMSI	cbio_subtype	0
TCGA-D5-6530	TCGA-COAD	MSI	cbio_subtype	0
TCGA-D5-6531	TCGA-COAD	NonMSI	cbio_subtype	0
TCGA-D5-6532	TCGA-COAD	NonMSI	cbio_subtype	0
TCGA-D5-6533	TCGA-COAD	NonMSI	cbio_subtype	0
TCGA-D5-6534	TCGA-COAD	NonMSI	cbio_subtype	0
TCGA-D5-6535	TCGA-COAD	NonMSI	cbio_subtype	0
TCGA-D5-6536	TCGA-COAD	NonMSI	cbio_subtype	0
TCGA-D5-6537	TCGA-COAD	NonMSI	cbio_subtype	0
TCGA-D5-6538	TCGA-COAD	NonMSI	cbio_subtype	0
TCGA-D5-6539	TCGA-COAD	NonMSI	cbio_subtype	0
TCGA-D5-6540	TCGA-COAD	MSI	cbio_subtype	0
TCGA-D5-6541	TCGA-COAD	NonMSI	cbio_subtype	0
TCGA-D5-6898	TCGA-COAD	NonMSI	cbio_subtype	0
TCGA-D5-6920	TCGA-COAD	NonMSI	cbio_subtype	0
TCGA-D5-6922	TCGA-COAD	NonMSI	cbio_subtype	0
TCGA-D5-6923	TCGA-COAD	Unknown	missing	0
TCGA-D5-6924	TCGA-COAD	NonMSI	cbio_subtype	0
TCGA-D5-6926	TCGA-COAD	NonMSI	cbio_subtype	0
TCGA-D5-6927	TCGA-COAD	MSI	cbio_subtype	0
TCGA-D5-6928	TCGA-COAD	MSI	cbio_subtype	0
TCGA-D5-6929	TCGA-COAD	NonMSI	cbio_subtype	0
TCGA-D5-6930	TCGA-COAD	MSI	cbio_subtype	0
TCGA-D5-6931	TCGA-COAD	NonMSI	cbio_subtype	0
TCGA-D5-6932	TCGA-COAD	NonMSI	cbio_subtype	0
TCGA-D5-7000	TCGA-COAD	NonMSI	cbio_subtype	0
TCGA-D7-5577	TCGA-STAD	NonMSI	cbio_subtype	0
TCGA-D7-5578	TCGA-STAD	NonMSI	cbio_subtype	0
TCGA-D7-5579	TCGA-STAD	Unknown	missing	0
TCGA-D7-6518	TCGA-STAD	NonMSI	cbio_subtype	0
TCGA-D7-6519	TCGA-STAD	NonMSI	cbio_subtype	0
TCGA-D7-6520	TCGA-STAD	NonMSI	cbio_subtype	0
TCGA-D7-6521	TCGA-STAD	NonMSI	cbio_subtype	0
TCGA-D7-6522	TCGA-STAD	NonMSI	cbio_subtype	0
TCGA-D7-6524	TCGA-STAD	NonMSI	cbio_subtype	0
TCGA-D7-6525	TCGA-STAD	NonMSI	cbio_subtype	0
TCGA-D7-6526	TCGA-STAD	NonMSI	cbio_subtype	0
TCGA-D7-6527	TCGA-STAD	NonMSI	cbio_subtype	0
TCGA-D7-6528	TCGA-STAD	NonMSI	cbio_subtype	0
TCGA-D7-6815	TCGA-STAD	NonMSI	cbio_subtype	0
TCGA-D7-6817	TCGA-STAD	NonMSI	cbio_subtype	0
TCGA-D7-6818	TCGA-STAD	NonMSI	cbio_subtype	0
TCGA-D7-6820	TCGA-STAD	NonMSI	cbio_subtype	0
TCGA-D7-6822	TCGA-STAD	NonMSI	cbio_subtype	0
TCGA-D7-8570	TCGA-STAD	NonMSI	cbio_subtype	0
TCGA-D7-8572	TCGA-STAD	NonMSI	cbio_subtype	0
TCGA-D7-8573	TCGA-STAD	NonMSI	cbio_subtype	0
TCGA-D7-8574	TCGA-STAD	NonMSI	cbio_subtype	0
TCGA-D7-8575	TCGA-STAD	NonMSI	cbio_subtype	0
TCGA-D7-8576	TCGA-STAD	NonMSI	cbio_subtype	0
TCGA-D7-8578	TCGA-STAD	NonMSI	cbio_subtype	0
TCGA-D7-8579	TCGA-STAD	NonMSI	cbio_subtype	0
TCGA-D7-A4YT	TCGA-STAD	NonMSI	cbio_subtype	0
TCGA-D7-A4YU	TCGA-STAD	NonMSI	cbio_subtype	0
TCGA-D7-A4YV	TCGA-STAD	MSI	cbio_subtype	0
TCGA-D7-A4YX	TCGA-STAD	NonMSI	cbio_subtype	0
TCGA-D7-A4YY	TCGA-STAD	MSI	cbio_subtype	0
TCGA-D7-A4Z0	TCGA-STAD	NonMSI	cbio_subtype	0
TCGA-D7-A6ET	TCGA-STAD	Unknown	missing	0
TCGA-D7-A6EV	TCGA-STAD	NonMSI	cbio_subtype	0
TCGA-D7-A6EX	TCGA-STAD	NonMSI	cbio_subtype	0
TCGA-D7-A6EY	TCGA-STAD	MSI	cbio_subtype	0
TCGA-D7-A6EZ	TCGA-STAD	NonMSI	cbio_subtype	0
TCGA-D7-A6F0	TCGA-STAD	NonMSI	cbio_subtype	0
TCGA-D7-A6F2	TCGA-STAD	NonMSI	cbio_subtype	0
TCGA-D7-A747	TCGA-STAD	NonMSI	cbio_subtype	0
TCGA-D7-A748	TCGA-STAD	NonMSI	cbio_subtype	0
TCGA-D7-A74A	TCGA-STAD	NonMSI	cbio_subtype	0
TCGA-D7-A74B	TCGA-STAD	Unknown	missing	0
TCGA-DM-A0X9	TCGA-COAD	NonMSI	cbio_subtype	0
TCGA-DM-A0XD	TCGA-COAD	NonMSI	cbio_subtype	0
TCGA-DM-A0XF	TCGA-COAD	NonMSI	cbio_subtype	0
TCGA-DM-A1D0	TCGA-COAD	NonMSI	cbio_subtype	0
TCGA-DM-A1D4	TCGA-COAD	NonMSI	cbio_subtype	0
TCGA-DM-A1D6	TCGA-COAD	NonMSI	cbio_subtype	0
TCGA-DM-A1D7	TCGA-COAD	NonMSI	cbio_subtype	0
TCGA-DM-A1D8	TCGA-COAD	NonMSI	cbio_subtype	0
TCGA-DM-A1D9	TCGA-COAD	NonMSI	cbio_subtype	0
TCGA-DM-A1DA	TCGA-COAD	NonMSI	cbio_subtype	0
TCGA-DM-A1DB	TCGA-COAD	NonMSI	cbio_subtype	0
TCGA-DM-A1HA	TCGA-COAD	NonMSI	cbio_subtype	0
TCGA-DM-A280	TCGA-COAD	NonMSI	cbio_subtype	0
TCGA-DM-A282	TCGA-COAD	NonMSI	cbio_subtype	0
TCGA-DM-A285	TCGA-COAD	NonMSI	cbio_subtype	0
TCGA-DM-A288	TCGA-COAD	NonMSI	cbio_subtype	0
TCGA-DM-A28A	TCGA-COAD	NonMSI	cbio_subtype	0
TCGA-DM-A28E	TCGA-COAD	NonMSI	cbio_subtype	0
TCGA-DM-A28F	TCGA-COAD	NonMSI	cbio_subtype	0
TCGA-DM-A28G	TCGA-COAD	NonMSI	cbio_subtype	0
TCGA-DM-A28H	TCGA-COAD	NonMSI	cbio_subtype	0
TCGA-DM-A28K	TCGA-COAD	NonMSI	cbio_subtype	0
TCGA-DM-A28M	TCGA-COAD	NonMSI	cbio_subtype	0
TCGA-EQ-5647	TCGA-STAD	Unknown	missing	0
TCGA-EQ-A4SO	TCGA-STAD	NonMSI	cbio_subtype	0
TCGA-F1-6177	TCGA-STAD	MSI	cbio_subtype	0
TCGA-F1-6874	TCGA-STAD	MSI	cbio_subtype	0
TCGA-F1-6875	TCGA-STAD	NonMSI	cbio_subtype	0
TCGA-F1-A448	TCGA-STAD	MSI	cbio_subtype	0
TCGA-F1-A72C	TCGA-STAD	NonMSI	cbio_subtype	0
TCGA-F4-6459	TCGA-COAD	NonMSI	cbio_subtype	0
TCGA-F4-6460	TCGA-COAD	NonMSI	cbio_subtype	0
TCGA-F4-6461	TCGA-COAD	NonMSI	cbio_subtype	0
TCGA-F4-6463	TCGA-COAD	NonMSI	cbio_subtype	0
TCGA-F4-6569	TCGA-COAD	NonMSI	cbio_subtype	0
TCGA-F4-6570	TCGA-COAD	MSI	cbio_subtype	0
TCGA-F4-6703	TCGA-COAD	MSI	cbio_subtype	0
TCGA-F4-6704	TCGA-COAD	NonMSI	cbio_subtype	0
TCGA-F4-6805	TCGA-COAD	NonMSI	cbio_subtype	0
TCGA-F4-6806	TCGA-COAD	NonMSI	cbio_subtype	0
TCGA-F4-6807	TCGA-COAD	NonMSI	cbio_subtype	0
TCGA-F4-6808	TCGA-COAD	NonMSI	cbio_subtype	0
TCGA-F4-6809	TCGA-COAD	NonMSI	cbio_subtype	0
TCGA-F4-6854	TCGA-COAD	NonMSI	cbio_subtype	0
TCGA-F4-6855	TCGA-COAD	NonMSI	cbio_subtype	0
TCGA-F4-6856	TCGA-COAD	MSI	cbio_subtype	0
TCGA-FP-7735	TCGA-STAD	NonMSI	cbio_subtype	0
TCGA-FP-7829	TCGA-STAD	NonMSI	cbio_subtype	0
TCGA-FP-7916	TCGA-STAD	NonMSI	cbio_subtype	0
TCGA-FP-7998	TCGA-STAD	NonMSI	cbio_subtype	0
TCGA-FP-8099	TCGA-STAD	NonMSI	cbio_subtype	0
TCGA-FP-8209	TCGA-STAD	NonMSI	cbio_subtype	0
TCGA-FP-8210	TCGA-STAD	NonMSI	cbio_subtype	0
TCGA-FP-8211	TCGA-STAD	NonMSI	cbio_subtype	0
TCGA-FP-8631	TCGA-STAD	NonMSI	cbio_subtype	0
TCGA-FP-A4BE	TCGA-STAD	Unknown	missing	0
TCGA-FP-A4BF	TCGA-STAD	NonMSI	cbio_subtype	0
TCGA-FP-A8CX	TCGA-STAD	NonMSI	cbio_subtype	0
TCGA-FP-A9TM	TCGA-STAD	NonMSI	cbio_subtype	0
TCGA-G4-6293	TCGA-COAD	NonMSI	cbio_subtype	0
TCGA-G4-6294	TCGA-COAD	NonMSI	cbio_subtype	0
TCGA-G4-6295	TCGA-COAD	NonMSI	cbio_subtype	0
TCGA-G4-6297	TCGA-COAD	NonMSI	cbio_subtype	0
TCGA-G4-6298	TCGA-COAD	NonMSI	cbio_subtype	0
TCGA-G4-6299	TCGA-COAD	NonMSI	cbio_subtype	0
TCGA-G4-6302	TCGA-COAD	MSI	cbio_subtype	0
TCGA-G4-6303	TCGA-COAD	NonMSI	cbio_subtype	0
TCGA-G4-6304	TCGA-COAD	MSI	cbio_subtype	0
TCGA-G4-6306	TCGA-COAD	NonMSI	cbio_subtype	0
TCGA-G4-6307	TCGA-COAD	NonMSI	cbio_subtype	0
TCGA-G4-6309	TCGA-COAD	MSI	cbio_subtype	0
TCGA-G4-6310	TCGA-COAD	Unknown	missing	0
TCGA-G4-6311	TCGA-COAD	NonMSI	cbio_subtype	0
TCGA-G4-6314	TCGA-COAD	Unknown	missing	0
TCGA-G4-6315	TCGA-COAD	NonMSI	cbio_subtype	0
TCGA-G4-6317	TCGA-COAD	NonMSI	cbio_subtype	0
TCGA-G4-6320	TCGA-COAD	MSI	cbio_subtype	0
TCGA-G4-6321	TCGA-COAD	NonMSI	cbio_subtype	0
TCGA-G4-6322	TCGA-COAD	NonMSI	cbio_subtype	0
TCGA-G4-6323	TCGA-COAD	NonMSI	cbio_subtype	0
TCGA-G4-6586	TCGA-COAD	MSI	cbio_subtype	0
TCGA-G4-6588	TCGA-COAD	MSI	cbio_subtype	0
TCGA-G4-6625	TCGA-COAD	Unknown	missing	0
TCGA-G4-6626	TCGA-COAD	NonMSI	cbio_subtype	0
TCGA-G4-6627	TCGA-COAD	NonMSI	cbio_subtype	0
TCGA-G4-6628	TCGA-COAD	MSI	cbio_subtype	0
TCGA-HF-7131	TCGA-STAD	Unknown	missing	0
TCGA-HF-7132	TCGA-STAD	MSI	cbio_subtype	0
TCGA-HF-7133	TCGA-STAD	NonMSI	cbio_subtype	0
TCGA-HF-7134	TCGA-STAD	Unknown	missing	0
TCGA-HF-7136	TCGA-STAD	NonMSI	cbio_subtype	0
TCGA-HF-A5NB	TCGA-STAD	MSI	cbio_subtype	0
TCGA-HJ-7597	TCGA-STAD	Unknown	missing	0
TCGA-HU-8238	TCGA-STAD	Unknown	missing	0
TCGA-HU-8244	TCGA-STAD	Unknown	missing	0
TCGA-HU-8245	TCGA-STAD	Unknown	missing	0
TCGA-HU-8249	TCGA-STAD	NonMSI	cbio_subtype	0
TCGA-HU-8604	TCGA-STAD	NonMSI	cbio_subtype	0
TCGA-HU-8608	TCGA-STAD	NonMSI	cbio_subtype	0
TCGA-HU-8610	TCGA-STAD	NonMSI	cbio_subtype	0
TCGA-HU-A4G2	TCGA-STAD	NonMSI	cbio_subtype	0
TCGA-HU-A4G3	TCGA-STAD	NonMSI	cbio_subtype	0
TCGA-HU-A4G6	TCGA-STAD	NonMSI	cbio_subtype	0
TCGA-HU-A4G8	TCGA-STAD	MSI	cbio_subtype	0
TCGA-HU-A4G9	TCGA-STAD	MSI	cbio_subtype	0
TCGA-HU-A4GC	TCGA-STAD	NonMSI	cbio_subtype	0
TCGA-HU-A4GD	TCGA-STAD	NonMSI	cbio_subtype	0
TCGA-HU-A4GF	TCGA-STAD	NonMSI	cbio_subtype	0
TCGA-HU-A4GH	TCGA-STAD	NonMSI	cbio_subtype	0
TCGA-HU-A4GJ	TCGA-STAD	Unknown	missing	0
TCGA-HU-A4GN	TCGA-STAD	MSI	cbio_subtype	0
TCGA-HU-A4GP	TCGA-STAD	NonMSI	cbio_subtype	0
TCGA-HU-A4GQ	TCGA-STAD	MSI	cbio_subtype	0
TCGA-HU-A4GT	TCGA-STAD	MSI	cbio_subtype	0
TCGA-HU-A4GU	TCGA-STAD	MSI	cbio_subtype	0
TCGA-HU-A4GX	TCGA-STAD	MSI	cbio_subtype	0
TCGA-HU-A4GY	TCGA-STAD	NonMSI	cbio_subtype	0
TCGA-HU-A4H0	TCGA-STAD	NonMSI	cbio_subtype	0
TCGA-HU-A4H5	TCGA-STAD	NonMSI	cbio_subtype	0
TCGA-HU-A4H6	TCGA-STAD	NonMSI	cbio_subtype	0
TCGA-HU-A4H8	TCGA-STAD	MSI	cbio_subtype	0
TCGA-HU-A4HB	TCGA-STAD	Unknown	missing	0
TCGA-HU-A4HD	TCGA-STAD	NonMSI	cbio_subtype	0
TCGA-IN-7806	TCGA-STAD	NonMSI	cbio_subtype	0
TCGA-IN-7808	TCGA-STAD	NonMSI	cbio_subtype	0
TCGA-IN-8663	TCGA-STAD	NonMSI	cbio_subtype	0
TCGA-IP-7968	TCGA-STAD	NonMSI	cbio_subtype	0
TCGA-KB-A6F5	TCGA-STAD	Unknown	missing	0
TCGA-KB-A6F7	TCGA-STAD	NonMSI	cbio_subtype	0
TCGA-KB-A93G	TCGA-STAD	Unknown	missing	0
TCGA-KB-A93H	TCGA-STAD	Unknown	missing	0
TCGA-KB-A93J	TCGA-STAD	NonMSI	cbio_subtype	0
TCGA-MX-A5UG	TCGA-STAD	NonMSI	cbio_subtype	0
TCGA-MX-A5UJ	TCGA-STAD	MSI	cbio_subtype	0
TCGA-MX-A663	TCGA-STAD	NonMSI	cbio_subtype	0
TCGA-MX-A666	TCGA-STAD	NonMSI	cbio_subtype	0
TCGA-NH-A50T	TCGA-COAD	NonMSI	cbio_subtype	0
TCGA-NH-A50U	TCGA-COAD	NonMSI	cbio_subtype	0
TCGA-NH-A50V	TCGA-COAD	NonMSI	cbio_subtype	0
TCGA-NH-A5IV	TCGA-COAD	MSI	cbio_subtype	0
TCGA-NH-A6GA	TCGA-COAD	NonMSI	cbio_subtype	0
TCGA-NH-A6GB	TCGA-COAD	NonMSI	cbio_subtype	0
TCGA-NH-A6GC	TCGA-COAD	NonMSI	cbio_subtype	0
TCGA-NH-A8F7	TCGA-COAD	NonMSI	cbio_subtype	0
TCGA-NH-A8F8	TCGA-COAD	NonMSI	cbio_subtype	0
TCGA-QG-A5YV	TCGA-COAD	NonMSI	cbio_subtype	0
TCGA-QG-A5YW	TCGA-COAD	NonMSI	cbio_subtype	0
TCGA-QG-A5YX	TCGA-COAD	NonMSI	cbio_subtype	0
TCGA-QG-A5Z1	TCGA-COAD	NonMSI	cbio_subtype	0
TCGA-QG-A5Z2	TCGA-COAD	MSI	cbio_subtype	0
TCGA-QL-A97D	TCGA-COAD	NonMSI	cbio_subtype	0
TCGA-R5-A7O7	TCGA-STAD	NonMSI	cbio_subtype	0
TCGA-R5-A7ZE	TCGA-STAD	NonMSI	cbio_subtype	0
TCGA-R5-A7ZF	TCGA-STAD	NonMSI	cbio_subtype	0
TCGA-R5-A7ZI	TCGA-STAD	MSI	cbio_subtype	0
TCGA-R5-A7ZR	TCGA-STAD	NonMSI	cbio_subtype	0
TCGA-R5-A804	TCGA-STAD	Unknown	missing	0
TCGA-R5-A805	TCGA-STAD	NonMSI	cbio_subtype	0
TCGA-RD-A7BS	TCGA-STAD	NonMSI	cbio_subtype	0
TCGA-RD-A7BT	TCGA-STAD	Unknown	missing	0
TCGA-RD-A7BW	TCGA-STAD	NonMSI	cbio_subtype	0
TCGA-RD-A7C1	TCGA-STAD	NonMSI	cbio_subtype	0
TCGA-RD-A8MV	TCGA-STAD	NonMSI	cbio_subtype	0
TCGA-RD-A8MW	TCGA-STAD	NonMSI	cbio_subtype	0
TCGA-RD-A8N0	TCGA-STAD	NonMSI	cbio_subtype	0
TCGA-RD-A8N1	TCGA-STAD	NonMSI	cbio_subtype	0
TCGA-RD-A8N2	TCGA-STAD	NonMSI	cbio_subtype	0
TCGA-RD-A8N4	TCGA-STAD	NonMSI	cbio_subtype	0
TCGA-RD-A8N5	TCGA-STAD	NonMSI	cbio_subtype	0
TCGA-RD-A8N6	TCGA-STAD	NonMSI	cbio_subtype	0
TCGA-RD-A8N9	TCGA-STAD	NonMSI	cbio_subtype	0
TCGA-RD-A8NB	TCGA-STAD	MSI	cbio_subtype	0
TCGA-SS-A7HO	TCGA-COAD	NonMSI	cbio_subtype	0
TCGA-SW-A7EA	TCGA-STAD	MSI	cbio_subtype	0
TCGA-SW-A7EB	TCGA-STAD	NonMSI	cbio_subtype	0
TCGA-T9-A92H	TCGA-COAD	NonMSI	cbio_subtype	0
TCGA-VQ-A8DL	TCGA-STAD	Unknown	missing	0
TCGA-VQ-A8DT	TCGA-STAD	NonMSI	cbio_subtype	0
TCGA-VQ-A8DU	TCGA-STAD	NonMSI	cbio_subtype	0
TCGA-VQ-A8DV	TCGA-STAD	NonMSI	cbio_subtype	0
TCGA-VQ-A8DZ	TCGA-STAD	NonMSI	cbio_subtype	0
TCGA-VQ-A8E0	TCGA-STAD	NonMSI	cbio_subtype	0
TCGA-VQ-A8E2	TCGA-STAD	NonMSI	cbio_subtype	0
TCGA-VQ-A8E3	TCGA-STAD	MSI	cbio_subtype	0
TCGA-VQ-A8E7	TCGA-STAD	NonMSI	cbio_subtype	0
TCGA-VQ-A8P2	TCGA-STAD	MSI	cbio_subtype	0
TCGA-VQ-A8P3	TCGA-STAD	NonMSI	cbio_subtype	0
TCGA-VQ-A8P5	TCGA-STAD	NonMSI	cbio_subtype	0
TCGA-VQ-A8P8	TCGA-STAD	NonMSI	cbio_subtype	0
TCGA-VQ-A8PB	TCGA-STAD	MSI	cbio_subtype	0
TCGA-VQ-A8PC	TCGA-STAD	NonMSI	cbio_subtype	0
TCGA-VQ-A8PD	TCGA-STAD	NonMSI	cbio_subtype	0
TCGA-VQ-A8PE	TCGA-STAD	NonMSI	cbio_subtype	0
TCGA-VQ-A8PF	TCGA-STAD	NonMSI	cbio_subtype	0
TCGA-VQ-A8PH	TCGA-STAD	NonMSI	cbio_subtype	0
TCGA-VQ-A8PJ	TCGA-STAD	NonMSI	cbio_subtype	0
TCGA-VQ-A8PK	TCGA-STAD	NonMSI	cbio_subtype	0
TCGA-VQ-A8PM	TCGA-STAD	NonMSI	cbio_subtype	0
TCGA-VQ-A8PO	TCGA-STAD	MSI	cbio_subtype	0
TCGA-VQ-A8PP	TCGA-STAD	MSI	cbio_subtype	0
TCGA-VQ-A8PQ	TCGA-STAD	NonMSI	cbio_subtype	0
TCGA-VQ-A8PS	TCGA-STAD	Unknown	missing	0
TCGA-VQ-A8PT	TCGA-STAD	Unknown	missing	0
TCGA-VQ-A8PU	TCGA-STAD	NonMSI	cbio_subtype	0
TCGA-VQ-A8PX	TCGA-STAD	MSI	cbio_subtype	0
TCGA-VQ-A8PY	TCGA-STAD	Unknown	missing	0
TCGA-VQ-A8PZ	TCGA-STAD	Unknown	missing	0
TCGA-VQ-A91A	TCGA-STAD	NonMSI	cbio_subtype	0
TCGA-VQ-A91D	TCGA-STAD	MSI	cbio_subtype	0
TCGA-VQ-A91E	TCGA-STAD	Unknown	missing	0
TCGA-VQ-A91K	TCGA-STAD	MSI	cbio_subtype	0
TCGA-VQ-A91N	TCGA-STAD	NonMSI	cbio_subtype	0
TCGA-VQ-A91Q	TCGA-STAD	NonMSI	cbio_subtype	0
TCGA-VQ-A91S	TCGA-STAD	NonMSI	cbio_subtype	0
TCGA-VQ-A91U	TCGA-STAD	NonMSI	cbio_subtype	0
TCGA-VQ-A91V	TCGA-STAD	NonMSI	cbio_subtype	0
TCGA-VQ-A91W	TCGA-STAD	NonMSI	cbio_subtype	0
TCGA-VQ-A91X	TCGA-STAD	NonMSI	cbio_subtype	0
TCGA-VQ-A91Y	TCGA-STAD	NonMSI	cbio_subtype	0
TCGA-VQ-A91Z	TCGA-STAD	NonMSI	cbio_subtype	0
TCGA-VQ-A922	TCGA-STAD	NonMSI	cbio_subtype	0
TCGA-VQ-A923	TCGA-STAD	NonMSI	cbio_subtype	0
TCGA-VQ-A924	TCGA-STAD	MSI	cbio_subtype	0
TCGA-VQ-A925	TCGA-STAD	NonMSI	cbio_subtype	0
TCGA-VQ-A927	TCGA-STAD	NonMSI	cbio_subtype	0
TCGA-VQ-A928	TCGA-STAD	NonMSI	cbio_subtype	0
TCGA-VQ-A92D	TCGA-STAD	NonMSI	cbio_subtype	0
TCGA-VQ-A94O	TCGA-STAD	NonMSI	cbio_subtype	0
TCGA-VQ-A94P	TCGA-STAD	NonMSI	cbio_subtype	0
TCGA-VQ-A94R	TCGA-STAD	NonMSI	cbio_subtype	0
TCGA-VQ-A94T	TCGA-STAD	NonMSI	cbio_subtype	0
TCGA-VQ-A94U	TCGA-STAD	NonMSI	cbio_subtype	0
TCGA-VQ-AA64	TCGA-STAD	NonMSI	cbio_subtype	0
TCGA-VQ-AA68	TCGA-STAD	NonMSI	cbio_subtype	0
TCGA-VQ-AA69	TCGA-STAD	NonMSI	cbio_subtype	0
TCGA-VQ-AA6A	TCGA-STAD	NonMSI	cbio_subtype	0
TCGA-VQ-AA6B	TCGA-STAD	NonMSI	cbio_subtype	0
TCGA-VQ-AA6D	TCGA-STAD	MSI	cbio_subtype	0
TCGA-VQ-AA6F	TCGA-STAD	NonMSI	cbio_subtype	0
TCGA-VQ-AA6G	TCGA-STAD	NonMSI	cbio_subtype	0
TCGA-VQ-AA6I	TCGA-STAD	NonMSI	cbio_subtype	0
TCGA-VQ-AA6J	TCGA-STAD	NonMSI	cbio_subtype	0
TCGA-VQ-AA6K	TCGA-STAD	NonMSI	cbio_subtype	0
TCGA-WS-AB45	TCGA-COAD	MSI	cbio_subtype	0
TCGA-ZA-A8F6	TCGA-STAD	NonMSI	cbio_subtype	0
TCGA-ZQ-A9CR	TCGA-STAD	NonMSI	cbio_subtype	0
