gx,gy,filename
0,0,tile_gx00_gy00.png
1,0,tile_gx01_gy00.png
2,0,tile_gx02_gy00.png
3,0,tile_gx03_gy00.png
4,0,tile_gx04_gy00.png
5,0,tile_gx05_gy00.png
6,0,tile_gx06_gy00.png
7,0,tile_gx07_gy00.png
0,1,tile_gx00_gy01.png
1,1,tile_gx01_gy01.png
2,1,tile_gx02_gy01.png
3,1,tile_gx03_gy01.png
4,1,tile_gx04_gy01.png
5,1,tile_gx05_gy01.png
6,1,tile_gx06_gy01.png
7,1,tile_gx07_gy01.png
0,2,tile_gx00_gy02.png
1,2,tile_gx01_gy02.png
2,2,tile_gx02_gy02.png
3,2,tile_gx03_gy02.png
4,2,tile_gx04_gy02.png
5,2,tile_gx05_gy02.png
6,2,tile_gx06_gy02.png
7,2,tile_gx07_gy02.png
0,3,tile_gx00_gy03.png
1,3,tile_gx01_gy03.png
2,3,tile_gx02_gy03.png
3,3,tile_gx03_gy03.png
4,3,tile_gx04_gy03.png
5,3,tile_gx05_gy03.png
6,3,tile_gx06_gy03.png
7,3,tile_gx07_gy03.png
0,4,tile_gx00_gy04.png
1,4,tile_gx01_gy04.png
2,4,tile_gx02_gy04.png
3,4,tile_gx03_gy04.png
4,4,tile_gx04_gy04.png
5,4,tile_gx05_gy04.png
6,4,tile_gx06_gy04.png
7,4,tile_gx07_gy04.png
0,5,tile_gx00_gy05.png
1,5,tile_gx01_gy05.png
2,5,tile_gx02_gy05.png
3,5,tile_gx03_gy05.png
4,5,tile_gx04_gy05.png
5,5,tile_gx05_gy05.png
6,5,tile_gx06_gy05.png
7,5,tile_gx07_gy05.png
0,6,tile_gx00_gy06.png
1,6,tile_gx01_gy06.png
2,6,tile_gx02_gy06.png
3,6,tile_gx03_gy06.png
4,6,tile_gx04_gy06.png
5,6,tile_gx05_gy06.png
6,6,tile_gx06_gy06.png
7,6,tile_gx07_gy06.png
0,7,tile_gx00_gy07.png
1,7,tile_gx01_gy07.png
2,7,tile_gx02_gy07.png
3,7,tile_gx03_gy07.png
4,7,tile_gx04_gy07.png
5,7,tile_gx05_gy07.png
6,7,tile_gx06_gy07.png
7,7,tile_gx07_gy07.png
