,train,val,test
0,TCGA-CN-5374-01Z-00-DX1.027c681b-d8d8-47fd-b0f8-917d6ddb3b83_001,TCGA-BB-4223-01Z-00-DX1.8806b83e-910f-4ee8-aa83-f84e3d13155f_001,TCGA-P3-A5Q5-01Z-00-DX1.A5CDF9E0-2F77-465F-B910-8FA7717F3E16_001
1,TCGA-CN-4741-01Z-00-DX1.6adfce37-b5b0-44ff-834e-85059eec24c0_001,TCGA-BB-4228-01Z-00-DX1.170b1b9a-05ac-4115-965e-56c2af944f1f_001,TCGA-P3-A6SW-01Z-00-DX1.254AB8E0-F6CE-4C66-959C-0619459FB5E9_001
2,TCGA-TN-A7HL-01Z-00-DX1.CD7BE3E0-0814-499F-829E-928890BB26F3_001,TCGA-H7-A76A-01Z-00-DX1.E4D824E3-2076-4E46-83F8-9BF5283FCDEE_001,TCGA-BB-4225-01Z-00-DX1.cfce62af-e565-4673-9970-afd08767b062_001
3,TCGA-HD-A633-01Z-00-DX1.0E062B5C-BCD1-42FF-A48F-4EC231D705BF,TCGA-TN-A7HI-01Z-00-DX1.C216A80D-616A-439A-8BC0-AE6FAC938CA1_001,TCGA-P3-A5QE-01Z-00-DX1.AC509BDE-864F-4E38-A693-09EE13C666A5_001
4,TCGA-IQ-A61I-01Z-00-DX1.6A796222-C609-472B-A905-C5D0521625D9_001,TCGA-CV-7254-01Z-00-DX1.ACCE315D-AA82-462C-A84E-5ECE487A179A_001,TCGA-CV-7424-01Z-00-DX1.E9C70A9F-6711-449B-AE3D-C16EB86F5797_001
5,TCGA-HD-8314-01Z-00-DX1.2BB5E2CD-5F68-416F-BB93-5C35B26B44CD_001,TCGA-CV-7097-01Z-00-DX1.2B1116BD-7DC8-41BC-B17A-B2CD607C4CA3_001,TCGA-CN-4736-01Z-00-DX1.883fda2c-82bd-46c1-b220-b9961d8700cc_001_001
6,TCGA-BB-A6UM-01Z-00-DX1.403D4D0A-83F4-4D2F-9CBB-C7A1470AC565_001,TCGA-BA-4078-01Z-00-DX1.B190F43D-3313-496B-BEF7-3798A5DE5E55_001_001,TCGA-CV-7422-01Z-00-DX1.AD56277C-5035-4B2F-957C-CB240EFB5669_001
7,TCGA-KU-A6H7-01Z-00-DX1.AFBBE7A7-6261-499F-AEC3-31AEFF1AB651_001,TCGA-CQ-5334,TCGA-CN-6998
8,TCGA-QK-A6IF-01Z-00-DX2.AAF0F8C8-F5F3-4B3B-9664-31EEE893B65E_001,TCGA-CV-5436,TCGA-CV-6934
9,TCGA-QK-A6IF-01Z-00-DX1.7B689FEA-436B-4406-8107-0160732661B0_001,TCGA-CV-7433-01Z-00-DX1.2EA4930A-41AE-448A-A840-134A927B52EB_001,TCGA-UF-A71A
10,TCGA-CV-5442-01Z-00-DX1.4BB38B9C-A472-4E01-B272-46D541ABBF41_001,,
11,TCGA-RS-A6TP-01Z-00-DX1.C8674492-472E-4EAC-8DBC-B1004C30BD9C_001,,
12,TCGA-DQ-7593-01Z-00-DX1.973A0BE2-053D-487A-90CF-C6ADB8384E8B_001,,
13,TCGA-CQ-5323-01Z-00-DX1.d1e62a32-5f0c-41bf-adf8-ff4e1534808c_001,,
14,TCGA-QK-A6V9-01Z-00-DX1.0D202E91-5205-4888-A40D-381F7534B34A_001,,
15,TCGA-HD-7832-01Z-00-DX1.2240D7A6-AF1F-43F9-9748-05498FEECAD5,,
16,TCGA-T2-A6X0-01Z-00-DX1.B745431A-B9AA-4436-BF69-59EC4D73F14A_001,,
17,TCGA-BA-6869-01Z-00-DX1.6e58648e-3309-47bb-b2c7-b71bcd9dc69b_001,,
18,TCGA-CV-5971-01Z-00-DX1.563DDB4B-6B91-4A52-B2B7-4A8CAF00E6A1_001,,
19,TCGA-BA-5559-01Z-00-DX1.2ef4e82a-fec2-4382-966c-ad991e5b2787_001,,
20,TCGA-HD-7754-01Z-00-DX1.D7E9DB5F-A293-4F4E-BA06-D807E43F0868,,
21,TCGA-HD-A633-01Z-00-DX1.0E062B5C-BCD1-42FF-A48F-4EC231D705BF_001,,
22,TCGA-CV-6433-01Z-00-DX1.069ACB4F-226C-40B6-A141-0E2A1788E68E_001,,
23,TCGA-DQ-7591-01Z-00-DX1.8304B939-542C-4D30-8C77-F705DE1311FF_001,,
24,TCGA-CV-7100-01Z-00-DX1.44DFCAC1-2567-40E7-8F03-AF1FB742B012,,
25,TCGA-P3-A6T6-01Z-00-DX1.4873798C-A2AD-40D5-B5B3-FCF75735C4F3_001,,
26,TCGA-MZ-A6I9-01Z-00-DX1.478C5347-BF30-4CAA-8215-58778D79E33B_001,,
27,TCGA-CV-6939-01Z-00-DX1.20CE5EC1-FE6A-4AD2-A968-135267CAB7E0_001,,
28,TCGA-CV-6961-01Z-00-DX1.325AA036-BCD6-450E-96B2-1317C4DB2412_001,,
29,TCGA-MZ-A6I9-ext 2,,
30,TCGA-CV-5970-01Z-00-DX1.5A5317DD-4738-452B-854F-5EB34991E714,,
31,TCGA-P3-A5QF-01Z-00-DX1.EC33D817-A9FF-4406-9FE4-12D0F37AA189,,
32,TCGA-P3-A5QF-01Z-00-DX1.EC33D817-A9FF-4406-9FE4-12D0F37AA189_001,,
33,TCGA-BA-5153-01Z-00-DX1.045011D8-DF25-4B13-BF92-188D5EBE96CF_001,,
34,TCGA-CN-6024,,
35,TCGA-CV-A45Z-01Z-00-DX1.BAA8DD77-82AE-4441-ADDD-F41FF3476FEB_001,,
36,TCGA-CV-6936,,
37,TCGA-CV-5978-01Z-00-DX1.E2AD0A66-3A25-467F-8768-C0FC34844C79_001,,
38,TCGA-CV-7252,,
39,TCGA-CV-6935-01Z-00-DX1.9C449CB2-FB6D-41D1-A4A6-3069DC84A697_001,,
40,TCGA-CV-6441-01Z-00-DX1.F82A4394-A84E-4392-8988-60BFEAF705F9_001,,
41,TCGA-CV-7255,,
42,TCGA-CN-4731,,
43,TCGA-RS-A6TO-01Z-00-DX1.394CBA89-802C-4B88-98ED-7E173BCB39EA_001,,
44,TCGA-CV-7103-01Z-00-DX1.F70ED660-29F0-4BE1-8B0C-ACCD8FF90B7F_001,,
45,TCGA-CV-7247-01Z-00-DX1.C4EA48AC-B844-4A4E-B2E4-31902F99FB7A_001,,
46,TCGA-BA-6868-01Z-00-DX1.edbca656-6680-4c99-92ef-d7467f42c780_001,,
47,TCGA-CN-5365-01Z-00-DX1.26a33bd0-1eb3-4774-8be6-bf8501f4a9f9_001_001,,
48,TCGA-BA-4076-01Z-00-DX1.F8281BFD-6267-4DF0-BF8D-8F2C5A592A82_001_001,,
49,TCGA-BA-A6DI-01Z-00-DX1.4EB42174-5219-43A3-AD93-64446DCE37CF_001_001,,
50,TCGA-BA-6872-01Z-00-DX1.F99F6394-D319-4599-B124-D2A6692FA096_001_001,,
51,TCGA-CV-6943-01Z-00-DX1.40AC4E32-4F41-4424-9D15-A2FB9FABB104_001,,
52,TCGA-HD-8224,,
53,TCGA-CN-4726,,
54,TCGA-CV-7438-01Z-00-DX1.DE00CAA6-5750-4231-A2D3-7F8CF789E512_001,,
55,TCGA-P3-A5Q6-01Z-00-DX1.246ED957-F840-4C95-B66F-2116AD7AFF93_001,,
56,TCGA-BA-4074-01Z-00-DX1.937DC1B1-C9A4-4E67-B5FD-A0C0C60D2628_001_001,,
57,TCGA-BA-A6DD,,
58,TCGA-CV-7425-01Z-00-DX1.D35EB305-DFB5-494D-A350-359A6CDECAC3_001,,
59,TCGA-BA-6871-01Z-00-DX1.4d9ca329-f8d5-4c31-a20f-9d4fba728326_001,,
60,TCGA-CV-7415-01Z-00-DX1.F0DCC6CF-23DC-46E7-A5E0-2546B9AEB74C_001,,
61,TCGA-CV-6955-01Z-00-DX1.7D446665-7BBE-4D25-9320-AB52260C05F2_001,,
62,TCGA-CN-6996,,
63,TCGA-CV-7177-01Z-00-DX1.F904D98D-645B-4579-9757-28561DFEFB93_001,,
64,TCGA-CN-A642,,
65,TCGA-BB-A5HY-01Z-00-DX1.0BDC44E8-17E5-4907-9C9B-417FF335AEC8_001,,
66,TCGA-KU-A6H8,,
67,TCGA-CN-6013,,
68,TCGA-CN-4739-01Z-00-DX1.e50266c3-606e-4103-a029-021246d4d1df_001_001,,
69,TCGA-CV-5439-01Z-00-DX1.A586BF30-0873-4FCE-8275-6F08D1700D22_001,,
70,TCGA-CV-6950-01Z-00-DX1.1D8CFDF2-998C-45E2-ACDF-581B679DAD6F_001,,
71,TCGA-CV-A6JO,,
72,TCGA-CV-7429,,
73,TCGA-CN-5359,,
74,TCGA-CQ-A4CG,,
75,TCGA-CV-6956,,
76,TCGA-CN-5363-01Z-00-DX1.bd9c87d4-de64-4932-a90f-95888150d780_001,,
77,TCGA-CV-6951,,
78,TCGA-UF-A7JC,,
79,TCGA-CV-7437-01Z-00-DX1.3A0E4FC8-40D0-4D4A-9FAE-1B6BC9F00620_001,,
80,TCGA-DQ-5631-01Z-00-DX1.D9B0F531-4FE9-4D96-BE74-656B2F87F922_001,,
81,TCGA-BA-5149,,
82,TCGA-CV-7263-01Z-00-DX1.F3BC8C3D-BD3B-4663-9C3B-251ECAA4414D_001,,
83,TCGA-CQ-6227,,
84,TCGA-BB-A6UO,,
85,TCGA-CN-4740,,
