gx,gy,reason
2,0,edge_cell_not_coverable_by_center_2x2_pixcell_window
3,0,edge_cell_not_coverable_by_center_2x2_pixcell_window
7,0,edge_cell_not_coverable_by_center_2x2_pixcell_window
7,1,edge_cell_not_coverable_by_center_2x2_pixcell_window
7,2,edge_cell_not_coverable_by_center_2x2_pixcell_window
7,3,edge_cell_not_coverable_by_center_2x2_pixcell_window
7,4,edge_cell_not_coverable_by_center_2x2_pixcell_window
7,5,edge_cell_not_coverable_by_center_2x2_pixcell_window
7,6,edge_cell_not_coverable_by_center_2x2_pixcell_window
0,7,edge_cell_not_coverable_by_center_2x2_pixcell_window
1,7,edge_cell_not_coverable_by_center_2x2_pixcell_window
2,7,edge_cell_not_coverable_by_center_2x2_pixcell_window
3,7,edge_cell_not_coverable_by_center_2x2_pixcell_window
6,7,edge_cell_not_coverable_by_center_2x2_pixcell_window
7,7,edge_cell_not_coverable_by_center_2x2_pixcell_window
