case_id	hpv_status	hpv_type_final	hpv_variant_final	hpv_clade_final	integration_primary	integration_secondary	source
TCGA-BI-A0VR	HPV+	HPV16	A1	A9	No	No	Nature2017_nature21386_SuppTable3
TCGA-BI-A0VS	HPV+	HPV16	A2	A9	Yes	Yes	Nature2017_nature21386_SuppTable3
TCGA-BI-A20A	HPV+	HPV16	A2	A9	Yes	No	Nature2017_nature21386_SuppTable3
TCGA-C5-A0TN	HPV+	HPV16	A1	A9	Yes	Yes	Nature2017_nature21386_SuppTable3
TCGA-C5-A1BE	HPV+	HPV16	B1	A9	Yes	Yes	Nature2017_nature21386_SuppTable3
TCGA-C5-A1BF	HPV+	HPV18	A4	A7	Yes	Yes	Nature2017_nature21386_SuppTable3
TCGA-C5-A1BI	HPV+	HPV16	A2	A9	Yes	No	Nature2017_nature21386_SuppTable3
TCGA-C5-A1BJ	HPV+	HPV16	A1	A9	Yes	No	Nature2017_nature21386_SuppTable3
TCGA-C5-A1BK	HPV+	HPV16	A1	A9	Yes	Yes	Nature2017_nature21386_SuppTable3
TCGA-C5-A1BL	HPV+	HPV16	A1	A9	Yes	Yes	Nature2017_nature21386_SuppTable3
TCGA-C5-A1BM	HPV+	HPV18	B2	A7	Yes	Yes	Nature2017_nature21386_SuppTable3
TCGA-C5-A1BN	HPV+	HPV45	B2	A7	Yes	Yes	Nature2017_nature21386_SuppTable3
TCGA-C5-A1BQ	HPV+	HPV31	A1	A9	No	No	Nature2017_nature21386_SuppTable3
TCGA-C5-A1M5	HPV+	HPV33	A1	A9	Yes	No	Nature2017_nature21386_SuppTable3
TCGA-C5-A1M6	HPV+	HPV18	A3	A7	Yes	Yes	Nature2017_nature21386_SuppTable3
TCGA-C5-A1M7	HPV+	HPV18	A4	A7	Yes	Yes	Nature2017_nature21386_SuppTable3
TCGA-C5-A1M8	HPV+	HPV16	A4	A9	Yes	Yes	Nature2017_nature21386_SuppTable3
TCGA-C5-A1M9	HPV+	HPV16	A2	A9	Yes	Yes	Nature2017_nature21386_SuppTable3
TCGA-C5-A1ME	HPV+	HPV18	A1	A7	Yes	Yes	Nature2017_nature21386_SuppTable3
TCGA-C5-A1MF	HPV+	HPV45	B1	A7	Yes	Yes	Nature2017_nature21386_SuppTable3
TCGA-C5-A1MH	HPV+	HPV16	A2	A9	Yes	Yes	Nature2017_nature21386_SuppTable3
TCGA-C5-A1MI	HPV+	HPV18	A4	A7	Yes	Yes	Nature2017_nature21386_SuppTable3
TCGA-C5-A1MJ	HPV+	HPV18	A1	A7	Yes	Yes	Nature2017_nature21386_SuppTable3
TCGA-C5-A1MK	HPV+	HPV58	A2	A9	Yes	Yes	Nature2017_nature21386_SuppTable3
TCGA-C5-A1ML	HPV+	HPV16	A2	A9	No	No	Nature2017_nature21386_SuppTable3
TCGA-C5-A1MN	HPV+	HPV16	A1	A9	Yes	Yes	Nature2017_nature21386_SuppTable3
TCGA-C5-A1MP	HPV+	HPV16	A1	A9	Yes	Yes	Nature2017_nature21386_SuppTable3
TCGA-C5-A2LS	HPV+	HPV16	D3	A9	Yes	No	Nature2017_nature21386_SuppTable3
TCGA-C5-A2LT	HPV+	HPV70	A	A7	Yes	Yes	Nature2017_nature21386_SuppTable3
TCGA-C5-A2LV	HPV+	HPV16	A1	A9	Yes	Yes	Nature2017_nature21386_SuppTable3
TCGA-C5-A2LX	HPV+	HPV16	A1	A9	Yes	Yes	Nature2017_nature21386_SuppTable3
TCGA-C5-A2LY	HPV+	HPV16	A1	A9	Yes	Yes	Nature2017_nature21386_SuppTable3
TCGA-C5-A2LZ	HPV+	HPV16	A2	A9	No	No	Nature2017_nature21386_SuppTable3
TCGA-C5-A2M1	HPV+	HPV16	A2	A9	Yes	Yes	Nature2017_nature21386_SuppTable3
TCGA-C5-A2M2	HPV+	HPV16	A2	A9	No	No	Nature2017_nature21386_SuppTable3
TCGA-C5-A3HD	HPV+	HPV16	A2	A9	Yes	Yes	Nature2017_nature21386_SuppTable3
TCGA-C5-A3HE	HPV+	HPV18	A4	A7	Yes	Yes	Nature2017_nature21386_SuppTable3
TCGA-C5-A3HF	HPV+	HPV18	A3	A7	Yes	Yes	Nature2017_nature21386_SuppTable3
TCGA-C5-A3HL	HPV+	HPV16	A1	A9	No	No	Nature2017_nature21386_SuppTable3
TCGA-C5-A7CG	HPV+	HPV52	A1	A9	Yes	Yes	Nature2017_nature21386_SuppTable3
TCGA-C5-A7CH	HPV+	HPV16	A1	A9	No	No	Nature2017_nature21386_SuppTable3
TCGA-C5-A7CJ	HPV+	HPV16	A1	A9	No	No	Nature2017_nature21386_SuppTable3
TCGA-C5-A7CK	HPV+	HPV16	A1	A9	Yes	Yes	Nature2017_nature21386_SuppTable3
TCGA-C5-A7CL	HPV+	HPV16	A1	A9	Yes	Yes	Nature2017_nature21386_SuppTable3
TCGA-C5-A7CM	HPV+	HPV18	B1	A7	Yes	Yes	Nature2017_nature21386_SuppTable3
TCGA-C5-A7UE	HPV+	HPV16	A1	A9	Yes	Yes	Nature2017_nature21386_SuppTable3
TCGA-DG-A2KH	HPV+	HPV18	A1	A7	Yes	Yes	Nature2017_nature21386_SuppTable3
TCGA-DG-A2KJ	HPV+	HPV18	A3	A7	Yes	Yes	Nature2017_nature21386_SuppTable3
TCGA-DG-A2KK	HPV+	HPV16	A1	A9	Yes	Yes	Nature2017_nature21386_SuppTable3
TCGA-DG-A2KL	HPV+	HPV16	A1	A9	No	No	Nature2017_nature21386_SuppTable3
TCGA-DG-A2KM	HPV+	HPV16	A1	A9	Yes	Yes	Nature2017_nature21386_SuppTable3
TCGA-DR-A0ZL	HPV+	HPV16	A1	A9	No	No	Nature2017_nature21386_SuppTable3
TCGA-DR-A0ZM	HPV-	negative	negative	negative	No	No	Nature2017_nature21386_SuppTable3
TCGA-DS-A0VK	HPV+	HPV16	A1	A9	Yes	Yes	Nature2017_nature21386_SuppTable3
TCGA-DS-A0VL	HPV+	HPV16	D2	A9	Yes	Yes	Nature2017_nature21386_SuppTable3
TCGA-DS-A0VM	HPV+	HPV16	A1	A9	Yes	Yes	Nature2017_nature21386_SuppTable3
TCGA-DS-A0VN	HPV+	HPV16	A1	A9	Yes	Yes	Nature2017_nature21386_SuppTable3
TCGA-DS-A3LQ	HPV+	HPV69	A3	A5	Yes	Yes	Nature2017_nature21386_SuppTable3
TCGA-DS-A5RQ	HPV+	HPV16	A1	A9	No	No	Nature2017_nature21386_SuppTable3
TCGA-EA-A1QS	HPV+	HPV39	A1	A7	Yes	Yes	Nature2017_nature21386_SuppTable3
TCGA-EA-A1QT	HPV+	HPV16	A1	A9	Yes	Yes	Nature2017_nature21386_SuppTable3
TCGA-EA-A3HQ	HPV+	HPV16	A1	A9	Yes	Yes	Nature2017_nature21386_SuppTable3
TCGA-EA-A3HR	HPV+	HPV73	A2	A11	Yes	Yes	Nature2017_nature21386_SuppTable3
TCGA-EA-A3HT	HPV+	HPV16	A1	A9	No	No	Nature2017_nature21386_SuppTable3
TCGA-EA-A3HU	HPV+	HPV16	A1	A9	Yes	No	Nature2017_nature21386_SuppTable3
TCGA-EA-A3QD	HPV+	HPV16	A1	A9	Yes	Yes	Nature2017_nature21386_SuppTable3
TCGA-EA-A3QE	HPV+	HPV16	A1	A9	Yes	Yes	Nature2017_nature21386_SuppTable3
TCGA-EA-A3Y4	HPV+	HPV45	B1	A7	Yes	Yes	Nature2017_nature21386_SuppTable3
TCGA-EA-A410	HPV-	negative	negative	negative	No	No	Nature2017_nature21386_SuppTable3
TCGA-EA-A411	HPV+	HPV16	A1	A9	No	No	Nature2017_nature21386_SuppTable3
TCGA-EA-A439	HPV+	HPV18	A1	A7	Yes	Yes	Nature2017_nature21386_SuppTable3
TCGA-EA-A43B	HPV+	HPV16	A1	A9	No	No	Nature2017_nature21386_SuppTable3
TCGA-EA-A44S	HPV+	HPV16	A1	A9	Yes	Yes	Nature2017_nature21386_SuppTable3
TCGA-EA-A4BA	HPV-	negative	negative	negative	No	No	Nature2017_nature21386_SuppTable3
TCGA-EA-A50E	HPV+	HPV16	A3	A9	Yes	Yes	Nature2017_nature21386_SuppTable3
TCGA-EA-A556	HPV-	negative	negative	negative	No	No	Nature2017_nature21386_SuppTable3
TCGA-EA-A5FO	HPV+	HPV16	C1	A9	Yes	Yes	Nature2017_nature21386_SuppTable3
TCGA-EA-A5O9	HPV+	HPV16	A1	A9	No	No	Nature2017_nature21386_SuppTable3
TCGA-EA-A5ZD	HPV+	HPV58	A3	A9	Yes	Yes	Nature2017_nature21386_SuppTable3
TCGA-EA-A5ZE	HPV+	HPV59	B	A7	Yes	Yes	Nature2017_nature21386_SuppTable3
TCGA-EA-A5ZF	HPV+	HPV18	A1	A7	Yes	Yes	Nature2017_nature21386_SuppTable3
TCGA-EA-A6QX	HPV+	HPV58	A1	A9	Yes	No	Nature2017_nature21386_SuppTable3
TCGA-EA-A78R	HPV+	HPV52	B2	A9	Yes	Yes	Nature2017_nature21386_SuppTable3
TCGA-EK-A2GZ	HPV+	HPV52	A1	A9	Yes	Yes	Nature2017_nature21386_SuppTable3
TCGA-EK-A2H0	HPV+	HPV68	A mixed C	A7	Yes	Yes	Nature2017_nature21386_SuppTable3
TCGA-EK-A2H1	HPV+	HPV16	A1	A9	Yes	Yes	Nature2017_nature21386_SuppTable3
TCGA-EK-A2IP	HPV+	HPV16	A1	A9	Yes	Yes	Nature2017_nature21386_SuppTable3
TCGA-EK-A2PG	HPV+	HPV58	B2	A9	Yes	Yes	Nature2017_nature21386_SuppTable3
TCGA-EK-A2PI	HPV+	HPV16	D3	A9	Yes	Yes	Nature2017_nature21386_SuppTable3
TCGA-EK-A2PK	HPV+	HPV18	A3	A7	Yes	Yes	Nature2017_nature21386_SuppTable3
TCGA-EK-A2PL	HPV+	HPV39	A1	A7	Yes	Yes	Nature2017_nature21386_SuppTable3
TCGA-EK-A2PM	HPV-	negative	negative	negative	No	No	Nature2017_nature21386_SuppTable3
TCGA-EK-A2R7	HPV+	HPV18	B1	A7	Yes	Yes	Nature2017_nature21386_SuppTable3
TCGA-EK-A2R8	HPV+	HPV45	A1	A7	Yes	Yes	Nature2017_nature21386_SuppTable3
TCGA-EK-A2R9	HPV+	HPV33	A1	A9	No	No	Nature2017_nature21386_SuppTable3
TCGA-EK-A2RA	HPV+	HPV52	A1	A9	Yes	No	Nature2017_nature21386_SuppTable3
TCGA-EK-A2RB	HPV+	HPV16	A1	A9	Yes	Yes	Nature2017_nature21386_SuppTable3
TCGA-EK-A2RC	HPV+	HPV16	A1	A9	Yes	Yes	Nature2017_nature21386_SuppTable3
TCGA-EK-A2RE	HPV+	HPV16	A1	A9	Yes	Yes	Nature2017_nature21386_SuppTable3
TCGA-EK-A2RJ	HPV+	HPV59	A2	A7	Yes	No	Nature2017_nature21386_SuppTable3
TCGA-EK-A2RK	HPV+	HPV16	A1	A9	Yes	Yes	Nature2017_nature21386_SuppTable3
TCGA-EK-A2RL	HPV+	HPV16	A1	A9	Yes	No	Nature2017_nature21386_SuppTable3
TCGA-EK-A2RM	HPV+	HPV18	A1	A7	Yes	Yes	Nature2017_nature21386_SuppTable3
TCGA-EK-A2RN	HPV+	HPV16	A1	A9	No	No	Nature2017_nature21386_SuppTable3
TCGA-EK-A2RO	HPV+	HPV16	A1	A9	Yes	Yes	Nature2017_nature21386_SuppTable3
TCGA-EK-A3GJ	HPV+	HPV58	A2	A9	Yes	Yes	Nature2017_nature21386_SuppTable3
TCGA-EK-A3GK	HPV+	HPV16	A1	A9	Yes	Yes	Nature2017_nature21386_SuppTable3
TCGA-EK-A3GM	HPV+	HPV45	B1	A7	Yes	Yes	Nature2017_nature21386_SuppTable3
TCGA-EK-A3GN	HPV+	HPV16	A1	A9	Yes	Yes	Nature2017_nature21386_SuppTable3
TCGA-EX-A1H5	HPV+	HPV16	B1	A9	Yes	No	Nature2017_nature21386_SuppTable3
TCGA-EX-A1H6	HPV+	HPV16	D3	A9	Yes	Yes	Nature2017_nature21386_SuppTable3
TCGA-EX-A3L1	HPV+	HPV45	A1	A7	Yes	Yes	Nature2017_nature21386_SuppTable3
TCGA-EX-A69L	HPV+	HPV16	A4	A9	Yes	Yes	Nature2017_nature21386_SuppTable3
TCGA-EX-A69M	HPV+	HPV52	A1	A9	Yes	Yes	Nature2017_nature21386_SuppTable3
TCGA-FU-A23K	HPV+	HPV18	A4	A7	Yes	Yes	Nature2017_nature21386_SuppTable3
TCGA-FU-A23L	HPV+	HPV45	A1	A7	Yes	Yes	Nature2017_nature21386_SuppTable3
TCGA-FU-A2QG	HPV+	HPV16	A1	A9	No	No	Nature2017_nature21386_SuppTable3
TCGA-FU-A3EO	HPV+	HPV16	D3	A9	No	No	Nature2017_nature21386_SuppTable3
TCGA-FU-A3HY	HPV+	HPV16	A1	A9	Yes	Yes	Nature2017_nature21386_SuppTable3
TCGA-FU-A3NI	HPV+	HPV16	A1	A9	No	No	Nature2017_nature21386_SuppTable3
TCGA-FU-A3TQ	HPV+	HPV16	A1	A9	No	No	Nature2017_nature21386_SuppTable3
TCGA-FU-A3TX	HPV+	HPV18	A3	A7	Yes	Yes	Nature2017_nature21386_SuppTable3
TCGA-FU-A3WB	HPV+	HPV16	A1	A9	Yes	Yes	Nature2017_nature21386_SuppTable3
TCGA-FU-A3YQ	HPV+	HPV16	A1	A9	Yes	Yes	Nature2017_nature21386_SuppTable3
TCGA-FU-A40J	HPV+	HPV16	A1	A9	Yes	Yes	Nature2017_nature21386_SuppTable3
TCGA-FU-A57G	HPV-	negative	negative	negative	No	No	Nature2017_nature21386_SuppTable3
TCGA-FU-A5XV	HPV+	HPV18	A2	A7	Yes	Yes	Nature2017_nature21386_SuppTable3
TCGA-FU-A770	HPV+	HPV16	A1	A9	Yes	No	Nature2017_nature21386_SuppTable3
TCGA-HG-A2PA	HPV+	HPV16	A1	A9	Yes	Yes	Nature2017_nature21386_SuppTable3
TCGA-HM-A3JJ	HPV+	HPV16	A1	A9	Yes	Yes	Nature2017_nature21386_SuppTable3
TCGA-HM-A3JK	HPV+	HPV35	A1	A9	Yes	No	Nature2017_nature21386_SuppTable3
TCGA-HM-A4S6	HPV+	HPV16	A1	A9	No	No	Nature2017_nature21386_SuppTable3
TCGA-HM-A6W2	HPV-	negative	negative	negative	No	No	Nature2017_nature21386_SuppTable3
TCGA-IR-A3L7	HPV+	HPV18	B1	A7	Yes	Yes	Nature2017_nature21386_SuppTable3
TCGA-IR-A3LA	HPV-	negative	negative	negative	No	No	Nature2017_nature21386_SuppTable3
TCGA-IR-A3LB	HPV+	HPV45	B1	A7	Yes	Yes	Nature2017_nature21386_SuppTable3
TCGA-IR-A3LC	HPV+	HPV16	A1	A9	Yes	Yes	Nature2017_nature21386_SuppTable3
TCGA-IR-A3LF	HPV+	HPV16	A1	A9	No	No	Nature2017_nature21386_SuppTable3
TCGA-IR-A3LH	HPV+	HPV45	A or B?	A7	Yes	Yes	Nature2017_nature21386_SuppTable3
TCGA-IR-A3LI	HPV+	HPV16	D2	A9	Yes	No	Nature2017_nature21386_SuppTable3
TCGA-IR-A3LK	HPV+	HPV31	C3	A9	Yes	Yes	Nature2017_nature21386_SuppTable3
TCGA-IR-A3LL	HPV+	HPV16	A2	A9	No	No	Nature2017_nature21386_SuppTable3
TCGA-JW-A5VG	HPV+	HPV59	B	A7	Yes	Yes	Nature2017_nature21386_SuppTable3
TCGA-JW-A5VH	HPV-	negative	negative	negative	No	No	Nature2017_nature21386_SuppTable3
TCGA-JW-A5VI	HPV+	HPV30	A2	A6	Yes	Yes	Nature2017_nature21386_SuppTable3
TCGA-JW-A5VJ	HPV+	HPV18	A1	A7	Yes	Yes	Nature2017_nature21386_SuppTable3
TCGA-JW-A5VK	HPV+	HPV16	A1	A9	Yes	Yes	Nature2017_nature21386_SuppTable3
TCGA-JW-A5VL	HPV+	HPV16	A1	A9	Yes	Yes	Nature2017_nature21386_SuppTable3
TCGA-JW-A69B	HPV+	HPV16	D3	A9	Yes	No	Nature2017_nature21386_SuppTable3
TCGA-JX-A3PZ	HPV+	HPV45	B2	A7	Yes	Yes	Nature2017_nature21386_SuppTable3
TCGA-JX-A3Q0	HPV+	HPV31	C3	A9	Yes	Yes	Nature2017_nature21386_SuppTable3
TCGA-JX-A3Q8	HPV+	HPV16	A1	A9	No	No	Nature2017_nature21386_SuppTable3
TCGA-JX-A5QV	HPV+	HPV16	A1	A9	Yes	Yes	Nature2017_nature21386_SuppTable3
TCGA-LP-A4AU	HPV+	HPV18	A1	A7	Yes	Yes	Nature2017_nature21386_SuppTable3
TCGA-LP-A4AV	HPV+	HPV56	NA	A6	No	No	Nature2017_nature21386_SuppTable3
TCGA-LP-A4AW	HPV+	HPV16	A3	A9	Yes	No	Nature2017_nature21386_SuppTable3
TCGA-LP-A4AX	HPV+	HPV16	A3	A9	Yes	No	Nature2017_nature21386_SuppTable3
TCGA-LP-A5U2	HPV+	HPV16	A4	A9	Yes	Yes	Nature2017_nature21386_SuppTable3
TCGA-LP-A5U3	HPV+	HPV16	A3	A9	Yes	Yes	Nature2017_nature21386_SuppTable3
TCGA-LP-A7HU	HPV+	HPV16	A4	A9	Yes	No	Nature2017_nature21386_SuppTable3
TCGA-MU-A51Y	HPV+	HPV16	D3	A9	Yes	Yes	Nature2017_nature21386_SuppTable3
TCGA-MU-A5YI	HPV+	HPV16	D3	A9	Yes	Yes	Nature2017_nature21386_SuppTable3
TCGA-MY-A5BD	HPV+	HPV16	A1	A9	Yes	Yes	Nature2017_nature21386_SuppTable3
TCGA-MY-A5BE	HPV+	HPV16	A1	A9	Yes	No	Nature2017_nature21386_SuppTable3
TCGA-MY-A5BF	HPV+	HPV16	A1	A9	No	No	Nature2017_nature21386_SuppTable3
TCGA-Q1-A5R1	HPV+	HPV16	A2	A9	No	No	Nature2017_nature21386_SuppTable3
TCGA-Q1-A5R2	HPV+	HPV16	A1	A9	Yes	Yes	Nature2017_nature21386_SuppTable3
TCGA-Q1-A5R3	HPV+	HPV18	B3	A7	Yes	Yes	Nature2017_nature21386_SuppTable3
TCGA-Q1-A6DT	HPV+	HPV16	A1	A9	Yes	Yes	Nature2017_nature21386_SuppTable3
TCGA-Q1-A6DV	HPV+	HPV16	D3	A9	Yes	No	Nature2017_nature21386_SuppTable3
TCGA-Q1-A6DW	HPV+	HPV16	A1	A9	Yes	Yes	Nature2017_nature21386_SuppTable3
TCGA-Q1-A73O	HPV+	HPV18	B1	A7	Yes	Yes	Nature2017_nature21386_SuppTable3
TCGA-Q1-A73P	HPV+	HPV18	A1	A7	Yes	Yes	Nature2017_nature21386_SuppTable3
TCGA-Q1-A73Q	HPV+	HPV33	A1	A9	Yes	Yes	Nature2017_nature21386_SuppTable3
TCGA-Q1-A73R	HPV+	HPV16	A1	A9	Yes	Yes	Nature2017_nature21386_SuppTable3
TCGA-Q1-A73S	HPV+	HPV18	A3	A7	Yes	Yes	Nature2017_nature21386_SuppTable3
TCGA-R2-A69V	HPV+	HPV39	A1	A7	Yes	Yes	Nature2017_nature21386_SuppTable3
TCGA-RA-A741	HPV+	HPV16	A1	A9	Yes	Yes	Nature2017_nature21386_SuppTable3
