split	project_dir	case_id	sample_id	slide_key	sample_type_code	h5_path
test	TCGA-ACC	TCGA-OR-A5JJ	TCGA-OR-A5JJ-01	TCGA-OR-A5JJ-01Z-00-DX1		/research/projects/mllab/WSI/extracted_features/TCGA-ACC/TCGA-OR-A5JJ-01Z-00-DX1.459B5DFE-47B1-426F-B009-7664C1B6FEEC.h5
test	TCGA-BLCA	TCGA-K4-A54R	TCGA-K4-A54R-01	TCGA-K4-A54R-01Z-00-DX1		/research/projects/mllab/WSI/extracted_features/TCGA-BLCA/TCGA-K4-A54R-01Z-00-DX1.66AAF596-8C68-4857-9944-226F39E82CA8.h5
test	TCGA-BRCA_IDC	TCGA-A8-A08H	TCGA-A8-A08H-01	TCGA-A8-A08H-01Z-00-DX1		/research/projects/mllab/WSI/extracted_features/TCGA-BRCA_IDC/TCGA-A8-A08H-01Z-00-DX1.6AA6A530-3BD3-4582-9D6B-8AE3B4A73948.h5
test	TCGA-BRCA_OTHERS	TCGA-AC-A2FK	TCGA-AC-A2FK-01	TCGA-AC-A2FK-01Z-00-DX1		/research/projects/mllab/WSI/extracted_features/TCGA-BRCA_OTHERS/TCGA-AC-A2FK-01Z-00-DX1.033F3C27-9860-4EF3-9330-37DE5EC45724.h5
test	TCGA-CESC	TCGA-Q1-A73R	TCGA-Q1-A73R-01	TCGA-Q1-A73R-01Z-00-DX1		/research/projects/mllab/WSI/extracted_features/TCGA-CESC/TCGA-Q1-A73R-01Z-00-DX1.1BF1893C-AC21-4FB2-A568-F71B75350374.h5
test	TCGA-CHOL	TCGA-ZH-A8Y1	TCGA-ZH-A8Y1-01	TCGA-ZH-A8Y1-01Z-00-DX1		/research/projects/mllab/WSI/extracted_features/TCGA-CHOL/TCGA-ZH-A8Y1-01Z-00-DX1.2FE51BA7-9B4D-48B3-AB81-9C744DBA13A4.h5
test	TCGA-COAD	TCGA-A6-5666	TCGA-A6-5666-01	TCGA-A6-5666-01Z-00-DX1		/research/projects/mllab/WSI/extracted_features/TCGA-COAD/TCGA-A6-5666-01Z-00-DX1.6f2cf971-edcb-415d-9709-feb7422cddc4.h5
test	TCGA-DLBC	TCGA-FA-A7Q1	TCGA-FA-A7Q1-01	TCGA-FA-A7Q1-01Z-00-DX1		/research/projects/mllab/WSI/extracted_features/TCGA-DLBC/TCGA-FA-A7Q1-01Z-00-DX1.99220CAA-6160-48FA-AA65-94705EA46773.h5
test	TCGA-ESCA	TCGA-L5-A43H	TCGA-L5-A43H-01	TCGA-L5-A43H-01Z-00-DX1		/research/projects/mllab/WSI/extracted_features/TCGA-ESCA/TCGA-L5-A43H-01Z-00-DX1.05652837-4FDF-4A30-80FF-C942FB9C62D9.h5
test	TCGA-GBM	TCGA-06-5858	TCGA-06-5858-01	TCGA-06-5858-01Z-00-DX1		/research/projects/mllab/WSI/extracted_features/TCGA-GBM/TCGA-06-5858-01Z-00-DX1.d964971f-f75f-478a-bc85-10a510bd2835.h5
test	TCGA-HNSC	TCGA-HD-8635	TCGA-HD-8635-01	TCGA-HD-8635-01Z-00-DX1		/research/projects/mllab/WSI/extracted_features/TCGA-HNSC/TCGA-HD-8635-01Z-00-DX1.3A830969-5E7F-422C-8753-E4AEFEAED6B8.h5
test	TCGA-KICH	TCGA-KL-8325	TCGA-KL-8325-01	TCGA-KL-8325-01Z-00-DX1		/research/projects/mllab/WSI/extracted_features/TCGA-KICH/TCGA-KL-8325-01Z-00-DX1.330bdb6c-86ee-4577-9846-298080b4c2ad.h5
test	TCGA-KIRC	TCGA-BP-4974	TCGA-BP-4974-01	TCGA-BP-4974-01Z-00-DX1		/research/projects/mllab/WSI/extracted_features/TCGA-KIRC/TCGA-BP-4974-01Z-00-DX1.97991078-9139-4bca-a5c7-0c6c66459df9.h5
test	TCGA-KIRP	TCGA-P4-AAVL	TCGA-P4-AAVL-01	TCGA-P4-AAVL-01Z-00-DX1		/research/projects/mllab/WSI/extracted_features/TCGA-KIRP/TCGA-P4-AAVL-01Z-00-DX1.6A86A318-057A-468D-826E-3B5C8B224266.h5
test	TCGA-LGG	TCGA-HT-7882	TCGA-HT-7882-01	TCGA-HT-7882-01Z-00-DX1		/research/projects/mllab/WSI/extracted_features/TCGA-LGG/TCGA-HT-7882-01Z-00-DX1.B5224DF8-94F3-47F3-99F0-9D05DEB3B4BC.h5
test	TCGA-LIHC	TCGA-DD-A1EK	TCGA-DD-A1EK-01	TCGA-DD-A1EK-01Z-00-DX1		/research/projects/mllab/WSI/extracted_features/TCGA-LIHC/TCGA-DD-A1EK-01Z-00-DX1.676881B7-C16A-4097-9859-97B0340A64D1.h5
test	TCGA-LUAD	TCGA-55-8096	TCGA-55-8096-01	TCGA-55-8096-01Z-00-DX1		/research/projects/mllab/WSI/extracted_features/TCGA-LUAD/TCGA-55-8096-01Z-00-DX1.c833417d-10c1-4430-a241-d6f5496e1cd9.h5
test	TCGA-LUSC	TCGA-46-3766	TCGA-46-3766-01	TCGA-46-3766-01Z-00-DX1		/research/projects/mllab/WSI/extracted_features/TCGA-LUSC/TCGA-46-3766-01Z-00-DX1.5870b2ed-78f0-4f68-b01e-2ef6d5353b57.h5
test	TCGA-MESO	TCGA-UD-AAC6	TCGA-UD-AAC6-01	TCGA-UD-AAC6-01Z-00-DX1		/research/projects/mllab/WSI/extracted_features/TCGA-MESO/TCGA-UD-AAC6-01Z-00-DX1.56D04FBC-2F26-4679-A597-C036E9CEDB37.h5
test	TCGA-OV	TCGA-25-1623	TCGA-25-1623-01	TCGA-25-1623-01Z-00-DX1		/research/projects/mllab/WSI/extracted_features/TCGA-OV/TCGA-25-1623-01Z-00-DX1.28D89405-5F27-47CF-ABC7-01AB494C28D2.h5
test	TCGA-PAAD	TCGA-2J-AABT	TCGA-2J-AABT-01	TCGA-2J-AABT-01Z-00-DX1		/research/projects/mllab/WSI/extracted_features/TCGA-PAAD/TCGA-2J-AABT-01Z-00-DX1.656FAA7A-48B3-4602-950D-11DCDEF885F6.h5
test	TCGA-PCPG	TCGA-QR-A70V	TCGA-QR-A70V-01	TCGA-QR-A70V-01Z-00-DX1		/research/projects/mllab/WSI/extracted_features/TCGA-PCPG/TCGA-QR-A70V-01Z-00-DX1.DFE69CED-F7FC-4316-AB10-C7A73B6C15D8.h5
test	TCGA-PRAD	TCGA-YL-A9WY	TCGA-YL-A9WY-01	TCGA-YL-A9WY-01Z-00-DX1		/research/projects/mllab/WSI/extracted_features/TCGA-PRAD/TCGA-YL-A9WY-01Z-00-DX1.16415C29-1D79-4560-8F49-633F37F2804E.h5
test	TCGA-READ	TCGA-DC-6156	TCGA-DC-6156-01	TCGA-DC-6156-01Z-00-DX1		/research/projects/mllab/WSI/extracted_features/TCGA-READ/TCGA-DC-6156-01Z-00-DX1.102feb5c-0dff-4d7b-9b3b-d66383e8a4ff.h5
test	TCGA-SARC	TCGA-DX-AB2Z	TCGA-DX-AB2Z-01	TCGA-DX-AB2Z-01Z-00-DX1		/research/projects/mllab/WSI/extracted_features/TCGA-SARC/TCGA-DX-AB2Z-01Z-00-DX1.733ED0F9-D892-4C26-8DE0-5209C8121F11.h5
test	TCGA-SKCM	TCGA-D3-A1Q5	TCGA-D3-A1Q5-06	TCGA-D3-A1Q5-06Z-00-DX1		/research/projects/mllab/WSI/extracted_features/TCGA-SKCM/TCGA-D3-A1Q5-06Z-00-DX1.A94CEB2F-27BA-4D90-B52F-3C8F86BD6F14.h5
test	TCGA-STAD	TCGA-VQ-A8PD	TCGA-VQ-A8PD-01	TCGA-VQ-A8PD-01Z-00-DX1		/research/projects/mllab/WSI/extracted_features/TCGA-STAD/TCGA-VQ-A8PD-01Z-00-DX1.A9B601CB-83AA-4F0C-BB6D-DD88455FDEE9.h5
test	TCGA-TGCT	TCGA-XE-AAOB	TCGA-XE-AAOB-01	TCGA-XE-AAOB-01Z-00-DX1		/research/projects/mllab/WSI/extracted_features/TCGA-TGCT/TCGA-XE-AAOB-01Z-00-DX1.28368FE5-BD13-4225-AA5C-910C3829753A.h5
test	TCGA-THCA	TCGA-EL-A3T9	TCGA-EL-A3T9-01	TCGA-EL-A3T9-01Z-00-DX1		/research/projects/mllab/WSI/extracted_features/TCGA-THCA/TCGA-EL-A3T9-01Z-00-DX1.E2795595-E82F-4DFC-A6AC-A4AA45753A00.h5
test	TCGA-THYM	TCGA-4V-A9QS	TCGA-4V-A9QS-01	TCGA-4V-A9QS-01Z-00-DX1		/research/projects/mllab/WSI/extracted_features/TCGA-THYM/TCGA-4V-A9QS-01Z-00-DX1.2E2AFA63-D5DD-44D0-801A-D2F5738A4F1B.h5
test	TCGA-UCEC	TCGA-BG-A0M8	TCGA-BG-A0M8-01	TCGA-BG-A0M8-01Z-00-DX1		/research/projects/mllab/WSI/extracted_features/TCGA-UCEC/TCGA-BG-A0M8-01Z-00-DX1.3D5FD485-43A9-429E-BAFD-0EA028BF4819.h5
test	TCGA-UCS	TCGA-NA-A4R0	TCGA-NA-A4R0-01	TCGA-NA-A4R0-01Z-00-DX1		/research/projects/mllab/WSI/extracted_features/TCGA-UCS/TCGA-NA-A4R0-01Z-00-DX1.76E2E632-B869-4F1B-A03B-BE00E303B6FE.h5
test	TCGA-UVM	TCGA-V4-A9EU	TCGA-V4-A9EU-01	TCGA-V4-A9EU-01Z-00-DX1		/research/projects/mllab/WSI/extracted_features/TCGA-UVM/TCGA-V4-A9EU-01Z-00-DX1.4BFDB2BE-471D-4151-8854-03462D335F94.h5
train	TCGA-ACC	TCGA-OR-A5J1	TCGA-OR-A5J1-01	TCGA-OR-A5J1-01Z-00-DX1		/research/projects/mllab/WSI/extracted_features/TCGA-ACC/TCGA-OR-A5J1-01Z-00-DX1.600C7D8C-F04C-4125-AF14-B1E76DC01A1E.h5
train	TCGA-ACC	TCGA-OR-A5J8	TCGA-OR-A5J8-01	TCGA-OR-A5J8-01Z-00-DX1		/research/projects/mllab/WSI/extracted_features/TCGA-ACC/TCGA-OR-A5J8-01Z-00-DX1.B95FA93F-A0E1-4148-BF52-A96547F5CC2A.h5
train	TCGA-ACC	TCGA-OR-A5JA	TCGA-OR-A5JA-01	TCGA-OR-A5JA-01Z-00-DX1		/research/projects/mllab/WSI/extracted_features/TCGA-ACC/TCGA-OR-A5JA-01Z-00-DX1.368A5252-AD03-48EE-B356-FC1BF2E8FE6D.h5
train	TCGA-ACC	TCGA-OR-A5JG	TCGA-OR-A5JG-01	TCGA-OR-A5JG-01Z-00-DX1		/research/projects/mllab/WSI/extracted_features/TCGA-ACC/TCGA-OR-A5JG-01Z-00-DX1.8798846B-E00D-4BEF-9CE6-F3FDB2DB642C.h5
train	TCGA-ACC	TCGA-OR-A5JM	TCGA-OR-A5JM-01	TCGA-OR-A5JM-01Z-00-DX1		/research/projects/mllab/WSI/extracted_features/TCGA-ACC/TCGA-OR-A5JM-01Z-00-DX1.94A515FD-5AA8-410C-8F52-170A3BA94AB3.h5
train	TCGA-ACC	TCGA-OR-A5JV	TCGA-OR-A5JV-01	TCGA-OR-A5JV-01Z-00-DX1		/research/projects/mllab/WSI/extracted_features/TCGA-ACC/TCGA-OR-A5JV-01Z-00-DX1.3CFCEE78-A603-4FD9-9146-71C1CD44E019.h5
train	TCGA-ACC	TCGA-OR-A5JY	TCGA-OR-A5JY-01	TCGA-OR-A5JY-01Z-00-DX1		/research/projects/mllab/WSI/extracted_features/TCGA-ACC/TCGA-OR-A5JY-01Z-00-DX1.23AEFC00-3720-48F1-A2C4-6914BBEB5E09.h5
train	TCGA-ACC	TCGA-OR-A5K9	TCGA-OR-A5K9-01	TCGA-OR-A5K9-01Z-00-DX1		/research/projects/mllab/WSI/extracted_features/TCGA-ACC/TCGA-OR-A5K9-01Z-00-DX1.A136472B-C35C-493C-8175-73CA4BF00520.h5
train	TCGA-ACC	TCGA-OR-A5LL	TCGA-OR-A5LL-01	TCGA-OR-A5LL-01Z-00-DX1		/research/projects/mllab/WSI/extracted_features/TCGA-ACC/TCGA-OR-A5LL-01Z-00-DX1.08588029-C532-4CDD-B945-251315EFF5C0.h5
train	TCGA-BLCA	TCGA-CF-A47W	TCGA-CF-A47W-01	TCGA-CF-A47W-01Z-00-DX1		/research/projects/mllab/WSI/extracted_features/TCGA-BLCA/TCGA-CF-A47W-01Z-00-DX1.D14F1F9A-E684-4140-9714-3197A4325568.h5
train	TCGA-BLCA	TCGA-CF-A47X	TCGA-CF-A47X-01	TCGA-CF-A47X-01Z-00-DX1		/research/projects/mllab/WSI/extracted_features/TCGA-BLCA/TCGA-CF-A47X-01Z-00-DX1.1FA2C95C-CFB9-47AA-9BA8-2C2D391BA5D7.h5
train	TCGA-BLCA	TCGA-CF-A5U8	TCGA-CF-A5U8-01	TCGA-CF-A5U8-01Z-00-DX1		/research/projects/mllab/WSI/extracted_features/TCGA-BLCA/TCGA-CF-A5U8-01Z-00-DX1.D0385BD3-3128-41C6-889D-4EC916B2B228.h5
train	TCGA-BLCA	TCGA-CF-A5UA	TCGA-CF-A5UA-01	TCGA-CF-A5UA-01Z-00-DX1		/research/projects/mllab/WSI/extracted_features/TCGA-BLCA/TCGA-CF-A5UA-01Z-00-DX1.7352D4EB-46F5-4EAA-95B9-1D869E8291C3.h5
train	TCGA-BLCA	TCGA-E7-A5KF	TCGA-E7-A5KF-01	TCGA-E7-A5KF-01Z-00-DX1		/research/projects/mllab/WSI/extracted_features/TCGA-BLCA/TCGA-E7-A5KF-01Z-00-DX1.61663245-91CA-423F-9639-30B9F7E216C4.h5
train	TCGA-BLCA	TCGA-E7-A7DU	TCGA-E7-A7DU-01	TCGA-E7-A7DU-01Z-00-DX1		/research/projects/mllab/WSI/extracted_features/TCGA-BLCA/TCGA-E7-A7DU-01Z-00-DX1.25C7F59E-1F03-47EF-9F17-DB9ADB16276E.h5
train	TCGA-BLCA	TCGA-FJ-A3ZF	TCGA-FJ-A3ZF-01	TCGA-FJ-A3ZF-01Z-00-DX1		/research/projects/mllab/WSI/extracted_features/TCGA-BLCA/TCGA-FJ-A3ZF-01Z-00-DX1.1B5E03AA-51A0-4E2B-A2B3-9652B1FA1D55.h5
train	TCGA-BLCA	TCGA-HQ-A2OE	TCGA-HQ-A2OE-01	TCGA-HQ-A2OE-01Z-00-DX1		/research/projects/mllab/WSI/extracted_features/TCGA-BLCA/TCGA-HQ-A2OE-01Z-00-DX1.6F764592-DFDC-4636-BE91-3F1F92EE5A65.h5
train	TCGA-BLCA	TCGA-K4-A83P	TCGA-K4-A83P-01	TCGA-K4-A83P-01Z-00-DX1		/research/projects/mllab/WSI/extracted_features/TCGA-BLCA/TCGA-K4-A83P-01Z-00-DX1.6B9251BD-650E-4F69-BE8F-AB0BE5DC90FB.h5
train	TCGA-BRCA_IDC	TCGA-A8-A09A	TCGA-A8-A09A-01	TCGA-A8-A09A-01Z-00-DX1		/research/projects/mllab/WSI/extracted_features/TCGA-BRCA_IDC/TCGA-A8-A09A-01Z-00-DX1.78773A6C-BA8A-46BE-AC2A-9C6FDAB45622.h5
train	TCGA-BRCA_IDC	TCGA-A8-A09C	TCGA-A8-A09C-01	TCGA-A8-A09C-01Z-00-DX1		/research/projects/mllab/WSI/extracted_features/TCGA-BRCA_IDC/TCGA-A8-A09C-01Z-00-DX1.19E0C0E9-0ED6-4E3A-95FE-A5778F5DDBCD.h5
train	TCGA-BRCA_IDC	TCGA-AR-A252	TCGA-AR-A252-01	TCGA-AR-A252-01Z-00-DX1		/research/projects/mllab/WSI/extracted_features/TCGA-BRCA_IDC/TCGA-AR-A252-01Z-00-DX1.2E7EE069-A0B8-489B-A2F0-3175FB58F468.h5
train	TCGA-BRCA_IDC	TCGA-B6-A0IC	TCGA-B6-A0IC-01	TCGA-B6-A0IC-01Z-00-DX1		/research/projects/mllab/WSI/extracted_features/TCGA-BRCA_IDC/TCGA-B6-A0IC-01Z-00-DX1.60ED7BBF-A448-4E4E-80F9-91527A697588.h5
train	TCGA-BRCA_IDC	TCGA-B6-A0IN	TCGA-B6-A0IN-01	TCGA-B6-A0IN-01Z-00-DX1		/research/projects/mllab/WSI/extracted_features/TCGA-BRCA_IDC/TCGA-B6-A0IN-01Z-00-DX1.5C1CBEF7-0C4A-4B22-A85B-6F6FD9435573.h5
train	TCGA-BRCA_IDC	TCGA-B6-A0RE	TCGA-B6-A0RE-01	TCGA-B6-A0RE-01Z-00-DX1		/research/projects/mllab/WSI/extracted_features/TCGA-BRCA_IDC/TCGA-B6-A0RE-01Z-00-DX1.8933BDB4-EF8D-41FA-9A50-05BB3AB976E5.h5
train	TCGA-BRCA_IDC	TCGA-B6-A0WW	TCGA-B6-A0WW-01	TCGA-B6-A0WW-01Z-00-DX1		/research/projects/mllab/WSI/extracted_features/TCGA-BRCA_IDC/TCGA-B6-A0WW-01Z-00-DX1.64048633-1D1A-4074-8C50-7641159355DB.h5
train	TCGA-BRCA_IDC	TCGA-B6-A0X7	TCGA-B6-A0X7-01	TCGA-B6-A0X7-01Z-00-DX1		/research/projects/mllab/WSI/extracted_features/TCGA-BRCA_IDC/TCGA-B6-A0X7-01Z-00-DX1.A2AA8FE9-CF43-434A-AE72-7277D124BD0A.h5
train	TCGA-BRCA_IDC	TCGA-S3-AA17	TCGA-S3-AA17-01	TCGA-S3-AA17-01Z-00-DX1		/research/projects/mllab/WSI/extracted_features/TCGA-BRCA_IDC/TCGA-S3-AA17-01Z-00-DX1.9B7DC02E-ECB2-4403-A894-F418AD452E49.h5
train	TCGA-BRCA_OTHERS	TCGA-A2-A25A	TCGA-A2-A25A-01	TCGA-A2-A25A-01Z-00-DX1		/research/projects/mllab/WSI/extracted_features/TCGA-BRCA_OTHERS/TCGA-A2-A25A-01Z-00-DX1.6D311E39-9F96-4775-B9DA-8D034D1AD1DC.h5
train	TCGA-BRCA_OTHERS	TCGA-A8-A09T	TCGA-A8-A09T-01	TCGA-A8-A09T-01Z-00-DX1		/research/projects/mllab/WSI/extracted_features/TCGA-BRCA_OTHERS/TCGA-A8-A09T-01Z-00-DX1.4183BBA4-AF11-4602-9EC2-35083C34A393.h5
train	TCGA-BRCA_OTHERS	TCGA-AC-A3YI	TCGA-AC-A3YI-01	TCGA-AC-A3YI-01Z-00-DX1		/research/projects/mllab/WSI/extracted_features/TCGA-BRCA_OTHERS/TCGA-AC-A3YI-01Z-00-DX1.321C0A32-ABF9-48ED-8071-C6B1774E9F7B.h5
train	TCGA-BRCA_OTHERS	TCGA-AR-A2LH	TCGA-AR-A2LH-01	TCGA-AR-A2LH-01Z-00-DX1		/research/projects/mllab/WSI/extracted_features/TCGA-BRCA_OTHERS/TCGA-AR-A2LH-01Z-00-DX1.40D4FD67-FB13-46D9-A202-56A5791EA11C.h5
train	TCGA-BRCA_OTHERS	TCGA-AR-A2LQ	TCGA-AR-A2LQ-01	TCGA-AR-A2LQ-01Z-00-DX1		/research/projects/mllab/WSI/extracted_features/TCGA-BRCA_OTHERS/TCGA-AR-A2LQ-01Z-00-DX1.2F579E62-69A8-40F4-A516-542C7C808628.h5
train	TCGA-BRCA_OTHERS	TCGA-C8-A8HR	TCGA-C8-A8HR-01	TCGA-C8-A8HR-01Z-00-DX1		/research/projects/mllab/WSI/extracted_features/TCGA-BRCA_OTHERS/TCGA-C8-A8HR-01Z-00-DX1.8E841CA8-1CE2-4242-AC5A-3247075CF8F4.h5
train	TCGA-BRCA_OTHERS	TCGA-EW-A1PG	TCGA-EW-A1PG-01	TCGA-EW-A1PG-01Z-00-DX1		/research/projects/mllab/WSI/extracted_features/TCGA-BRCA_OTHERS/TCGA-EW-A1PG-01Z-00-DX1.A31B2048-D04D-467C-A9E4-6A63942A58C6.h5
train	TCGA-BRCA_OTHERS	TCGA-GM-A2DO	TCGA-GM-A2DO-01	TCGA-GM-A2DO-01Z-00-DX1		/research/projects/mllab/WSI/extracted_features/TCGA-BRCA_OTHERS/TCGA-GM-A2DO-01Z-00-DX1.60817A51-93B7-483D-ABC9-8ED6341C6660.h5
train	TCGA-BRCA_OTHERS	TCGA-LL-A440	TCGA-LL-A440-01	TCGA-LL-A440-01Z-00-DX1		/research/projects/mllab/WSI/extracted_features/TCGA-BRCA_OTHERS/TCGA-LL-A440-01Z-00-DX1.6E031FD6-236C-49FA-B920-4CB120C59037.h5
train	TCGA-CESC	TCGA-BI-A20A	TCGA-BI-A20A-01	TCGA-BI-A20A-01Z-00-DX1		/research/projects/mllab/WSI/extracted_features/TCGA-CESC/TCGA-BI-A20A-01Z-00-DX1.308DB77E-2A99-4E4F-B231-F88A0E1AA145.h5
train	TCGA-CESC	TCGA-DG-A2KH	TCGA-DG-A2KH-01	TCGA-DG-A2KH-01Z-00-DX1		/research/projects/mllab/WSI/extracted_features/TCGA-CESC/TCGA-DG-A2KH-01Z-00-DX1.A223508A-D3EE-4EB0-9578-C8926FF625E3.h5
train	TCGA-CESC	TCGA-EX-A449	TCGA-EX-A449-01	TCGA-EX-A449-01Z-00-DX1		/research/projects/mllab/WSI/extracted_features/TCGA-CESC/TCGA-EX-A449-01Z-00-DX1.5B2B2644-D7DB-4309-BF64-F40EADFA21ED.h5
train	TCGA-CESC	TCGA-IR-A3LH	TCGA-IR-A3LH-01	TCGA-IR-A3LH-01Z-00-DX1		/research/projects/mllab/WSI/extracted_features/TCGA-CESC/TCGA-IR-A3LH-01Z-00-DX1.38CF2E11-DE1E-4E24-964C-34861E76F9CC.h5
train	TCGA-CESC	TCGA-JW-A69B	TCGA-JW-A69B-01	TCGA-JW-A69B-01Z-00-DX1		/research/projects/mllab/WSI/extracted_features/TCGA-CESC/TCGA-JW-A69B-01Z-00-DX1.1C01BC3B-4DC2-4589-8940-10DFCCB2CF22.h5
train	TCGA-CESC	TCGA-Q1-A6DW	TCGA-Q1-A6DW-01	TCGA-Q1-A6DW-01Z-00-DX1		/research/projects/mllab/WSI/extracted_features/TCGA-CESC/TCGA-Q1-A6DW-01Z-00-DX1.5F92312A-1AAF-419F-9D1A-196A6C0D5337.h5
train	TCGA-CESC	TCGA-Q1-A73O	TCGA-Q1-A73O-01	TCGA-Q1-A73O-01Z-00-DX1		/research/projects/mllab/WSI/extracted_features/TCGA-CESC/TCGA-Q1-A73O-01Z-00-DX1.305629EA-C987-4464-A4AD-730DFEB6CD0C.h5
train	TCGA-CESC	TCGA-Q1-A73Q	TCGA-Q1-A73Q-01	TCGA-Q1-A73Q-01Z-00-DX1		/research/projects/mllab/WSI/extracted_features/TCGA-CESC/TCGA-Q1-A73Q-01Z-00-DX1.E39029C5-48EE-466B-A11B-B884A83250F5.h5
train	TCGA-CESC	TCGA-RA-A741	TCGA-RA-A741-01	TCGA-RA-A741-01Z-00-DX1		/research/projects/mllab/WSI/extracted_features/TCGA-CESC/TCGA-RA-A741-01Z-00-DX1.E14092BA-D4CE-4AD6-ACD7-D463D7C4DE71.h5
train	TCGA-CHOL	TCGA-3X-AAVB	TCGA-3X-AAVB-01	TCGA-3X-AAVB-01Z-00-DX1		/research/projects/mllab/WSI/extracted_features/TCGA-CHOL/TCGA-3X-AAVB-01Z-00-DX1.E3ACE310-E861-488D-A1BC-8BF59AE1778E.h5
train	TCGA-CHOL	TCGA-W5-AA2Q	TCGA-W5-AA2Q-01	TCGA-W5-AA2Q-01Z-00-DX1		/research/projects/mllab/WSI/extracted_features/TCGA-CHOL/TCGA-W5-AA2Q-01Z-00-DX1.6548C6C8-A24B-426B-A01C-F6E067CC8381.h5
train	TCGA-CHOL	TCGA-W5-AA2W	TCGA-W5-AA2W-01	TCGA-W5-AA2W-01Z-00-DX1		/research/projects/mllab/WSI/extracted_features/TCGA-CHOL/TCGA-W5-AA2W-01Z-00-DX1.8EF8CC01-E6E2-4197-BDE7-6184D327A161.h5
train	TCGA-CHOL	TCGA-W5-AA2X	TCGA-W5-AA2X-01	TCGA-W5-AA2X-01Z-00-DX1		/research/projects/mllab/WSI/extracted_features/TCGA-CHOL/TCGA-W5-AA2X-01Z-00-DX1.B584C604-4CB3-43E4-9845-C94B199B64B3.h5
train	TCGA-CHOL	TCGA-W5-AA2Z	TCGA-W5-AA2Z-01	TCGA-W5-AA2Z-01Z-00-DX1		/research/projects/mllab/WSI/extracted_features/TCGA-CHOL/TCGA-W5-AA2Z-01Z-00-DX1.49AB7E33-EE0C-42DE-9EDE-91E01290BE45.h5
train	TCGA-CHOL	TCGA-W5-AA36	TCGA-W5-AA36-01	TCGA-W5-AA36-01Z-00-DX1		/research/projects/mllab/WSI/extracted_features/TCGA-CHOL/TCGA-W5-AA36-01Z-00-DX1.3BA86FC3-7B7F-462B-A220-D23F295A2E95.h5
train	TCGA-CHOL	TCGA-W5-AA39	TCGA-W5-AA39-01	TCGA-W5-AA39-01Z-00-DX1		/research/projects/mllab/WSI/extracted_features/TCGA-CHOL/TCGA-W5-AA39-01Z-00-DX1.319835AC-855E-4D24-8DDF-DDE5A72DAE63.h5
train	TCGA-CHOL	TCGA-YR-A95A	TCGA-YR-A95A-01	TCGA-YR-A95A-01Z-00-DX1		/research/projects/mllab/WSI/extracted_features/TCGA-CHOL/TCGA-YR-A95A-01Z-00-DX1.7197CB70-9FF4-4C82-9FF4-548F1969E40E.h5
train	TCGA-CHOL	TCGA-ZH-A8Y5	TCGA-ZH-A8Y5-01	TCGA-ZH-A8Y5-01Z-00-DX1		/research/projects/mllab/WSI/extracted_features/TCGA-CHOL/TCGA-ZH-A8Y5-01Z-00-DX1.A7172CB3-474B-455E-8F62-DDE31CAA6783.h5
train	TCGA-COAD	TCGA-5M-AAT6	TCGA-5M-AAT6-01	TCGA-5M-AAT6-01Z-00-DX1		/research/projects/mllab/WSI/extracted_features/TCGA-COAD/TCGA-5M-AAT6-01Z-00-DX1.8834C952-14E3-4491-8156-52FC917BB014.h5
train	TCGA-COAD	TCGA-A6-A565	TCGA-A6-A565-01	TCGA-A6-A565-01Z-00-DX1		/research/projects/mllab/WSI/extracted_features/TCGA-COAD/TCGA-A6-A565-01Z-00-DX1.42172A22-6F86-4661-BF2A-78815B721503.h5
train	TCGA-COAD	TCGA-AA-3949	TCGA-AA-3949-01	TCGA-AA-3949-01Z-00-DX1		/research/projects/mllab/WSI/extracted_features/TCGA-COAD/TCGA-AA-3949-01Z-00-DX1.23748e80-0d7e-4238-8b29-f74cddae8596.h5
train	TCGA-COAD	TCGA-AD-6895	TCGA-AD-6895-01	TCGA-AD-6895-01Z-00-DX1		/research/projects/mllab/WSI/extracted_features/TCGA-COAD/TCGA-AD-6895-01Z-00-DX1.7FB1FBC6-683B-4285-89D1-A7A20F07A9D4.h5
train	TCGA-COAD	TCGA-CM-6675	TCGA-CM-6675-01	TCGA-CM-6675-01Z-00-DX1		/research/projects/mllab/WSI/extracted_features/TCGA-COAD/TCGA-CM-6675-01Z-00-DX1.4f2301e2-2894-484d-8a52-7be902a9861b.h5
train	TCGA-COAD	TCGA-F4-6703	TCGA-F4-6703-01	TCGA-F4-6703-01Z-00-DX1		/research/projects/mllab/WSI/extracted_features/TCGA-COAD/TCGA-F4-6703-01Z-00-DX1.28225f5d-d880-4605-831f-f22ec0272cde.h5
train	TCGA-COAD	TCGA-G4-6304	TCGA-G4-6304-01	TCGA-G4-6304-01Z-00-DX1		/research/projects/mllab/WSI/extracted_features/TCGA-COAD/TCGA-G4-6304-01Z-00-DX1.cf678a4f-5448-4d6a-a36f-cd1aec4d48a7.h5
train	TCGA-COAD	TCGA-NH-A6GC	TCGA-NH-A6GC-01	TCGA-NH-A6GC-01Z-00-DX1		/research/projects/mllab/WSI/extracted_features/TCGA-COAD/TCGA-NH-A6GC-01Z-00-DX1.29073D7E-5EEF-4BBA-96BE-DC8C69924C42.h5
train	TCGA-COAD	TCGA-WS-AB45	TCGA-WS-AB45-01	TCGA-WS-AB45-01Z-00-DX1		/research/projects/mllab/WSI/extracted_features/TCGA-COAD/TCGA-WS-AB45-01Z-00-DX1.1FD99E7A-830F-40DC-98CD-53C62C678AC6.h5
train	TCGA-DLBC	TCGA-FA-A4BB	TCGA-FA-A4BB-01	TCGA-FA-A4BB-01Z-00-DX1		/research/projects/mllab/WSI/extracted_features/TCGA-DLBC/TCGA-FA-A4BB-01Z-00-DX1.2BF28C5E-B2BE-4C0A-A369-BDE825EF32AD.h5
train	TCGA-DLBC	TCGA-FA-A6HO	TCGA-FA-A6HO-01	TCGA-FA-A6HO-01Z-00-DX1		/research/projects/mllab/WSI/extracted_features/TCGA-DLBC/TCGA-FA-A6HO-01Z-00-DX1.9E6256E7-5C4A-4D57-9810-8F52D3826BC7.h5
train	TCGA-DLBC	TCGA-FA-A86F	TCGA-FA-A86F-01	TCGA-FA-A86F-01Z-00-DX1		/research/projects/mllab/WSI/extracted_features/TCGA-DLBC/TCGA-FA-A86F-01Z-00-DX1.EE36DC3F-7539-41E8-ADF6-6BA0FB0F47C4.h5
train	TCGA-DLBC	TCGA-FF-8047	TCGA-FF-8047-01	TCGA-FF-8047-01Z-00-DX1		/research/projects/mllab/WSI/extracted_features/TCGA-DLBC/TCGA-FF-8047-01Z-00-DX1.75aa745c-bbe3-4869-a37b-c18ee50c14d5.h5
train	TCGA-DLBC	TCGA-G8-6325	TCGA-G8-6325-01	TCGA-G8-6325-01Z-00-DX1		/research/projects/mllab/WSI/extracted_features/TCGA-DLBC/TCGA-G8-6325-01Z-00-DX1.973b0dd6-d701-4224-9395-eab9603488ce.h5
train	TCGA-DLBC	TCGA-G8-6907	TCGA-G8-6907-01	TCGA-G8-6907-01Z-00-DX1		/research/projects/mllab/WSI/extracted_features/TCGA-DLBC/TCGA-G8-6907-01Z-00-DX1.71ada905-9b5b-4757-8dfd-584a79d56ccc.h5
train	TCGA-DLBC	TCGA-GR-A4D5	TCGA-GR-A4D5-01	TCGA-GR-A4D5-01Z-00-DX1		/research/projects/mllab/WSI/extracted_features/TCGA-DLBC/TCGA-GR-A4D5-01Z-00-DX1.D80C72B3-C80D-47E4-AF4B-44AB5F1AD8C5.h5
train	TCGA-DLBC	TCGA-GS-A9U4	TCGA-GS-A9U4-01	TCGA-GS-A9U4-01Z-00-DX1		/research/projects/mllab/WSI/extracted_features/TCGA-DLBC/TCGA-GS-A9U4-01Z-00-DX1.E8F03678-760A-4956-A829-708C6F6B968B.h5
train	TCGA-DLBC	TCGA-VB-A8QN	TCGA-VB-A8QN-01	TCGA-VB-A8QN-01Z-00-DX1		/research/projects/mllab/WSI/extracted_features/TCGA-DLBC/TCGA-VB-A8QN-01Z-00-DX1.7A114AF2-E4D0-4761-A22A-64D62F5C89CB.h5
train	TCGA-ESCA	TCGA-KH-A6WC	TCGA-KH-A6WC-01	TCGA-KH-A6WC-01Z-00-DX1		/research/projects/mllab/WSI/extracted_features/TCGA-ESCA/TCGA-KH-A6WC-01Z-00-DX1.3F29FCD8-7176-41F0-93D2-66A1628389AA.h5
train	TCGA-ESCA	TCGA-L5-A4OM	TCGA-L5-A4OM-01	TCGA-L5-A4OM-01Z-00-DX1		/research/projects/mllab/WSI/extracted_features/TCGA-ESCA/TCGA-L5-A4OM-01Z-00-DX1.09D4AD58-654C-495D-BD03-4973977E50EE.h5
train	TCGA-ESCA	TCGA-L5-A4OQ	TCGA-L5-A4OQ-01	TCGA-L5-A4OQ-01Z-00-DX1		/research/projects/mllab/WSI/extracted_features/TCGA-ESCA/TCGA-L5-A4OQ-01Z-00-DX1.644B5159-E8B8-4BC4-94FB-20F449FBBB01.h5
train	TCGA-ESCA	TCGA-L5-A4OR	TCGA-L5-A4OR-01	TCGA-L5-A4OR-01Z-00-DX1		/research/projects/mllab/WSI/extracted_features/TCGA-ESCA/TCGA-L5-A4OR-01Z-00-DX1.28601695-B5D5-4F93-8336-F378B1E4377C.h5
train	TCGA-ESCA	TCGA-L5-A4OT	TCGA-L5-A4OT-01	TCGA-L5-A4OT-01Z-00-DX1		/research/projects/mllab/WSI/extracted_features/TCGA-ESCA/TCGA-L5-A4OT-01Z-00-DX1.23F2765D-7674-49EB-A932-5D63A0A2E551.h5
train	TCGA-ESCA	TCGA-L5-A4OU	TCGA-L5-A4OU-01	TCGA-L5-A4OU-01Z-00-DX1		/research/projects/mllab/WSI/extracted_features/TCGA-ESCA/TCGA-L5-A4OU-01Z-00-DX1.104C7782-2C80-41ED-9E22-1628AA649A03.h5
train	TCGA-ESCA	TCGA-L5-A4OW	TCGA-L5-A4OW-01	TCGA-L5-A4OW-01Z-00-DX1		/research/projects/mllab/WSI/extracted_features/TCGA-ESCA/TCGA-L5-A4OW-01Z-00-DX1.BA40D477-007A-40BE-B37B-5228C65EED42.h5
train	TCGA-ESCA	TCGA-L5-A4OX	TCGA-L5-A4OX-01	TCGA-L5-A4OX-01Z-00-DX1		/research/projects/mllab/WSI/extracted_features/TCGA-ESCA/TCGA-L5-A4OX-01Z-00-DX1.44575F16-A28B-4865-BAF2-165DA3A1D4FA.h5
train	TCGA-ESCA	TCGA-VR-A8ER	TCGA-VR-A8ER-01	TCGA-VR-A8ER-01Z-00-DX1		/research/projects/mllab/WSI/extracted_features/TCGA-ESCA/TCGA-VR-A8ER-01Z-00-DX1.E0C2826D-B269-4F75-B6CF-CAEA9D1D8F38.h5
train	TCGA-GBM	TCGA-06-0125	TCGA-06-0125-01	TCGA-06-0125-01Z-00-DX1		/research/projects/mllab/WSI/extracted_features/TCGA-GBM/TCGA-06-0125-01Z-00-DX1.8e0915b2-8dc3-4753-8062-05643835672b.h5
train	TCGA-GBM	TCGA-06-0130	TCGA-06-0130-01	TCGA-06-0130-01Z-00-DX1		/research/projects/mllab/WSI/extracted_features/TCGA-GBM/TCGA-06-0130-01Z-00-DX1.0391b65f-4e1d-4444-abb0-e5804606d461.h5
train	TCGA-GBM	TCGA-06-0141	TCGA-06-0141-01	TCGA-06-0141-01Z-00-DX1		/research/projects/mllab/WSI/extracted_features/TCGA-GBM/TCGA-06-0141-01Z-00-DX1.ec301079-2d58-4079-b2ab-d8fdbca2fbf7.h5
train	TCGA-GBM	TCGA-06-0174	TCGA-06-0174-01	TCGA-06-0174-01Z-00-DX1		/research/projects/mllab/WSI/extracted_features/TCGA-GBM/TCGA-06-0174-01Z-00-DX1.85e41742-7e59-49d8-aaae-20feccaa2f68.h5
train	TCGA-GBM	TCGA-06-5408	TCGA-06-5408-01	TCGA-06-5408-01Z-00-DX1		/research/projects/mllab/WSI/extracted_features/TCGA-GBM/TCGA-06-5408-01Z-00-DX1.4c572122-e7f8-488b-aad1-089301ba2a84.h5
train	TCGA-GBM	TCGA-06-5412	TCGA-06-5412-01	TCGA-06-5412-01Z-00-DX1		/research/projects/mllab/WSI/extracted_features/TCGA-GBM/TCGA-06-5412-01Z-00-DX1.039632bd-2493-4a78-839c-3734eae662f8.h5
train	TCGA-GBM	TCGA-26-1442	TCGA-26-1442-01	TCGA-26-1442-01Z-00-DX1		/research/projects/mllab/WSI/extracted_features/TCGA-GBM/TCGA-26-1442-01Z-00-DX1.FD8D4EB7-AD5E-49E8-BD0B-6CDDEA8DDB35.h5
train	TCGA-GBM	TCGA-27-2521	TCGA-27-2521-01	TCGA-27-2521-01Z-00-DX1		/research/projects/mllab/WSI/extracted_features/TCGA-GBM/TCGA-27-2521-01Z-00-DX1.31BCEBD8-3A69-4560-8077-40AF5BA0B955.h5
train	TCGA-GBM	TCGA-41-5651	TCGA-41-5651-01	TCGA-41-5651-01Z-00-DX1		/research/projects/mllab/WSI/extracted_features/TCGA-GBM/TCGA-41-5651-01Z-00-DX1.84aa5ff7-d54c-43d7-8f03-c9012d303926.h5
train	TCGA-HNSC	TCGA-BA-A8YP	TCGA-BA-A8YP-01	TCGA-BA-A8YP-01Z-00-DX1		/research/projects/mllab/WSI/extracted_features/TCGA-HNSC/TCGA-BA-A8YP-01Z-00-DX1.03B95E63-2639-49F6-B8DD-AC2C2FA872B1.h5
train	TCGA-HNSC	TCGA-CN-5363	TCGA-CN-5363-01	TCGA-CN-5363-01Z-00-DX1		/research/projects/mllab/WSI/extracted_features/TCGA-HNSC/TCGA-CN-5363-01Z-00-DX1.bd9c87d4-de64-4932-a90f-95888150d780.h5
train	TCGA-HNSC	TCGA-CN-5365	TCGA-CN-5365-01	TCGA-CN-5365-01Z-00-DX1		/research/projects/mllab/WSI/extracted_features/TCGA-HNSC/TCGA-CN-5365-01Z-00-DX1.26a33bd0-1eb3-4774-8be6-bf8501f4a9f9.h5
train	TCGA-HNSC	TCGA-CN-A642	TCGA-CN-A642-01	TCGA-CN-A642-01Z-00-DX1		/research/projects/mllab/WSI/extracted_features/TCGA-HNSC/TCGA-CN-A642-01Z-00-DX1.74FF21F1-93CA-41A9-A652-3435B0EFDAD5.h5
train	TCGA-HNSC	TCGA-CV-5978	TCGA-CV-5978-01	TCGA-CV-5978-01Z-00-DX1		/research/projects/mllab/WSI/extracted_features/TCGA-HNSC/TCGA-CV-5978-01Z-00-DX1.E2AD0A66-3A25-467F-8768-C0FC34844C79.h5
train	TCGA-HNSC	TCGA-CV-6948	TCGA-CV-6948-01	TCGA-CV-6948-01Z-00-DX1		/research/projects/mllab/WSI/extracted_features/TCGA-HNSC/TCGA-CV-6948-01Z-00-DX1.5FBC4FBA-681D-45AB-BE39-3976CED6A550.h5
train	TCGA-HNSC	TCGA-CV-A6JU	TCGA-CV-A6JU-01	TCGA-CV-A6JU-01Z-00-DX1		/research/projects/mllab/WSI/extracted_features/TCGA-HNSC/TCGA-CV-A6JU-01Z-00-DX1.35A3A1F0-9D6C-4794-B501-E56E48C51DF9.h5
train	TCGA-HNSC	TCGA-P3-A6SW	TCGA-P3-A6SW-01	TCGA-P3-A6SW-01Z-00-DX1		/research/projects/mllab/WSI/extracted_features/TCGA-HNSC/TCGA-P3-A6SW-01Z-00-DX1.254AB8E0-F6CE-4C66-959C-0619459FB5E9.h5
train	TCGA-HNSC	TCGA-QK-A8Z8	TCGA-QK-A8Z8-01	TCGA-QK-A8Z8-01Z-00-DX1		/research/projects/mllab/WSI/extracted_features/TCGA-HNSC/TCGA-QK-A8Z8-01Z-00-DX1.7C01D3B3-A21A-43BF-B09A-0FC31B63CC71.h5
train	TCGA-KICH	TCGA-KL-8330	TCGA-KL-8330-01	TCGA-KL-8330-01Z-00-DX1		/research/projects/mllab/WSI/extracted_features/TCGA-KICH/TCGA-KL-8330-01Z-00-DX1.30a61e5b-9379-498a-9aa4-60fd7a3a2f32.h5
train	TCGA-KICH	TCGA-KL-8337	TCGA-KL-8337-01	TCGA-KL-8337-01Z-00-DX1		/research/projects/mllab/WSI/extracted_features/TCGA-KICH/TCGA-KL-8337-01Z-00-DX1.78306056-304b-44c3-87cd-46d3785b7204.h5
train	TCGA-KICH	TCGA-KL-8339	TCGA-KL-8339-01	TCGA-KL-8339-01Z-00-DX1		/research/projects/mllab/WSI/extracted_features/TCGA-KICH/TCGA-KL-8339-01Z-00-DX1.5826ea77-f0a1-4b47-acd7-62a6ba878dec.h5
train	TCGA-KICH	TCGA-KL-8341	TCGA-KL-8341-01	TCGA-KL-8341-01Z-00-DX1		/research/projects/mllab/WSI/extracted_features/TCGA-KICH/TCGA-KL-8341-01Z-00-DX1.eb0da21c-75f5-4de5-a753-12666eff0030.h5
train	TCGA-KICH	TCGA-KL-8343	TCGA-KL-8343-01	TCGA-KL-8343-01Z-00-DX1		/research/projects/mllab/WSI/extracted_features/TCGA-KICH/TCGA-KL-8343-01Z-00-DX1.e5aeff79-6d98-4c53-923e-a8fe204fbb43.h5
train	TCGA-KICH	TCGA-KL-8345	TCGA-KL-8345-01	TCGA-KL-8345-01Z-00-DX1		/research/projects/mllab/WSI/extracted_features/TCGA-KICH/TCGA-KL-8345-01Z-00-DX1.e6265e77-7c45-4e54-a703-6d2013aba525.h5
train	TCGA-KICH	TCGA-KM-8443	TCGA-KM-8443-01	TCGA-KM-8443-01Z-00-DX1		/research/projects/mllab/WSI/extracted_features/TCGA-KICH/TCGA-KM-8443-01Z-00-DX1.A97D876A-6453-4335-B805-C54529D3915F.h5
train	TCGA-KICH	TCGA-KO-8406	TCGA-KO-8406-01	TCGA-KO-8406-01Z-00-DX1		/research/projects/mllab/WSI/extracted_features/TCGA-KICH/TCGA-KO-8406-01Z-00-DX1.F9FDAB2C-9EEC-41D0-A29C-530107B96AC2.h5
train	TCGA-KICH	TCGA-KO-8411	TCGA-KO-8411-01	TCGA-KO-8411-01Z-00-DX1		/research/projects/mllab/WSI/extracted_features/TCGA-KICH/TCGA-KO-8411-01Z-00-DX1.57A47A81-003C-4F34-B8FA-D1313114892F.h5
train	TCGA-KIRC	TCGA-AK-3433	TCGA-AK-3433-01	TCGA-AK-3433-01Z-00-DX1		/research/projects/mllab/WSI/extracted_features/TCGA-KIRC/TCGA-AK-3433-01Z-00-DX1.53f1ec0a-bb16-4899-bdc7-99c6e61f729e.h5
train	TCGA-KIRC	TCGA-AK-3443	TCGA-AK-3443-01	TCGA-AK-3443-01Z-00-DX1		/research/projects/mllab/WSI/extracted_features/TCGA-KIRC/TCGA-AK-3443-01Z-00-DX1.bf067de8-9ca9-4be2-b064-2257ee323a09.h5
train	TCGA-KIRC	TCGA-B0-4700	TCGA-B0-4700-01	TCGA-B0-4700-01Z-00-DX1		/research/projects/mllab/WSI/extracted_features/TCGA-KIRC/TCGA-B0-4700-01Z-00-DX1.1a56e8e5-e1c7-48c7-b17a-5adc9d780613.h5
train	TCGA-KIRC	TCGA-B0-4703	TCGA-B0-4703-01	TCGA-B0-4703-01Z-00-DX1		/research/projects/mllab/WSI/extracted_features/TCGA-KIRC/TCGA-B0-4703-01Z-00-DX1.05400469-03bd-4f1b-ac33-580a8b582c39.h5
train	TCGA-KIRC	TCGA-B0-5096	TCGA-B0-5096-01	TCGA-B0-5096-01Z-00-DX1		/research/projects/mllab/WSI/extracted_features/TCGA-KIRC/TCGA-B0-5096-01Z-00-DX1.badbc354-928e-4f7c-9b3f-341154bafbac.h5
train	TCGA-KIRC	TCGA-CJ-4891	TCGA-CJ-4891-01	TCGA-CJ-4891-01Z-00-DX1		/research/projects/mllab/WSI/extracted_features/TCGA-KIRC/TCGA-CJ-4891-01Z-00-DX1.5E9F7E8F-110A-4A9F-BCD0-9CFBA14E1419.h5
train	TCGA-KIRC	TCGA-CJ-5677	TCGA-CJ-5677-01	TCGA-CJ-5677-01Z-00-DX1		/research/projects/mllab/WSI/extracted_features/TCGA-KIRC/TCGA-CJ-5677-01Z-00-DX1.46FEF9C4-445C-4046-9ACC-54402E3702A9.h5
train	TCGA-KIRC	TCGA-CJ-6033	TCGA-CJ-6033-01	TCGA-CJ-6033-01Z-00-DX1		/research/projects/mllab/WSI/extracted_features/TCGA-KIRC/TCGA-CJ-6033-01Z-00-DX1.5DD2C8F4-50E1-47C3-B5D4-058AE04095DD.h5
train	TCGA-KIRC	TCGA-CZ-5468	TCGA-CZ-5468-01	TCGA-CZ-5468-01Z-00-DX1		/research/projects/mllab/WSI/extracted_features/TCGA-KIRC/TCGA-CZ-5468-01Z-00-DX1.e2bbe417-a24c-4511-934e-674221855695.h5
train	TCGA-KIRP	TCGA-2Z-A9J7	TCGA-2Z-A9J7-01	TCGA-2Z-A9J7-01Z-00-DX1		/research/projects/mllab/WSI/extracted_features/TCGA-KIRP/TCGA-2Z-A9J7-01Z-00-DX1.9DB458BA-8AB0-4ECF-A3F9-5851A7A59759.h5
train	TCGA-KIRP	TCGA-4A-A93X	TCGA-4A-A93X-01	TCGA-4A-A93X-01Z-00-DX1		/research/projects/mllab/WSI/extracted_features/TCGA-KIRP/TCGA-4A-A93X-01Z-00-DX1.A80225A4-9C74-4920-ADFC-7163719FB0BA.h5
train	TCGA-KIRP	TCGA-A4-A57E	TCGA-A4-A57E-01	TCGA-A4-A57E-01Z-00-DX1		/research/projects/mllab/WSI/extracted_features/TCGA-KIRP/TCGA-A4-A57E-01Z-00-DX1.364D4762-64D9-4F71-8E33-1F6B058054F2.h5
train	TCGA-KIRP	TCGA-BQ-5894	TCGA-BQ-5894-01	TCGA-BQ-5894-01Z-00-DX1		/research/projects/mllab/WSI/extracted_features/TCGA-KIRP/TCGA-BQ-5894-01Z-00-DX1.8fa5886a-0e66-4fe1-9c96-14b9d8d13db7.h5
train	TCGA-KIRP	TCGA-DW-7838	TCGA-DW-7838-01	TCGA-DW-7838-01Z-00-DX1		/research/projects/mllab/WSI/extracted_features/TCGA-KIRP/TCGA-DW-7838-01Z-00-DX1.08AE47C1-7A7C-4D7A-A485-13F37341D1AC.h5
train	TCGA-KIRP	TCGA-SX-A71W	TCGA-SX-A71W-01	TCGA-SX-A71W-01Z-00-DX1		/research/projects/mllab/WSI/extracted_features/TCGA-KIRP/TCGA-SX-A71W-01Z-00-DX1.293A2F6A-AEAE-4A0D-96BF-2220FAFFE191.h5
train	TCGA-KIRP	TCGA-SX-A7SM	TCGA-SX-A7SM-01	TCGA-SX-A7SM-01Z-00-DX1		/research/projects/mllab/WSI/extracted_features/TCGA-KIRP/TCGA-SX-A7SM-01Z-00-DX1.567A7D93-3511-4AB5-AF26-019994048AF5.h5
train	TCGA-KIRP	TCGA-SX-A7SO	TCGA-SX-A7SO-01	TCGA-SX-A7SO-01Z-00-DX1		/research/projects/mllab/WSI/extracted_features/TCGA-KIRP/TCGA-SX-A7SO-01Z-00-DX1.02A748A8-B4FB-4EA3-827B-8C743B858983.h5
train	TCGA-KIRP	TCGA-Y8-A8S1	TCGA-Y8-A8S1-01	TCGA-Y8-A8S1-01Z-00-DX1		/research/projects/mllab/WSI/extracted_features/TCGA-KIRP/TCGA-Y8-A8S1-01Z-00-DX1.070EF07D-6A9B-4E32-9851-3B08A628D879.h5
train	TCGA-LGG	TCGA-CS-5396	TCGA-CS-5396-01	TCGA-CS-5396-01Z-00-DX1		/research/projects/mllab/WSI/extracted_features/TCGA-LGG/TCGA-CS-5396-01Z-00-DX1.63f3413b-a950-417a-a49e-9d01efe45c88.h5
train	TCGA-LGG	TCGA-DU-7011	TCGA-DU-7011-01	TCGA-DU-7011-01Z-00-DX1		/research/projects/mllab/WSI/extracted_features/TCGA-LGG/TCGA-DU-7011-01Z-00-DX1.839D54AF-A0C7-4DE4-A7D0-D19C760FFB3D.h5
train	TCGA-LGG	TCGA-DU-8162	TCGA-DU-8162-01	TCGA-DU-8162-01Z-00-DX1		/research/projects/mllab/WSI/extracted_features/TCGA-LGG/TCGA-DU-8162-01Z-00-DX1.bf95b059-f79c-4a49-b70b-295cca8e4cf0.h5
train	TCGA-LGG	TCGA-E1-A7YY	TCGA-E1-A7YY-01	TCGA-E1-A7YY-01Z-00-DX1		/research/projects/mllab/WSI/extracted_features/TCGA-LGG/TCGA-E1-A7YY-01Z-00-DX1.B652C843-4122-453A-B67B-68DD0ADE4476.h5
train	TCGA-LGG	TCGA-FG-8182	TCGA-FG-8182-01	TCGA-FG-8182-01Z-00-DX1		/research/projects/mllab/WSI/extracted_features/TCGA-LGG/TCGA-FG-8182-01Z-00-DX1.287825ff-7486-455b-b3d7-90200806ae87.h5
train	TCGA-LGG	TCGA-FG-8188	TCGA-FG-8188-01	TCGA-FG-8188-01Z-00-DX1		/research/projects/mllab/WSI/extracted_features/TCGA-LGG/TCGA-FG-8188-01Z-00-DX1.2a587a5c-9985-4d83-868d-4801fb239a61.h5
train	TCGA-LGG	TCGA-HT-7609	TCGA-HT-7609-01	TCGA-HT-7609-01Z-00-DX1		/research/projects/mllab/WSI/extracted_features/TCGA-LGG/TCGA-HT-7609-01Z-00-DX1.8989643C-6505-468E-BEE4-8F105D4CE4A0.h5
train	TCGA-LGG	TCGA-HT-A5R5	TCGA-HT-A5R5-01	TCGA-HT-A5R5-01Z-00-DX1		/research/projects/mllab/WSI/extracted_features/TCGA-LGG/TCGA-HT-A5R5-01Z-00-DX1.4C1365AB-C04C-4E31-B759-031060F2473A.h5
train	TCGA-LGG	TCGA-RY-A843	TCGA-RY-A843-01	TCGA-RY-A843-01Z-00-DX1		/research/projects/mllab/WSI/extracted_features/TCGA-LGG/TCGA-RY-A843-01Z-00-DX1.CB0CAD7E-B970-419A-902D-2F97660D2372.h5
train	TCGA-LIHC	TCGA-BC-A5W4	TCGA-BC-A5W4-01	TCGA-BC-A5W4-01Z-00-DX1		/research/projects/mllab/WSI/extracted_features/TCGA-LIHC/TCGA-BC-A5W4-01Z-00-DX1.57017E96-B611-420D-BEED-021B928A1BA8.h5
train	TCGA-LIHC	TCGA-DD-A3A9	TCGA-DD-A3A9-01	TCGA-DD-A3A9-01Z-00-DX1		/research/projects/mllab/WSI/extracted_features/TCGA-LIHC/TCGA-DD-A3A9-01Z-00-DX1.BC4A83DE-516A-4C64-9E86-834E8CFD6135.h5
train	TCGA-LIHC	TCGA-DD-AACD	TCGA-DD-AACD-01	TCGA-DD-AACD-01Z-00-DX1		/research/projects/mllab/WSI/extracted_features/TCGA-LIHC/TCGA-DD-AACD-01Z-00-DX1.1EA42A70-D453-4F92-AD7A-E2462696C985.h5
train	TCGA-LIHC	TCGA-DD-AACG	TCGA-DD-AACG-01	TCGA-DD-AACG-01Z-00-DX1		/research/projects/mllab/WSI/extracted_features/TCGA-LIHC/TCGA-DD-AACG-01Z-00-DX1.7B625854-0DEF-4CD1-9D01-EE685671DE84.h5
train	TCGA-LIHC	TCGA-DD-AACZ	TCGA-DD-AACZ-01	TCGA-DD-AACZ-01Z-00-DX1		/research/projects/mllab/WSI/extracted_features/TCGA-LIHC/TCGA-DD-AACZ-01Z-00-DX1.A4694008-C87C-458A-A680-AEF131BFB44A.h5
train	TCGA-LIHC	TCGA-DD-AADD	TCGA-DD-AADD-01	TCGA-DD-AADD-01Z-00-DX1		/research/projects/mllab/WSI/extracted_features/TCGA-LIHC/TCGA-DD-AADD-01Z-00-DX1.CE7194E0-40B5-4377-A682-A7060E4D41F3.h5
train	TCGA-LIHC	TCGA-DD-AADF	TCGA-DD-AADF-01	TCGA-DD-AADF-01Z-00-DX1		/research/projects/mllab/WSI/extracted_features/TCGA-LIHC/TCGA-DD-AADF-01Z-00-DX1.953F6603-2A57-4BB0-B402-46CCB7940751.h5
train	TCGA-LIHC	TCGA-DD-AAE0	TCGA-DD-AAE0-01	TCGA-DD-AAE0-01Z-00-DX1		/research/projects/mllab/WSI/extracted_features/TCGA-LIHC/TCGA-DD-AAE0-01Z-00-DX1.0F30D65A-A9B0-4098-940E-B9DA702B692F.h5
train	TCGA-LIHC	TCGA-DD-AAEE	TCGA-DD-AAEE-01	TCGA-DD-AAEE-01Z-00-DX1		/research/projects/mllab/WSI/extracted_features/TCGA-LIHC/TCGA-DD-AAEE-01Z-00-DX1.7DB85E16-D3BE-4519-9B84-AA6C18172F96.h5
train	TCGA-LUAD	TCGA-49-4487	TCGA-49-4487-01	TCGA-49-4487-01Z-00-DX1		/research/projects/mllab/WSI/extracted_features/TCGA-LUAD/TCGA-49-4487-01Z-00-DX1.3a3a0720-463c-430e-849b-e2f8991bdfa5.h5
train	TCGA-LUAD	TCGA-49-AARO	TCGA-49-AARO-01	TCGA-49-AARO-01Z-00-DX1		/research/projects/mllab/WSI/extracted_features/TCGA-LUAD/TCGA-49-AARO-01Z-00-DX1.FB8C82DC-F823-43CF-A8EA-1208C767AF54.h5
train	TCGA-LUAD	TCGA-55-7574	TCGA-55-7574-01	TCGA-55-7574-01Z-00-DX1		/research/projects/mllab/WSI/extracted_features/TCGA-LUAD/TCGA-55-7574-01Z-00-DX1.09639e6a-d85f-4d84-abbc-0f5a6d679683.h5
train	TCGA-LUAD	TCGA-55-8511	TCGA-55-8511-01	TCGA-55-8511-01Z-00-DX1		/research/projects/mllab/WSI/extracted_features/TCGA-LUAD/TCGA-55-8511-01Z-00-DX1.8EDFB05B-5B59-46EA-973C-1048B1E284D2.h5
train	TCGA-LUAD	TCGA-86-A4P7	TCGA-86-A4P7-01	TCGA-86-A4P7-01Z-00-DX1		/research/projects/mllab/WSI/extracted_features/TCGA-LUAD/TCGA-86-A4P7-01Z-00-DX1.37026DCF-5A81-4098-B444-C8A40CA168D0.h5
train	TCGA-LUAD	TCGA-97-7552	TCGA-97-7552-01	TCGA-97-7552-01Z-00-DX1		/research/projects/mllab/WSI/extracted_features/TCGA-LUAD/TCGA-97-7552-01Z-00-DX1.a5ab8959-ff7a-4287-b014-87439957fb67.h5
train	TCGA-LUAD	TCGA-99-8028	TCGA-99-8028-01	TCGA-99-8028-01Z-00-DX1		/research/projects/mllab/WSI/extracted_features/TCGA-LUAD/TCGA-99-8028-01Z-00-DX1.23de89b1-67f8-41fb-980a-010ea190d687.h5
train	TCGA-LUAD	TCGA-L9-A743	TCGA-L9-A743-01	TCGA-L9-A743-01Z-00-DX1		/research/projects/mllab/WSI/extracted_features/TCGA-LUAD/TCGA-L9-A743-01Z-00-DX1.27ED2955-E8B5-4A3C-ADAA-82568ECCFB83.h5
train	TCGA-LUAD	TCGA-MP-A4T9	TCGA-MP-A4T9-01	TCGA-MP-A4T9-01Z-00-DX1		/research/projects/mllab/WSI/extracted_features/TCGA-LUAD/TCGA-MP-A4T9-01Z-00-DX1.F7B341C4-EBCD-455F-BE90-3B77AC6B76EC.h5
train	TCGA-LUSC	TCGA-21-5784	TCGA-21-5784-01	TCGA-21-5784-01Z-00-DX1		/research/projects/mllab/WSI/extracted_features/TCGA-LUSC/TCGA-21-5784-01Z-00-DX1.E50E7F4B-BE37-4171-94A7-E824CFF4B3BB.h5
train	TCGA-LUSC	TCGA-22-1000	TCGA-22-1000-01	TCGA-22-1000-01Z-00-DX1		/research/projects/mllab/WSI/extracted_features/TCGA-LUSC/TCGA-22-1000-01Z-00-DX1.D2ACF3D3-6187-49A1-ABBC-8D8E611EEE55.h5
train	TCGA-LUSC	TCGA-22-1005	TCGA-22-1005-01	TCGA-22-1005-01Z-00-DX1		/research/projects/mllab/WSI/extracted_features/TCGA-LUSC/TCGA-22-1005-01Z-00-DX1.4A151CC3-E57F-4345-817A-2B9DBAF98477.h5
train	TCGA-LUSC	TCGA-39-5028	TCGA-39-5028-01	TCGA-39-5028-01Z-00-DX1		/research/projects/mllab/WSI/extracted_features/TCGA-LUSC/TCGA-39-5028-01Z-00-DX1.7994ec22-746d-4c30-8138-e6c9bc67c71f.h5
train	TCGA-LUSC	TCGA-43-A56U	TCGA-43-A56U-01	TCGA-43-A56U-01Z-00-DX1		/research/projects/mllab/WSI/extracted_features/TCGA-LUSC/TCGA-43-A56U-01Z-00-DX1.B60C921A-4EE4-4CAE-9E55-311C7D2DA9E4.h5
train	TCGA-LUSC	TCGA-56-7731	TCGA-56-7731-01	TCGA-56-7731-01Z-00-DX1		/research/projects/mllab/WSI/extracted_features/TCGA-LUSC/TCGA-56-7731-01Z-00-DX1.e205943f-cb2e-4006-b3be-b07d95fea663.h5
train	TCGA-LUSC	TCGA-56-A4ZJ	TCGA-56-A4ZJ-01	TCGA-56-A4ZJ-01Z-00-DX1		/research/projects/mllab/WSI/extracted_features/TCGA-LUSC/TCGA-56-A4ZJ-01Z-00-DX1.6BB25D9D-75E7-4B44-8560-8A3C3EC9F118.h5
train	TCGA-LUSC	TCGA-60-2709	TCGA-60-2709-01	TCGA-60-2709-01Z-00-DX1		/research/projects/mllab/WSI/extracted_features/TCGA-LUSC/TCGA-60-2709-01Z-00-DX1.ded10e7c-c1ca-4402-be0e-f3978994d4af.h5
train	TCGA-LUSC	TCGA-85-8048	TCGA-85-8048-01	TCGA-85-8048-01Z-00-DX1		/research/projects/mllab/WSI/extracted_features/TCGA-LUSC/TCGA-85-8048-01Z-00-DX1.1a663caa-dff1-4f03-b06b-c8b8b5ce08c6.h5
train	TCGA-MESO	TCGA-3U-A98G	TCGA-3U-A98G-01	TCGA-3U-A98G-01Z-00-DX1		/research/projects/mllab/WSI/extracted_features/TCGA-MESO/TCGA-3U-A98G-01Z-00-DX1.5315FC96-F850-44EA-8480-04EDD64B1BAF.h5
train	TCGA-MESO	TCGA-3U-A98H	TCGA-3U-A98H-01	TCGA-3U-A98H-01Z-00-DX1		/research/projects/mllab/WSI/extracted_features/TCGA-MESO/TCGA-3U-A98H-01Z-00-DX1.CE8066E4-A543-445D-84D9-819C8C0922CB.h5
train	TCGA-MESO	TCGA-3U-A98I	TCGA-3U-A98I-01	TCGA-3U-A98I-01Z-00-DX1		/research/projects/mllab/WSI/extracted_features/TCGA-MESO/TCGA-3U-A98I-01Z-00-DX1.982F29A4-ED58-44EE-8438-323BBDF2A788.h5
train	TCGA-MESO	TCGA-LK-A4O5	TCGA-LK-A4O5-01	TCGA-LK-A4O5-01Z-00-DX1		/research/projects/mllab/WSI/extracted_features/TCGA-MESO/TCGA-LK-A4O5-01Z-00-DX1.826C5B0C-5F02-494E-8CB3-02E5DEAACCBC.h5
train	TCGA-MESO	TCGA-SC-AA5Z	TCGA-SC-AA5Z-01	TCGA-SC-AA5Z-01Z-00-DX1		/research/projects/mllab/WSI/extracted_features/TCGA-MESO/TCGA-SC-AA5Z-01Z-00-DX1.78B57359-29FE-418E-B5AB-750CF6687579.h5
train	TCGA-MESO	TCGA-SH-A7BC	TCGA-SH-A7BC-01	TCGA-SH-A7BC-01Z-00-DX1		/research/projects/mllab/WSI/extracted_features/TCGA-MESO/TCGA-SH-A7BC-01Z-00-DX1.FFC2EAE3-6C71-4702-9CC1-1C2471149E9A.h5
train	TCGA-MESO	TCGA-UD-AABY	TCGA-UD-AABY-01	TCGA-UD-AABY-01Z-00-DX1		/research/projects/mllab/WSI/extracted_features/TCGA-MESO/TCGA-UD-AABY-01Z-00-DX1.17CE3A58-EF84-424F-8BD0-7E0C2B93B901.h5
train	TCGA-MESO	TCGA-UT-A88G	TCGA-UT-A88G-01	TCGA-UT-A88G-01Z-00-DX1		/research/projects/mllab/WSI/extracted_features/TCGA-MESO/TCGA-UT-A88G-01Z-00-DX1.AF4DD793-5603-4E9E-94D3-D8E30FAE4281.h5
train	TCGA-MESO	TCGA-YS-AA4M	TCGA-YS-AA4M-01	TCGA-YS-AA4M-01Z-00-DX1		/research/projects/mllab/WSI/extracted_features/TCGA-MESO/TCGA-YS-AA4M-01Z-00-DX1.01220286-CBBD-410C-839C-83BFAF957A44.h5
train	TCGA-OV	TCGA-25-1313	TCGA-25-1313-01	TCGA-25-1313-01Z-00-DX1		/research/projects/mllab/WSI/extracted_features/TCGA-OV/TCGA-25-1313-01Z-00-DX1.5A2732D5-01D6-4285-9283-1839E1703C27.h5
train	TCGA-OV	TCGA-25-1316	TCGA-25-1316-01	TCGA-25-1316-01Z-00-DX1		/research/projects/mllab/WSI/extracted_features/TCGA-OV/TCGA-25-1316-01Z-00-DX1.A9B7F47C-5BDC-4B7D-BC9F-C4C9DBA663C8.h5
train	TCGA-OV	TCGA-25-1631	TCGA-25-1631-01	TCGA-25-1631-01Z-00-DX1		/research/projects/mllab/WSI/extracted_features/TCGA-OV/TCGA-25-1631-01Z-00-DX1.7CA82CFB-E5F6-4148-8B5E-088B7FE6331F.h5
train	TCGA-OV	TCGA-25-1632	TCGA-25-1632-01	TCGA-25-1632-01Z-00-DX1		/research/projects/mllab/WSI/extracted_features/TCGA-OV/TCGA-25-1632-01Z-00-DX1.B911E6FF-D6A9-4AC7-873C-58B2059DE7E6.h5
train	TCGA-OV	TCGA-25-2397	TCGA-25-2397-01	TCGA-25-2397-01Z-00-DX1		/research/projects/mllab/WSI/extracted_features/TCGA-OV/TCGA-25-2397-01Z-00-DX1.B6FDE9A3-6A51-4A79-82CB-51ED37945A54.h5
train	TCGA-OV	TCGA-42-2591	TCGA-42-2591-01	TCGA-42-2591-01Z-00-DX1		/research/projects/mllab/WSI/extracted_features/TCGA-OV/TCGA-42-2591-01Z-00-DX1.ea85e14f-5f0a-4ed0-9afe-025bb95fca40.h5
train	TCGA-OV	TCGA-5X-AA5U	TCGA-5X-AA5U-01	TCGA-5X-AA5U-01Z-00-DX1		/research/projects/mllab/WSI/extracted_features/TCGA-OV/TCGA-5X-AA5U-01Z-00-DX1.1A03C105-4086-4AAB-B821-A9E8156FA704.h5
train	TCGA-OV	TCGA-OY-A56Q	TCGA-OY-A56Q-01	TCGA-OY-A56Q-01Z-00-DX1		/research/projects/mllab/WSI/extracted_features/TCGA-OV/TCGA-OY-A56Q-01Z-00-DX1.F1556F26-8845-4962-9004-70F9747B46B7.h5
train	TCGA-OV	TCGA-VG-A8LO	TCGA-VG-A8LO-01	TCGA-VG-A8LO-01A-01-DX1		/research/projects/mllab/WSI/extracted_features/TCGA-OV/TCGA-VG-A8LO-01A-01-DX1.B39A4D64-82A1-4A04-8AB6-918F3058B83B.h5
train	TCGA-PAAD	TCGA-2J-AABV	TCGA-2J-AABV-01	TCGA-2J-AABV-01Z-00-DX1		/research/projects/mllab/WSI/extracted_features/TCGA-PAAD/TCGA-2J-AABV-01Z-00-DX1.00CE9625-2586-4288-92E0-368A0617CBC0.h5
train	TCGA-PAAD	TCGA-3A-A9I7	TCGA-3A-A9I7-01	TCGA-3A-A9I7-01Z-00-DX1		/research/projects/mllab/WSI/extracted_features/TCGA-PAAD/TCGA-3A-A9I7-01Z-00-DX1.23EE4A93-A298-4522-837E-3EE10172D66C.h5
train	TCGA-PAAD	TCGA-3A-A9IL	TCGA-3A-A9IL-01	TCGA-3A-A9IL-01Z-00-DX1		/research/projects/mllab/WSI/extracted_features/TCGA-PAAD/TCGA-3A-A9IL-01Z-00-DX1.BEB57CA5-223D-4330-BFFF-8202DCC857F3.h5
train	TCGA-PAAD	TCGA-FZ-5921	TCGA-FZ-5921-01	TCGA-FZ-5921-01Z-00-DX1		/research/projects/mllab/WSI/extracted_features/TCGA-PAAD/TCGA-FZ-5921-01Z-00-DX1.1120F4F2-EBDD-436F-B83F-D524C9BA887D.h5
train	TCGA-PAAD	TCGA-FZ-5926	TCGA-FZ-5926-01	TCGA-FZ-5926-01Z-00-DX1		/research/projects/mllab/WSI/extracted_features/TCGA-PAAD/TCGA-FZ-5926-01Z-00-DX1.C6358107-5215-4A1A-B670-807730519D21.h5
train	TCGA-PAAD	TCGA-HV-A7OP	TCGA-HV-A7OP-01	TCGA-HV-A7OP-01Z-00-DX1		/research/projects/mllab/WSI/extracted_features/TCGA-PAAD/TCGA-HV-A7OP-01Z-00-DX1.9DCA3D26-8093-4D09-AE2C-1E04564C053A.h5
train	TCGA-PAAD	TCGA-HZ-8638	TCGA-HZ-8638-01	TCGA-HZ-8638-01Z-00-DX1		/research/projects/mllab/WSI/extracted_features/TCGA-PAAD/TCGA-HZ-8638-01Z-00-DX1.AD9F30CA-8943-493E-8603-7D1CF41056E6.h5
train	TCGA-PAAD	TCGA-HZ-A4BK	TCGA-HZ-A4BK-01	TCGA-HZ-A4BK-01Z-00-DX1		/research/projects/mllab/WSI/extracted_features/TCGA-PAAD/TCGA-HZ-A4BK-01Z-00-DX1.D8F0179D-5572-4358-90B8-819F729FDD7D.h5
train	TCGA-PAAD	TCGA-IB-7889	TCGA-IB-7889-01	TCGA-IB-7889-01Z-00-DX1		/research/projects/mllab/WSI/extracted_features/TCGA-PAAD/TCGA-IB-7889-01Z-00-DX1.6D4EE9ED-5AE0-4AC2-B75C-2B26F562D346.h5
train	TCGA-PCPG	TCGA-QR-A6GT	TCGA-QR-A6GT-01	TCGA-QR-A6GT-01Z-00-DX1		/research/projects/mllab/WSI/extracted_features/TCGA-PCPG/TCGA-QR-A6GT-01Z-00-DX1.83E5BD73-C59B-4BD9-9774-C62AAF62C632.h5
train	TCGA-PCPG	TCGA-RW-A67V	TCGA-RW-A67V-01	TCGA-RW-A67V-01Z-00-DX1		/research/projects/mllab/WSI/extracted_features/TCGA-PCPG/TCGA-RW-A67V-01Z-00-DX1.88E7F86B-2F45-448C-9390-E921722B122E.h5
train	TCGA-PCPG	TCGA-RW-A688	TCGA-RW-A688-01	TCGA-RW-A688-01Z-00-DX1		/research/projects/mllab/WSI/extracted_features/TCGA-PCPG/TCGA-RW-A688-01Z-00-DX1.F6BE478E-1E79-4C93-84AF-5ECB61F87DDC.h5
train	TCGA-PCPG	TCGA-S7-A7WV	TCGA-S7-A7WV-01	TCGA-S7-A7WV-01Z-00-DX1		/research/projects/mllab/WSI/extracted_features/TCGA-PCPG/TCGA-S7-A7WV-01Z-00-DX1.7EA04D99-5AFB-4079-8400-F9169551934B.h5
train	TCGA-PCPG	TCGA-TT-A6YN	TCGA-TT-A6YN-01	TCGA-TT-A6YN-01Z-00-DX1		/research/projects/mllab/WSI/extracted_features/TCGA-PCPG/TCGA-TT-A6YN-01Z-00-DX1.1E79474C-BEA6-479A-8A22-57C636B22F03.h5
train	TCGA-PCPG	TCGA-TT-A6YO	TCGA-TT-A6YO-01	TCGA-TT-A6YO-01Z-00-DX1		/research/projects/mllab/WSI/extracted_features/TCGA-PCPG/TCGA-TT-A6YO-01Z-00-DX1.071EB044-DE3B-4B1E-ABA8-14F3CAEB921D.h5
train	TCGA-PCPG	TCGA-W2-A7HB	TCGA-W2-A7HB-01	TCGA-W2-A7HB-01Z-00-DX1		/research/projects/mllab/WSI/extracted_features/TCGA-PCPG/TCGA-W2-A7HB-01Z-00-DX1.8790E75A-2812-4C85-A8F2-D823C974ABB5.h5
train	TCGA-PCPG	TCGA-W2-A7HF	TCGA-W2-A7HF-01	TCGA-W2-A7HF-01Z-00-DX1		/research/projects/mllab/WSI/extracted_features/TCGA-PCPG/TCGA-W2-A7HF-01Z-00-DX1.7EC4C7C0-194B-4CED-B2B8-C713A985D2BA.h5
train	TCGA-PCPG	TCGA-WB-A81A	TCGA-WB-A81A-01	TCGA-WB-A81A-01Z-00-DX1		/research/projects/mllab/WSI/extracted_features/TCGA-PCPG/TCGA-WB-A81A-01Z-00-DX1.1E30B6B9-20C2-40AB-AFBE-C88F35CA31EA.h5
train	TCGA-PRAD	TCGA-CH-5763	TCGA-CH-5763-01	TCGA-CH-5763-01Z-00-DX1		/research/projects/mllab/WSI/extracted_features/TCGA-PRAD/TCGA-CH-5763-01Z-00-DX1.7d4eff47-8d99-41d4-87f0-163b2cb034bf.h5
train	TCGA-PRAD	TCGA-EJ-A46D	TCGA-EJ-A46D-01	TCGA-EJ-A46D-01Z-00-DX1		/research/projects/mllab/WSI/extracted_features/TCGA-PRAD/TCGA-EJ-A46D-01Z-00-DX1.194EFBA6-C16F-42CD-99FD-27842B85504B.h5
train	TCGA-PRAD	TCGA-G9-6343	TCGA-G9-6343-01	TCGA-G9-6343-01Z-00-DX1		/research/projects/mllab/WSI/extracted_features/TCGA-PRAD/TCGA-G9-6343-01Z-00-DX1.e5756f91-d1a7-4cb4-8140-e93bb92bf194.h5
train	TCGA-PRAD	TCGA-G9-6371	TCGA-G9-6371-01	TCGA-G9-6371-01Z-00-DX1		/research/projects/mllab/WSI/extracted_features/TCGA-PRAD/TCGA-G9-6371-01Z-00-DX1.0c8cc8d4-bb9e-4ade-aaa9-22c451fb363b.h5
train	TCGA-PRAD	TCGA-G9-7519	TCGA-G9-7519-01	TCGA-G9-7519-01Z-00-DX1		/research/projects/mllab/WSI/extracted_features/TCGA-PRAD/TCGA-G9-7519-01Z-00-DX1.1858532a-d4db-4ee7-95d3-8d733694a275.h5
train	TCGA-PRAD	TCGA-KK-A8II	TCGA-KK-A8II-01	TCGA-KK-A8II-01Z-00-DX1		/research/projects/mllab/WSI/extracted_features/TCGA-PRAD/TCGA-KK-A8II-01Z-00-DX1.2AF0AC96-1017-42CE-9BC6-D9EAED43C0BD.h5
train	TCGA-PRAD	TCGA-M7-A71Y	TCGA-M7-A71Y-01	TCGA-M7-A71Y-01Z-00-DX1		/research/projects/mllab/WSI/extracted_features/TCGA-PRAD/TCGA-M7-A71Y-01Z-00-DX1.0B405CF4-492A-4778-ABBA-6C9F8A346E51.h5
train	TCGA-PRAD	TCGA-XK-AAIW	TCGA-XK-AAIW-01	TCGA-XK-AAIW-01Z-00-DX1		/research/projects/mllab/WSI/extracted_features/TCGA-PRAD/TCGA-XK-AAIW-01Z-00-DX1.31B98849-4AA9-4AC1-A697-A0C4165976B5.h5
train	TCGA-PRAD	TCGA-YL-A8SI	TCGA-YL-A8SI-01	TCGA-YL-A8SI-01Z-00-DX1		/research/projects/mllab/WSI/extracted_features/TCGA-PRAD/TCGA-YL-A8SI-01Z-00-DX1.35E5FB1A-9AAC-4942-892B-E9D80F6BDA23.h5
train	TCGA-READ	TCGA-AF-2687	TCGA-AF-2687-01	TCGA-AF-2687-01Z-00-DX1		/research/projects/mllab/WSI/extracted_features/TCGA-READ/TCGA-AF-2687-01Z-00-DX1.bbcd88f6-11d5-4b57-9693-693124b2b7e7.h5
train	TCGA-READ	TCGA-AF-2690	TCGA-AF-2690-01	TCGA-AF-2690-01Z-00-DX1		/research/projects/mllab/WSI/extracted_features/TCGA-READ/TCGA-AF-2690-01Z-00-DX1.22cb3fa6-519d-449f-b486-1f35c9089164.h5
train	TCGA-READ	TCGA-AG-3909	TCGA-AG-3909-01	TCGA-AG-3909-01Z-00-DX1		/research/projects/mllab/WSI/extracted_features/TCGA-READ/TCGA-AG-3909-01Z-00-DX1.adb4e65f-e23f-409c-8886-bbdcaa52d1d4.h5
train	TCGA-READ	TCGA-AG-A032	TCGA-AG-A032-01	TCGA-AG-A032-01Z-00-DX1		/research/projects/mllab/WSI/extracted_features/TCGA-READ/TCGA-AG-A032-01Z-00-DX1.92DF6C70-9196-4D5A-9197-D03B3D1B5AF5.h5
train	TCGA-READ	TCGA-CL-5917	TCGA-CL-5917-01	TCGA-CL-5917-01Z-00-DX1		/research/projects/mllab/WSI/extracted_features/TCGA-READ/TCGA-CL-5917-01Z-00-DX1.a2017752-58d7-4f69-ba0a-ff874dcf34a4.h5
train	TCGA-READ	TCGA-DY-A1DF	TCGA-DY-A1DF-01	TCGA-DY-A1DF-01Z-00-DX1		/research/projects/mllab/WSI/extracted_features/TCGA-READ/TCGA-DY-A1DF-01Z-00-DX1.D014E1D1-1CDB-476E-9A40-BB4BD2ADF8DA.h5
train	TCGA-READ	TCGA-EI-6883	TCGA-EI-6883-01	TCGA-EI-6883-01Z-00-DX1		/research/projects/mllab/WSI/extracted_features/TCGA-READ/TCGA-EI-6883-01Z-00-DX1.cbb30a39-9428-45f0-9178-40616322b073.h5
train	TCGA-READ	TCGA-F5-6464	TCGA-F5-6464-01	TCGA-F5-6464-01Z-00-DX1		/research/projects/mllab/WSI/extracted_features/TCGA-READ/TCGA-F5-6464-01Z-00-DX1.1f990095-5e5a-438e-9ac5-d4775e1c826c.h5
train	TCGA-READ	TCGA-F5-6702	TCGA-F5-6702-01	TCGA-F5-6702-01Z-00-DX1		/research/projects/mllab/WSI/extracted_features/TCGA-READ/TCGA-F5-6702-01Z-00-DX1.6f9c3c37-a762-4847-a3c6-44ea50b34eec.h5
train	TCGA-SARC	TCGA-3B-A9HL	TCGA-3B-A9HL-01	TCGA-3B-A9HL-01Z-00-DX1		/research/projects/mllab/WSI/extracted_features/TCGA-SARC/TCGA-3B-A9HL-01Z-00-DX1.E7B32155-5633-4623-A8F9-D51F0EB4E8EA.h5
train	TCGA-SARC	TCGA-DX-A1KU	TCGA-DX-A1KU-01	TCGA-DX-A1KU-01Z-00-DX1		/research/projects/mllab/WSI/extracted_features/TCGA-SARC/TCGA-DX-A1KU-01Z-00-DX1.3A094B6B-CF4D-4012-841A-3B888E09327D.h5
train	TCGA-SARC	TCGA-DX-A1L0	TCGA-DX-A1L0-01	TCGA-DX-A1L0-01Z-00-DX1		/research/projects/mllab/WSI/extracted_features/TCGA-SARC/TCGA-DX-A1L0-01Z-00-DX1.4FA1C23F-8118-4BE4-842A-C7B0C57C9876.h5
train	TCGA-SARC	TCGA-DX-A1L4	TCGA-DX-A1L4-01	TCGA-DX-A1L4-01Z-00-DX1		/research/projects/mllab/WSI/extracted_features/TCGA-SARC/TCGA-DX-A1L4-01Z-00-DX1.771F338F-94D2-432F-A35D-6B72852BC245.h5
train	TCGA-SARC	TCGA-DX-A23T	TCGA-DX-A23T-01	TCGA-DX-A23T-01Z-00-DX1		/research/projects/mllab/WSI/extracted_features/TCGA-SARC/TCGA-DX-A23T-01Z-00-DX1.AEFA32EC-6E45-471F-A0F9-D891F1B25A22.h5
train	TCGA-SARC	TCGA-DX-A23V	TCGA-DX-A23V-01	TCGA-DX-A23V-01Z-00-DX1		/research/projects/mllab/WSI/extracted_features/TCGA-SARC/TCGA-DX-A23V-01Z-00-DX1.E7E5DAB8-EB00-44A2-91F1-2C660F624D1E.h5
train	TCGA-SARC	TCGA-DX-A3LS	TCGA-DX-A3LS-01	TCGA-DX-A3LS-01Z-00-DX1		/research/projects/mllab/WSI/extracted_features/TCGA-SARC/TCGA-DX-A3LS-01Z-00-DX1.32E89F90-9C89-4EBE-9AD3-DF1D2457F6C8.h5
train	TCGA-SARC	TCGA-IW-A3M6	TCGA-IW-A3M6-01	TCGA-IW-A3M6-01Z-00-DX1		/research/projects/mllab/WSI/extracted_features/TCGA-SARC/TCGA-IW-A3M6-01Z-00-DX1.0058B887-C6C7-4707-8978-41737B869642.h5
train	TCGA-SARC	TCGA-QQ-A5V9	TCGA-QQ-A5V9-01	TCGA-QQ-A5V9-01Z-00-DX1		/research/projects/mllab/WSI/extracted_features/TCGA-SARC/TCGA-QQ-A5V9-01Z-00-DX1.27B08640-62D5-487E-AAAC-E66FB087246C.h5
train	TCGA-SKCM	TCGA-D3-A2JL	TCGA-D3-A2JL-06	TCGA-D3-A2JL-06Z-00-DX1		/research/projects/mllab/WSI/extracted_features/TCGA-SKCM/TCGA-D3-A2JL-06Z-00-DX1.3258F79C-866E-4AC5-BB16-F4DF65E9DFC2.h5
train	TCGA-SKCM	TCGA-D3-A3C1	TCGA-D3-A3C1-06	TCGA-D3-A3C1-06Z-00-DX1		/research/projects/mllab/WSI/extracted_features/TCGA-SKCM/TCGA-D3-A3C1-06Z-00-DX1.F6C5DABC-9FEB-4A55-A764-6958046CFE39.h5
train	TCGA-SKCM	TCGA-D3-A3C3	TCGA-D3-A3C3-06	TCGA-D3-A3C3-06Z-00-DX1		/research/projects/mllab/WSI/extracted_features/TCGA-SKCM/TCGA-D3-A3C3-06Z-00-DX1.E5A8F232-C772-461D-A997-BF97599E4E66.h5
train	TCGA-SKCM	TCGA-D3-A3CB	TCGA-D3-A3CB-06	TCGA-D3-A3CB-06Z-00-DX1		/research/projects/mllab/WSI/extracted_features/TCGA-SKCM/TCGA-D3-A3CB-06Z-00-DX1.9862D604-C9E7-44BE-99E2-AB9883B1873E.h5
train	TCGA-SKCM	TCGA-D3-A51E	TCGA-D3-A51E-06	TCGA-D3-A51E-06Z-00-DX1		/research/projects/mllab/WSI/extracted_features/TCGA-SKCM/TCGA-D3-A51E-06Z-00-DX1.819FF689-47EB-468E-A9C1-5205951F69C0.h5
train	TCGA-SKCM	TCGA-D3-A8GN	TCGA-D3-A8GN-06	TCGA-D3-A8GN-06Z-00-DX1		/research/projects/mllab/WSI/extracted_features/TCGA-SKCM/TCGA-D3-A8GN-06Z-00-DX1.B946963A-067D-4823-878C-DB46EC2ACAEF.h5
train	TCGA-SKCM	TCGA-D3-A8GO	TCGA-D3-A8GO-06	TCGA-D3-A8GO-06Z-00-DX1		/research/projects/mllab/WSI/extracted_features/TCGA-SKCM/TCGA-D3-A8GO-06Z-00-DX1.357CD90F-23D3-45BB-BA13-DCF5AED677C1.h5
train	TCGA-SKCM	TCGA-D3-A8GV	TCGA-D3-A8GV-06	TCGA-D3-A8GV-06Z-00-DX1		/research/projects/mllab/WSI/extracted_features/TCGA-SKCM/TCGA-D3-A8GV-06Z-00-DX1.55C6D578-36A6-474B-8DD5-F8FFD41635B6.h5
train	TCGA-SKCM	TCGA-FS-A1ZC	TCGA-FS-A1ZC-06	TCGA-FS-A1ZC-06Z-00-DX1		/research/projects/mllab/WSI/extracted_features/TCGA-SKCM/TCGA-FS-A1ZC-06Z-00-DX1.9D418455-6B30-4042-8A2D-45631D49EADD.h5
train	TCGA-STAD	TCGA-BR-7957	TCGA-BR-7957-01	TCGA-BR-7957-01Z-00-DX1		/research/projects/mllab/WSI/extracted_features/TCGA-STAD/TCGA-BR-7957-01Z-00-DX1.870e24e0-b9cf-4baa-91f1-bd031d06da8e.h5
train	TCGA-STAD	TCGA-BR-8297	TCGA-BR-8297-01	TCGA-BR-8297-01Z-00-DX1		/research/projects/mllab/WSI/extracted_features/TCGA-STAD/TCGA-BR-8297-01Z-00-DX1.881fd27f-e2c1-42fe-9b1a-afae4fcc4909.h5
train	TCGA-STAD	TCGA-D7-6522	TCGA-D7-6522-01	TCGA-D7-6522-01Z-00-DX1		/research/projects/mllab/WSI/extracted_features/TCGA-STAD/TCGA-D7-6522-01Z-00-DX1.037aabb6-3546-44d4-991f-d7c5461b83f6.h5
train	TCGA-STAD	TCGA-D7-A748	TCGA-D7-A748-01	TCGA-D7-A748-01Z-00-DX1		/research/projects/mllab/WSI/extracted_features/TCGA-STAD/TCGA-D7-A748-01Z-00-DX1.CB8D633A-4CF0-4CA8-A8FF-7E8D3A3C7E20.h5
train	TCGA-STAD	TCGA-RD-A7BW	TCGA-RD-A7BW-01	TCGA-RD-A7BW-01Z-00-DX1		/research/projects/mllab/WSI/extracted_features/TCGA-STAD/TCGA-RD-A7BW-01Z-00-DX1.C8C51F10-BD65-44AC-BC95-4ED8D017D908.h5
train	TCGA-STAD	TCGA-SW-A7EA	TCGA-SW-A7EA-01	TCGA-SW-A7EA-01Z-00-DX1		/research/projects/mllab/WSI/extracted_features/TCGA-STAD/TCGA-SW-A7EA-01Z-00-DX1.C5E1BE0E-0A25-4480-A3AC-DB2ED7471A4E.h5
train	TCGA-STAD	TCGA-VQ-A8PJ	TCGA-VQ-A8PJ-01	TCGA-VQ-A8PJ-01Z-00-DX1		/research/projects/mllab/WSI/extracted_features/TCGA-STAD/TCGA-VQ-A8PJ-01Z-00-DX1.19F00379-C001-49D2-9B22-6AE0791C8488.h5
train	TCGA-STAD	TCGA-VQ-A91S	TCGA-VQ-A91S-01	TCGA-VQ-A91S-01Z-00-DX1		/research/projects/mllab/WSI/extracted_features/TCGA-STAD/TCGA-VQ-A91S-01Z-00-DX1.11BCF3BE-4C79-4F6F-92B5-2C45190DBD86.h5
train	TCGA-STAD	TCGA-VQ-A94P	TCGA-VQ-A94P-01	TCGA-VQ-A94P-01Z-00-DX1		/research/projects/mllab/WSI/extracted_features/TCGA-STAD/TCGA-VQ-A94P-01Z-00-DX1.83E87D6C-D210-4C06-BB5B-49A1F3E14EE0.h5
train	TCGA-TGCT	TCGA-2G-AAEW	TCGA-2G-AAEW-01	TCGA-2G-AAEW-01Z-00-DX1		/research/projects/mllab/WSI/extracted_features/TCGA-TGCT/TCGA-2G-AAEW-01Z-00-DX1.82DE89BF-C648-409C-A661-32AD5C0E4775.h5
train	TCGA-TGCT	TCGA-2G-AAF1	TCGA-2G-AAF1-01	TCGA-2G-AAF1-01Z-00-DX1		/research/projects/mllab/WSI/extracted_features/TCGA-TGCT/TCGA-2G-AAF1-01Z-00-DX1.1499CE70-244F-4682-83AB-7B15C2F4F406.h5
train	TCGA-TGCT	TCGA-2G-AAF6	TCGA-2G-AAF6-01	TCGA-2G-AAF6-01Z-00-DX1		/research/projects/mllab/WSI/extracted_features/TCGA-TGCT/TCGA-2G-AAF6-01Z-00-DX1.B353A681-7F69-449B-99EB-9E3C63E8693A.h5
train	TCGA-TGCT	TCGA-2G-AAGW	TCGA-2G-AAGW-01	TCGA-2G-AAGW-01Z-00-DX1		/research/projects/mllab/WSI/extracted_features/TCGA-TGCT/TCGA-2G-AAGW-01Z-00-DX1.D56951F7-6C7A-450D-AB02-C5F5EAD8DD82.h5
train	TCGA-TGCT	TCGA-S6-A8JW	TCGA-S6-A8JW-01	TCGA-S6-A8JW-01Z-00-DX1		/research/projects/mllab/WSI/extracted_features/TCGA-TGCT/TCGA-S6-A8JW-01Z-00-DX1.5E2CB65F-9CB4-43C8-8E58-462BB4F6CB8D.h5
train	TCGA-TGCT	TCGA-SN-A84W	TCGA-SN-A84W-01	TCGA-SN-A84W-01Z-00-DX1		/research/projects/mllab/WSI/extracted_features/TCGA-TGCT/TCGA-SN-A84W-01Z-00-DX1.4A8A5F5C-D677-4804-93AC-3DD9988D218B.h5
train	TCGA-TGCT	TCGA-XE-A8H5	TCGA-XE-A8H5-01	TCGA-XE-A8H5-01Z-00-DX1		/research/projects/mllab/WSI/extracted_features/TCGA-TGCT/TCGA-XE-A8H5-01Z-00-DX1.4BB74F25-6E6C-4701-B0A8-FD218D9487AE.h5
train	TCGA-TGCT	TCGA-XY-A9T9	TCGA-XY-A9T9-01	TCGA-XY-A9T9-01Z-00-DX1		/research/projects/mllab/WSI/extracted_features/TCGA-TGCT/TCGA-XY-A9T9-01Z-00-DX1.2F1315A0-C575-4066-85AA-CF398358968A.h5
train	TCGA-TGCT	TCGA-ZM-AA0H	TCGA-ZM-AA0H-01	TCGA-ZM-AA0H-01Z-00-DX1		/research/projects/mllab/WSI/extracted_features/TCGA-TGCT/TCGA-ZM-AA0H-01Z-00-DX1.E70133AE-ECF5-4DDC-96C1-AF6FEFE6FB96.h5
train	TCGA-THCA	TCGA-BJ-A0Z2	TCGA-BJ-A0Z2-01	TCGA-BJ-A0Z2-01Z-00-DX1		/research/projects/mllab/WSI/extracted_features/TCGA-THCA/TCGA-BJ-A0Z2-01Z-00-DX1.A3B544CF-A1DE-4887-9CBA-69EE3486CDFD.h5
train	TCGA-THCA	TCGA-BJ-A291	TCGA-BJ-A291-01	TCGA-BJ-A291-01Z-00-DX1		/research/projects/mllab/WSI/extracted_features/TCGA-THCA/TCGA-BJ-A291-01Z-00-DX1.28774C19-DBFD-4D55-8E49-989F00FB51E1.h5
train	TCGA-THCA	TCGA-DE-A0Y3	TCGA-DE-A0Y3-01	TCGA-DE-A0Y3-01Z-00-DX1		/research/projects/mllab/WSI/extracted_features/TCGA-THCA/TCGA-DE-A0Y3-01Z-00-DX1.DEB10F5F-4EF9-4346-8909-89659D20451C.h5
train	TCGA-THCA	TCGA-DJ-A1QM	TCGA-DJ-A1QM-01	TCGA-DJ-A1QM-01Z-00-DX1		/research/projects/mllab/WSI/extracted_features/TCGA-THCA/TCGA-DJ-A1QM-01Z-00-DX1.3A58434F-A1A0-4FF4-B126-214C02CCEC7A.h5
train	TCGA-THCA	TCGA-DO-A2HM	TCGA-DO-A2HM-01	TCGA-DO-A2HM-01Z-00-DX1		/research/projects/mllab/WSI/extracted_features/TCGA-THCA/TCGA-DO-A2HM-01Z-00-DX1.20D6ED5E-AD06-464B-9311-8D470E236931.h5
train	TCGA-THCA	TCGA-EL-A3MX	TCGA-EL-A3MX-01	TCGA-EL-A3MX-01Z-00-DX1		/research/projects/mllab/WSI/extracted_features/TCGA-THCA/TCGA-EL-A3MX-01Z-00-DX1.4E7683C9-AA35-4A12-BE04-948A609446FB.h5
train	TCGA-THCA	TCGA-EL-A3MY	TCGA-EL-A3MY-01	TCGA-EL-A3MY-01Z-00-DX1		/research/projects/mllab/WSI/extracted_features/TCGA-THCA/TCGA-EL-A3MY-01Z-00-DX1.3EAC1ABA-C2BB-4045-A561-9792D30BC438.h5
train	TCGA-THCA	TCGA-EM-A2CN	TCGA-EM-A2CN-01	TCGA-EM-A2CN-01Z-00-DX1		/research/projects/mllab/WSI/extracted_features/TCGA-THCA/TCGA-EM-A2CN-01Z-00-DX1.8A82A101-19A6-4809-B873-B67014DD9E0A.h5
train	TCGA-THCA	TCGA-L6-A4ET	TCGA-L6-A4ET-01	TCGA-L6-A4ET-01Z-00-DX1		/research/projects/mllab/WSI/extracted_features/TCGA-THCA/TCGA-L6-A4ET-01Z-00-DX1.C1AFDAD4-C9D5-423D-9647-ADBBEB693611.h5
train	TCGA-THYM	TCGA-4V-A9QX	TCGA-4V-A9QX-01	TCGA-4V-A9QX-01Z-00-DX1		/research/projects/mllab/WSI/extracted_features/TCGA-THYM/TCGA-4V-A9QX-01Z-00-DX1.1DC8BA85-F5AB-4A98-A4DE-B6B918C8A27C.h5
train	TCGA-THYM	TCGA-X7-A8D7	TCGA-X7-A8D7-01	TCGA-X7-A8D7-01Z-00-DX1		/research/projects/mllab/WSI/extracted_features/TCGA-THYM/TCGA-X7-A8D7-01Z-00-DX1.6CD17052-2C11-46BC-9285-CF1AE2E9F062.h5
train	TCGA-THYM	TCGA-X7-A8M6	TCGA-X7-A8M6-01	TCGA-X7-A8M6-01Z-00-DX1		/research/projects/mllab/WSI/extracted_features/TCGA-THYM/TCGA-X7-A8M6-01Z-00-DX1.88122295-010F-4DEE-9627-72A42CA1F589.h5
train	TCGA-THYM	TCGA-XM-A8RC	TCGA-XM-A8RC-01	TCGA-XM-A8RC-01Z-00-DX1		/research/projects/mllab/WSI/extracted_features/TCGA-THYM/TCGA-XM-A8RC-01Z-00-DX1.2FFC2B14-6C86-4478-8485-E83DA5DC215E.h5
train	TCGA-THYM	TCGA-XU-A92Y	TCGA-XU-A92Y-01	TCGA-XU-A92Y-01Z-00-DX1		/research/projects/mllab/WSI/extracted_features/TCGA-THYM/TCGA-XU-A92Y-01Z-00-DX1.C1CB2A8D-D1DF-4BCF-B143-66D021BF6DAB.h5
train	TCGA-THYM	TCGA-XU-A932	TCGA-XU-A932-01	TCGA-XU-A932-01Z-00-DX1		/research/projects/mllab/WSI/extracted_features/TCGA-THYM/TCGA-XU-A932-01Z-00-DX1.97AF0DA0-FBC1-4A32-8BC0-CD7280EFB6F2.h5
train	TCGA-THYM	TCGA-ZB-A96B	TCGA-ZB-A96B-01	TCGA-ZB-A96B-01Z-00-DX1		/research/projects/mllab/WSI/extracted_features/TCGA-THYM/TCGA-ZB-A96B-01Z-00-DX1.1F7C775D-4468-47FB-AF46-80C5C42D8A4F.h5
train	TCGA-THYM	TCGA-ZB-A96H	TCGA-ZB-A96H-01	TCGA-ZB-A96H-01Z-00-DX1		/research/projects/mllab/WSI/extracted_features/TCGA-THYM/TCGA-ZB-A96H-01Z-00-DX1.3646422A-D528-49EA-9AF5-196A12B7FE2A.h5
train	TCGA-THYM	TCGA-ZC-AAAA	TCGA-ZC-AAAA-01	TCGA-ZC-AAAA-01Z-00-DX1		/research/projects/mllab/WSI/extracted_features/TCGA-THYM/TCGA-ZC-AAAA-01Z-00-DX1.9B134B78-6D0E-438B-85CA-5D753E0971FE.h5
train	TCGA-UCEC	TCGA-A5-A0GM	TCGA-A5-A0GM-01	TCGA-A5-A0GM-01Z-00-DX1		/research/projects/mllab/WSI/extracted_features/TCGA-UCEC/TCGA-A5-A0GM-01Z-00-DX1.577B2692-EC3E-40C7-9CAC-8C01EA01F2EA.h5
train	TCGA-UCEC	TCGA-A5-A0GP	TCGA-A5-A0GP-01	TCGA-A5-A0GP-01Z-00-DX1		/research/projects/mllab/WSI/extracted_features/TCGA-UCEC/TCGA-A5-A0GP-01Z-00-DX1.D80000D9-5313-4B42-BA75-4502AA0FE385.h5
train	TCGA-UCEC	TCGA-AP-A05P	TCGA-AP-A05P-01	TCGA-AP-A05P-01Z-00-DX1		/research/projects/mllab/WSI/extracted_features/TCGA-UCEC/TCGA-AP-A05P-01Z-00-DX1.370E726B-B416-4743-A480-996AD020527A.h5
train	TCGA-UCEC	TCGA-B5-A11N	TCGA-B5-A11N-01	TCGA-B5-A11N-01Z-00-DX1		/research/projects/mllab/WSI/extracted_features/TCGA-UCEC/TCGA-B5-A11N-01Z-00-DX1.871B0105-6653-4ED4-80D4-473BE082B658.h5
train	TCGA-UCEC	TCGA-B5-A11O	TCGA-B5-A11O-01	TCGA-B5-A11O-01Z-00-DX1		/research/projects/mllab/WSI/extracted_features/TCGA-UCEC/TCGA-B5-A11O-01Z-00-DX1.3423C2D8-4063-4430-BB3A-08B3B8799C7B.h5
train	TCGA-UCEC	TCGA-BS-A0U8	TCGA-BS-A0U8-01	TCGA-BS-A0U8-01Z-00-DX1		/research/projects/mllab/WSI/extracted_features/TCGA-UCEC/TCGA-BS-A0U8-01Z-00-DX1.9CDC6EBE-E4AE-48D4-B586-982F28836D1D.h5
train	TCGA-UCEC	TCGA-BS-A0UL	TCGA-BS-A0UL-01	TCGA-BS-A0UL-01Z-00-DX1		/research/projects/mllab/WSI/extracted_features/TCGA-UCEC/TCGA-BS-A0UL-01Z-00-DX1.A1803C44-C1F0-4D4A-9DB6-D28E706C8C3F.h5
train	TCGA-UCEC	TCGA-BS-A0V7	TCGA-BS-A0V7-01	TCGA-BS-A0V7-01Z-00-DX1		/research/projects/mllab/WSI/extracted_features/TCGA-UCEC/TCGA-BS-A0V7-01Z-00-DX1.80DB0CF7-7411-4C91-B530-7A7C09236769.h5
train	TCGA-UCEC	TCGA-D1-A16Y	TCGA-D1-A16Y-01	TCGA-D1-A16Y-01Z-00-DX1		/research/projects/mllab/WSI/extracted_features/TCGA-UCEC/TCGA-D1-A16Y-01Z-00-DX1.33F73EE3-E86C-4402-9118-BC215EBACDA6.h5
train	TCGA-UCS	TCGA-N5-A4RF	TCGA-N5-A4RF-01	TCGA-N5-A4RF-01Z-00-DX1		/research/projects/mllab/WSI/extracted_features/TCGA-UCS/TCGA-N5-A4RF-01Z-00-DX1.E91A00EF-9CD5-41D6-8EF6-D8C147E080D8.h5
train	TCGA-UCS	TCGA-N5-A4RS	TCGA-N5-A4RS-01	TCGA-N5-A4RS-01Z-00-DX1		/research/projects/mllab/WSI/extracted_features/TCGA-UCS/TCGA-N5-A4RS-01Z-00-DX1.0BE07A3E-C1FB-417C-ADEB-C7CF9DED65CD.h5
train	TCGA-UCS	TCGA-N6-A4V9	TCGA-N6-A4V9-01	TCGA-N6-A4V9-01Z-00-DX1		/research/projects/mllab/WSI/extracted_features/TCGA-UCS/TCGA-N6-A4V9-01Z-00-DX1.5E294AB9-44B9-4207-B8D5-41D8C5BF3326.h5
train	TCGA-UCS	TCGA-N6-A4VC	TCGA-N6-A4VC-01	TCGA-N6-A4VC-01Z-00-DX1		/research/projects/mllab/WSI/extracted_features/TCGA-UCS/TCGA-N6-A4VC-01Z-00-DX1.18468117-C130-4E03-84DA-774F4BEB7DFC.h5
train	TCGA-UCS	TCGA-N8-A4PI	TCGA-N8-A4PI-01	TCGA-N8-A4PI-01Z-00-DX1		/research/projects/mllab/WSI/extracted_features/TCGA-UCS/TCGA-N8-A4PI-01Z-00-DX1.3D04E506-3B74-4B73-B287-2402ADDBA0F5.h5
train	TCGA-UCS	TCGA-N8-A4PL	TCGA-N8-A4PL-01	TCGA-N8-A4PL-01Z-00-DX1		/research/projects/mllab/WSI/extracted_features/TCGA-UCS/TCGA-N8-A4PL-01Z-00-DX1.34181D81-E843-4543-AEB3-31D893282134.h5
train	TCGA-UCS	TCGA-N8-A4PP	TCGA-N8-A4PP-01	TCGA-N8-A4PP-01Z-00-DX1		/research/projects/mllab/WSI/extracted_features/TCGA-UCS/TCGA-N8-A4PP-01Z-00-DX1.C7EDA950-0E71-4380-BD0F-A77F037AB444.h5
train	TCGA-UCS	TCGA-N9-A4Q3	TCGA-N9-A4Q3-01	TCGA-N9-A4Q3-01Z-00-DX1		/research/projects/mllab/WSI/extracted_features/TCGA-UCS/TCGA-N9-A4Q3-01Z-00-DX1.B9E5BC01-25DD-4725-9B10-811A636E2402.h5
train	TCGA-UCS	TCGA-NG-A4VU	TCGA-NG-A4VU-01	TCGA-NG-A4VU-01Z-00-DX1		/research/projects/mllab/WSI/extracted_features/TCGA-UCS/TCGA-NG-A4VU-01Z-00-DX1.1EA57488-7E0C-4FE2-84D3-28A46DF84F94.h5
train	TCGA-UVM	TCGA-V4-A9E5	TCGA-V4-A9E5-01	TCGA-V4-A9E5-01Z-00-DX1		/research/projects/mllab/WSI/extracted_features/TCGA-UVM/TCGA-V4-A9E5-01Z-00-DX1.97279EE1-33FD-46C7-95B3-0E4065DF3069.h5
train	TCGA-UVM	TCGA-V4-A9EF	TCGA-V4-A9EF-01	TCGA-V4-A9EF-01Z-00-DX1		/research/projects/mllab/WSI/extracted_features/TCGA-UVM/TCGA-V4-A9EF-01Z-00-DX1.3084FABF-8AC4-403A-ADD7-64CFB34CCB95.h5
train	TCGA-UVM	TCGA-V4-A9EH	TCGA-V4-A9EH-01	TCGA-V4-A9EH-01Z-00-DX1		/research/projects/mllab/WSI/extracted_features/TCGA-UVM/TCGA-V4-A9EH-01Z-00-DX1.53450D2F-449A-4F7A-96D3-C2F9B8EB05B6.h5
train	TCGA-UVM	TCGA-V4-A9EQ	TCGA-V4-A9EQ-01	TCGA-V4-A9EQ-01Z-00-DX1		/research/projects/mllab/WSI/extracted_features/TCGA-UVM/TCGA-V4-A9EQ-01Z-00-DX1.BE3D1D29-CF65-4166-871D-9719207BE4B1.h5
train	TCGA-UVM	TCGA-V4-A9F0	TCGA-V4-A9F0-01	TCGA-V4-A9F0-01Z-00-DX1		/research/projects/mllab/WSI/extracted_features/TCGA-UVM/TCGA-V4-A9F0-01Z-00-DX1.C3909E27-4255-4F4F-BE02-791E097D2843.h5
train	TCGA-UVM	TCGA-VD-A8KF	TCGA-VD-A8KF-01	TCGA-VD-A8KF-01Z-00-DX1		/research/projects/mllab/WSI/extracted_features/TCGA-UVM/TCGA-VD-A8KF-01Z-00-DX1.1A4B266E-463A-4E66-A6B2-DE78441972A8.h5
train	TCGA-UVM	TCGA-VD-A8KH	TCGA-VD-A8KH-01	TCGA-VD-A8KH-01Z-00-DX1		/research/projects/mllab/WSI/extracted_features/TCGA-UVM/TCGA-VD-A8KH-01Z-00-DX1.E63BFFDC-0572-4DF4-928A-3E84350433E8.h5
train	TCGA-UVM	TCGA-WC-A88A	TCGA-WC-A88A-01	TCGA-WC-A88A-01Z-00-DX1		/research/projects/mllab/WSI/extracted_features/TCGA-UVM/TCGA-WC-A88A-01Z-00-DX1.6010AB59-DE5A-4119-8A9E-D582BD63D02B.h5
train	TCGA-UVM	TCGA-YZ-A982	TCGA-YZ-A982-01	TCGA-YZ-A982-01Z-00-DX1		/research/projects/mllab/WSI/extracted_features/TCGA-UVM/TCGA-YZ-A982-01Z-00-DX1.9D8A15CA-E938-48D6-955B-0A0621D42F06.h5
