case_id	project_dir	pam50_subtype	pam50_source	pam50_conflict
TCGA-3C-AALI	TCGA-BRCA_IDC	Her2	cbio_subtype	0
TCGA-3C-AALJ	TCGA-BRCA_IDC	LumB	cbio_subtype	0
TCGA-3C-AALK	TCGA-BRCA_IDC	LumA	cbio_subtype	0
TCGA-4H-AAAK	TCGA-BRCA_OTHERS	LumA	cbio_subtype	0
TCGA-5L-AAT0	TCGA-BRCA_OTHERS	LumA	cbio_subtype	0
TCGA-5L-AAT1	TCGA-BRCA_OTHERS	Unknown	missing	0
TCGA-5T-A9QA	TCGA-BRCA_IDC	LumB	cbio_subtype	0
TCGA-A1-A0SB	TCGA-BRCA_OTHERS	Normal	cbio_subtype	0
TCGA-A1-A0SD	TCGA-BRCA_IDC	LumA	cbio_subtype	0
TCGA-A1-A0SE	TCGA-BRCA_OTHERS	LumA	cbio_subtype	0
TCGA-A1-A0SF	TCGA-BRCA_IDC	LumA	cbio_subtype	0
TCGA-A1-A0SH	TCGA-BRCA_IDC	LumA	cbio_subtype	0
TCGA-A1-A0SI	TCGA-BRCA_IDC	LumB	cbio_subtype	0
TCGA-A1-A0SJ	TCGA-BRCA_IDC	LumA	cbio_subtype	0
TCGA-A1-A0SK	TCGA-BRCA_OTHERS	Basal	cbio_subtype	0
TCGA-A1-A0SM	TCGA-BRCA_IDC	Unknown	missing	0
TCGA-A1-A0SN	TCGA-BRCA_IDC	LumB	cbio_subtype	0
TCGA-A1-A0SP	TCGA-BRCA_IDC	Basal	cbio_subtype	0
TCGA-A1-A0SQ	TCGA-BRCA_IDC	LumA	cbio_subtype	0
TCGA-A2-A04N	TCGA-BRCA_IDC	LumA	cbio_subtype	0
TCGA-A2-A04P	TCGA-BRCA_IDC	Basal	cbio_subtype	0
TCGA-A2-A04Q	TCGA-BRCA_IDC	Basal	cbio_subtype	0
TCGA-A2-A04R	TCGA-BRCA_IDC	LumB	cbio_subtype	0
TCGA-A2-A04T	TCGA-BRCA_IDC	Basal	cbio_subtype	0
TCGA-A2-A04U	TCGA-BRCA_IDC	Basal	cbio_subtype	0
TCGA-A2-A04V	TCGA-BRCA_IDC	LumA	cbio_subtype	0
TCGA-A2-A04W	TCGA-BRCA_IDC	Her2	cbio_subtype	0
TCGA-A2-A04X	TCGA-BRCA_IDC	Her2	cbio_subtype	0
TCGA-A2-A04Y	TCGA-BRCA_IDC	LumB	cbio_subtype	0
TCGA-A2-A0CK	TCGA-BRCA_OTHERS	LumA	cbio_subtype	0
TCGA-A2-A0CL	TCGA-BRCA_IDC	Normal	cbio_subtype	0
TCGA-A2-A0CM	TCGA-BRCA_IDC	Basal	cbio_subtype	0
TCGA-A2-A0CO	TCGA-BRCA_OTHERS	Unknown	missing	0
TCGA-A2-A0CP	TCGA-BRCA_IDC	LumA	cbio_subtype	0
TCGA-A2-A0CQ	TCGA-BRCA_IDC	LumA	cbio_subtype	0
TCGA-A2-A0CR	TCGA-BRCA_OTHERS	LumA	cbio_subtype	0
TCGA-A2-A0CS	TCGA-BRCA_IDC	LumA	cbio_subtype	0
TCGA-A2-A0CT	TCGA-BRCA_IDC	LumA	cbio_subtype	0
TCGA-A2-A0CU	TCGA-BRCA_IDC	LumA	cbio_subtype	0
TCGA-A2-A0CV	TCGA-BRCA_IDC	LumA	cbio_subtype	0
TCGA-A2-A0CW	TCGA-BRCA_IDC	LumB	cbio_subtype	0
TCGA-A2-A0CX	TCGA-BRCA_IDC	Her2	cbio_subtype	0
TCGA-A2-A0CY	TCGA-BRCA_IDC	Unknown	missing	0
TCGA-A2-A0CZ	TCGA-BRCA_IDC	Unknown	missing	0
TCGA-A2-A0D0	TCGA-BRCA_IDC	Basal	cbio_subtype	0
TCGA-A2-A0D3	TCGA-BRCA_IDC	LumA	cbio_subtype	0
TCGA-A2-A0D4	TCGA-BRCA_IDC	LumB	cbio_subtype	0
TCGA-A2-A0EM	TCGA-BRCA_IDC	LumA	cbio_subtype	0
TCGA-A2-A0EN	TCGA-BRCA_OTHERS	LumA	cbio_subtype	0
TCGA-A2-A0EO	TCGA-BRCA_IDC	LumA	cbio_subtype	0
TCGA-A2-A0EP	TCGA-BRCA_OTHERS	LumA	cbio_subtype	0
TCGA-A2-A0EQ	TCGA-BRCA_IDC	Her2	cbio_subtype	0
TCGA-A2-A0ER	TCGA-BRCA_IDC	LumA	cbio_subtype	0
TCGA-A2-A0ES	TCGA-BRCA_OTHERS	LumA	cbio_subtype	0
TCGA-A2-A0ET	TCGA-BRCA_IDC	LumA	cbio_subtype	0
TCGA-A2-A0EU	TCGA-BRCA_IDC	LumA	cbio_subtype	0
TCGA-A2-A0EV	TCGA-BRCA_IDC	LumA	cbio_subtype	0
TCGA-A2-A0EW	TCGA-BRCA_OTHERS	LumA	cbio_subtype	0
TCGA-A2-A0EX	TCGA-BRCA_OTHERS	LumA	cbio_subtype	0
TCGA-A2-A0EY	TCGA-BRCA_IDC	LumB	cbio_subtype	0
TCGA-A2-A0ST	TCGA-BRCA_IDC	Basal	cbio_subtype	0
TCGA-A2-A0SU	TCGA-BRCA_IDC	LumA	cbio_subtype	0
TCGA-A2-A0SV	TCGA-BRCA_IDC	LumB	cbio_subtype	0
TCGA-A2-A0SW	TCGA-BRCA_IDC	LumB	cbio_subtype	0
TCGA-A2-A0SX	TCGA-BRCA_IDC	Basal	cbio_subtype	0
TCGA-A2-A0SY	TCGA-BRCA_OTHERS	LumA	cbio_subtype	0
TCGA-A2-A0T0	TCGA-BRCA_IDC	Basal	cbio_subtype	0
TCGA-A2-A0T1	TCGA-BRCA_IDC	Her2	cbio_subtype	0
TCGA-A2-A0T2	TCGA-BRCA_IDC	Basal	cbio_subtype	0
TCGA-A2-A0T3	TCGA-BRCA_IDC	LumB	cbio_subtype	0
TCGA-A2-A0T4	TCGA-BRCA_OTHERS	LumA	cbio_subtype	0
TCGA-A2-A0T5	TCGA-BRCA_IDC	LumA	cbio_subtype	0
TCGA-A2-A0T6	TCGA-BRCA_OTHERS	LumA	cbio_subtype	0
TCGA-A2-A0T7	TCGA-BRCA_IDC	LumA	cbio_subtype	0
TCGA-A2-A0YC	TCGA-BRCA_IDC	LumA	cbio_subtype	0
TCGA-A2-A0YD	TCGA-BRCA_OTHERS	LumA	cbio_subtype	0
TCGA-A2-A0YE	TCGA-BRCA_IDC	Basal	cbio_subtype	0
TCGA-A2-A0YF	TCGA-BRCA_IDC	LumA	cbio_subtype	0
TCGA-A2-A0YG	TCGA-BRCA_IDC	LumB	cbio_subtype	0
TCGA-A2-A0YH	TCGA-BRCA_IDC	LumB	cbio_subtype	0
TCGA-A2-A0YI	TCGA-BRCA_OTHERS	LumA	cbio_subtype	0
TCGA-A2-A0YJ	TCGA-BRCA_IDC	Basal	cbio_subtype	0
TCGA-A2-A0YK	TCGA-BRCA_OTHERS	Normal	cbio_subtype	0
TCGA-A2-A0YL	TCGA-BRCA_OTHERS	LumA	cbio_subtype	0
TCGA-A2-A0YM	TCGA-BRCA_IDC	Basal	cbio_subtype	0
TCGA-A2-A0YT	TCGA-BRCA_IDC	LumB	cbio_subtype	0
TCGA-A2-A1FV	TCGA-BRCA_OTHERS	LumA	cbio_subtype	0
TCGA-A2-A1FW	TCGA-BRCA_IDC	LumB	cbio_subtype	0
TCGA-A2-A1FX	TCGA-BRCA_IDC	LumB	cbio_subtype	0
TCGA-A2-A1FZ	TCGA-BRCA_IDC	LumA	cbio_subtype	0
TCGA-A2-A1G0	TCGA-BRCA_IDC	LumA	cbio_subtype	0
TCGA-A2-A1G1	TCGA-BRCA_IDC	Basal	cbio_subtype	0
TCGA-A2-A1G4	TCGA-BRCA_IDC	LumB	cbio_subtype	0
TCGA-A2-A1G6	TCGA-BRCA_IDC	Normal	cbio_subtype	0
TCGA-A2-A259	TCGA-BRCA_IDC	LumA	cbio_subtype	0
TCGA-A2-A25A	TCGA-BRCA_OTHERS	Normal	cbio_subtype	0
TCGA-A2-A25B	TCGA-BRCA_IDC	LumB	cbio_subtype	0
TCGA-A2-A25C	TCGA-BRCA_IDC	LumB	cbio_subtype	0
TCGA-A2-A25D	TCGA-BRCA_OTHERS	LumA	cbio_subtype	0
TCGA-A2-A25E	TCGA-BRCA_IDC	LumB	cbio_subtype	0
TCGA-A2-A25F	TCGA-BRCA_IDC	Basal	cbio_subtype	0
TCGA-A2-A3KC	TCGA-BRCA_OTHERS	Unknown	missing	0
TCGA-A2-A3KD	TCGA-BRCA_OTHERS	LumA	cbio_subtype	0
TCGA-A2-A3XS	TCGA-BRCA_IDC	Unknown	missing	0
TCGA-A2-A3XT	TCGA-BRCA_IDC	Basal	cbio_subtype	0
TCGA-A2-A3XU	TCGA-BRCA_IDC	Basal	cbio_subtype	0
TCGA-A2-A3XV	TCGA-BRCA_IDC	Her2	cbio_subtype	0
TCGA-A2-A3XW	TCGA-BRCA_IDC	Normal	cbio_subtype	0
TCGA-A2-A3XX	TCGA-BRCA_IDC	Basal	cbio_subtype	0
TCGA-A2-A3XY	TCGA-BRCA_IDC	Unknown	missing	0
TCGA-A2-A3XZ	TCGA-BRCA_IDC	Her2	cbio_subtype	0
TCGA-A2-A3Y0	TCGA-BRCA_IDC	Basal	cbio_subtype	0
TCGA-A2-A4RW	TCGA-BRCA_OTHERS	Unknown	missing	0
TCGA-A2-A4RX	TCGA-BRCA_OTHERS	Unknown	missing	0
TCGA-A2-A4RY	TCGA-BRCA_OTHERS	Unknown	missing	0
TCGA-A2-A4S0	TCGA-BRCA_OTHERS	Unknown	missing	0
TCGA-A2-A4S1	TCGA-BRCA_OTHERS	Basal	cbio_subtype	0
TCGA-A2-A4S2	TCGA-BRCA_OTHERS	LumA	cbio_subtype	0
TCGA-A2-A4S3	TCGA-BRCA_IDC	LumB	cbio_subtype	0
TCGA-A7-A0CD	TCGA-BRCA_IDC	LumA	cbio_subtype	0
TCGA-A7-A0CE	TCGA-BRCA_IDC	Basal	cbio_subtype	0
TCGA-A7-A0CG	TCGA-BRCA_OTHERS	LumA	cbio_subtype	0
TCGA-A7-A0CH	TCGA-BRCA_IDC	LumA	cbio_subtype	0
TCGA-A7-A0CJ	TCGA-BRCA_IDC	LumB	cbio_subtype	0
TCGA-A7-A0D9	TCGA-BRCA_IDC	LumA	cbio_subtype	0
TCGA-A7-A0DA	TCGA-BRCA_IDC	Basal	cbio_subtype	0
TCGA-A7-A0DB	TCGA-BRCA_IDC	LumA	cbio_subtype	0
TCGA-A7-A0DC	TCGA-BRCA_IDC	Unknown	missing	0
TCGA-A7-A13D	TCGA-BRCA_IDC	Basal	cbio_subtype	0
TCGA-A7-A13E	TCGA-BRCA_IDC	Basal	cbio_subtype	0
TCGA-A7-A13F	TCGA-BRCA_IDC	LumB	cbio_subtype	0
TCGA-A7-A13G	TCGA-BRCA_IDC	LumA	cbio_subtype	0
TCGA-A7-A13H	TCGA-BRCA_OTHERS	Unknown	missing	0
TCGA-A7-A26E	TCGA-BRCA_OTHERS	LumA	cbio_subtype	0
TCGA-A7-A26F	TCGA-BRCA_OTHERS	Basal	cbio_subtype	0
TCGA-A7-A26G	TCGA-BRCA_OTHERS	Basal	cbio_subtype	0
TCGA-A7-A26H	TCGA-BRCA_IDC	LumA	cbio_subtype	0
TCGA-A7-A26I	TCGA-BRCA_IDC	Basal	cbio_subtype	0
TCGA-A7-A26J	TCGA-BRCA_IDC	LumA	cbio_subtype	0
TCGA-A7-A2KD	TCGA-BRCA_IDC	LumB	cbio_subtype	0
TCGA-A7-A3IY	TCGA-BRCA_OTHERS	Unknown	missing	0
TCGA-A7-A3IZ	TCGA-BRCA_OTHERS	Unknown	missing	0
TCGA-A7-A3J0	TCGA-BRCA_OTHERS	Unknown	missing	0
TCGA-A7-A3J1	TCGA-BRCA_OTHERS	Unknown	missing	0
TCGA-A7-A3RF	TCGA-BRCA_OTHERS	LumA	cbio_subtype	0
TCGA-A7-A425	TCGA-BRCA_OTHERS	LumA	cbio_subtype	0
TCGA-A7-A426	TCGA-BRCA_OTHERS	Unknown	missing	0
TCGA-A7-A4SA	TCGA-BRCA_OTHERS	Unknown	missing	0
TCGA-A7-A4SB	TCGA-BRCA_OTHERS	Unknown	missing	0
TCGA-A7-A4SC	TCGA-BRCA_OTHERS	Unknown	missing	0
TCGA-A7-A4SD	TCGA-BRCA_IDC	Basal	cbio_subtype	0
TCGA-A7-A4SE	TCGA-BRCA_IDC	Basal	cbio_subtype	0
TCGA-A7-A4SF	TCGA-BRCA_IDC	Unknown	missing	0
TCGA-A7-A56D	TCGA-BRCA_IDC	LumA	cbio_subtype	0
TCGA-A7-A5ZV	TCGA-BRCA_OTHERS	Basal	cbio_subtype	0
TCGA-A7-A5ZW	TCGA-BRCA_IDC	LumA	cbio_subtype	0
TCGA-A7-A5ZX	TCGA-BRCA_OTHERS	LumA	cbio_subtype	0
TCGA-A7-A6VV	TCGA-BRCA_IDC	Basal	cbio_subtype	0
TCGA-A7-A6VW	TCGA-BRCA_IDC	Basal	cbio_subtype	0
TCGA-A7-A6VX	TCGA-BRCA_IDC	LumB	cbio_subtype	0
TCGA-A7-A6VY	TCGA-BRCA_IDC	Basal	cbio_subtype	0
TCGA-A8-A06N	TCGA-BRCA_IDC	LumB	cbio_subtype	0
TCGA-A8-A06O	TCGA-BRCA_IDC	LumB	cbio_subtype	0
TCGA-A8-A06P	TCGA-BRCA_IDC	LumA	cbio_subtype	0
TCGA-A8-A06Q	TCGA-BRCA_IDC	LumB	cbio_subtype	0
TCGA-A8-A06R	TCGA-BRCA_IDC	LumB	cbio_subtype	0
TCGA-A8-A06T	TCGA-BRCA_IDC	LumA	cbio_subtype	0
TCGA-A8-A06U	TCGA-BRCA_IDC	LumA	cbio_subtype	0
TCGA-A8-A06X	TCGA-BRCA_IDC	LumB	cbio_subtype	0
TCGA-A8-A06Y	TCGA-BRCA_IDC	LumA	cbio_subtype	0
TCGA-A8-A06Z	TCGA-BRCA_IDC	LumB	cbio_subtype	0
TCGA-A8-A075	TCGA-BRCA_IDC	LumB	cbio_subtype	0
TCGA-A8-A076	TCGA-BRCA_IDC	LumB	cbio_subtype	0
TCGA-A8-A079	TCGA-BRCA_IDC	LumB	cbio_subtype	0
TCGA-A8-A07B	TCGA-BRCA_IDC	LumA	cbio_subtype	0
TCGA-A8-A07C	TCGA-BRCA_IDC	Unknown	missing	0
TCGA-A8-A07E	TCGA-BRCA_IDC	LumA	cbio_subtype	0
TCGA-A8-A07F	TCGA-BRCA_IDC	LumA	cbio_subtype	0
TCGA-A8-A07G	TCGA-BRCA_IDC	LumA	cbio_subtype	0
TCGA-A8-A07I	TCGA-BRCA_IDC	Her2	cbio_subtype	0
TCGA-A8-A07J	TCGA-BRCA_IDC	LumA	cbio_subtype	0
TCGA-A8-A07L	TCGA-BRCA_IDC	LumB	cbio_subtype	0
TCGA-A8-A07O	TCGA-BRCA_IDC	Basal	cbio_subtype	0
TCGA-A8-A07P	TCGA-BRCA_IDC	LumA	cbio_subtype	0
TCGA-A8-A07R	TCGA-BRCA_IDC	Unknown	missing	0
TCGA-A8-A07S	TCGA-BRCA_OTHERS	Unknown	missing	0
TCGA-A8-A07U	TCGA-BRCA_IDC	Basal	cbio_subtype	0
TCGA-A8-A07W	TCGA-BRCA_IDC	LumB	cbio_subtype	0
TCGA-A8-A07Z	TCGA-BRCA_IDC	LumA	cbio_subtype	0
TCGA-A8-A081	TCGA-BRCA_IDC	LumB	cbio_subtype	0
TCGA-A8-A082	TCGA-BRCA_IDC	LumB	cbio_subtype	0
TCGA-A8-A083	TCGA-BRCA_IDC	LumA	cbio_subtype	0
TCGA-A8-A084	TCGA-BRCA_IDC	Unknown	missing	0
TCGA-A8-A085	TCGA-BRCA_IDC	Unknown	missing	0
TCGA-A8-A086	TCGA-BRCA_IDC	LumA	cbio_subtype	0
TCGA-A8-A08A	TCGA-BRCA_IDC	LumA	cbio_subtype	0
TCGA-A8-A08B	TCGA-BRCA_IDC	Her2	cbio_subtype	0
TCGA-A8-A08C	TCGA-BRCA_IDC	Unknown	missing	0
TCGA-A8-A08F	TCGA-BRCA_IDC	Unknown	missing	0
TCGA-A8-A08G	TCGA-BRCA_IDC	LumB	cbio_subtype	0
TCGA-A8-A08H	TCGA-BRCA_IDC	Normal	cbio_subtype	0
TCGA-A8-A08I	TCGA-BRCA_IDC	LumB	cbio_subtype	0
TCGA-A8-A08J	TCGA-BRCA_OTHERS	Her2	cbio_subtype	0
TCGA-A8-A08L	TCGA-BRCA_IDC	Her2	cbio_subtype	0
TCGA-A8-A08O	TCGA-BRCA_IDC	LumA	cbio_subtype	0
TCGA-A8-A08P	TCGA-BRCA_IDC	LumB	cbio_subtype	0
TCGA-A8-A08R	TCGA-BRCA_IDC	Basal	cbio_subtype	0
TCGA-A8-A08S	TCGA-BRCA_IDC	Unknown	missing	0
TCGA-A8-A08T	TCGA-BRCA_IDC	LumA	cbio_subtype	0
TCGA-A8-A08X	TCGA-BRCA_IDC	Her2	cbio_subtype	0
TCGA-A8-A08Z	TCGA-BRCA_IDC	LumA	cbio_subtype	0
TCGA-A8-A090	TCGA-BRCA_IDC	LumA	cbio_subtype	0
TCGA-A8-A091	TCGA-BRCA_IDC	LumA	cbio_subtype	0
TCGA-A8-A092	TCGA-BRCA_IDC	LumB	cbio_subtype	0
TCGA-A8-A093	TCGA-BRCA_IDC	LumA	cbio_subtype	0
TCGA-A8-A094	TCGA-BRCA_IDC	Her2	cbio_subtype	0
TCGA-A8-A095	TCGA-BRCA_IDC	LumB	cbio_subtype	0
TCGA-A8-A096	TCGA-BRCA_IDC	LumB	cbio_subtype	0
TCGA-A8-A097	TCGA-BRCA_IDC	LumA	cbio_subtype	0
TCGA-A8-A099	TCGA-BRCA_IDC	LumA	cbio_subtype	0
TCGA-A8-A09A	TCGA-BRCA_IDC	LumA	cbio_subtype	0
TCGA-A8-A09B	TCGA-BRCA_IDC	LumA	cbio_subtype	0
TCGA-A8-A09C	TCGA-BRCA_IDC	LumB	cbio_subtype	0
TCGA-A8-A09D	TCGA-BRCA_IDC	LumA	cbio_subtype	0
TCGA-A8-A09E	TCGA-BRCA_IDC	Unknown	missing	0
TCGA-A8-A09G	TCGA-BRCA_IDC	Her2	cbio_subtype	0
TCGA-A8-A09I	TCGA-BRCA_IDC	LumB	cbio_subtype	0
TCGA-A8-A09K	TCGA-BRCA_IDC	Unknown	missing	0
TCGA-A8-A09M	TCGA-BRCA_IDC	LumB	cbio_subtype	0
TCGA-A8-A09N	TCGA-BRCA_IDC	LumB	cbio_subtype	0
TCGA-A8-A09Q	TCGA-BRCA_IDC	LumB	cbio_subtype	0
TCGA-A8-A09R	TCGA-BRCA_IDC	LumB	cbio_subtype	0
TCGA-A8-A09T	TCGA-BRCA_OTHERS	LumA	cbio_subtype	0
TCGA-A8-A09V	TCGA-BRCA_OTHERS	LumA	cbio_subtype	0
TCGA-A8-A09W	TCGA-BRCA_OTHERS	LumB	cbio_subtype	0
TCGA-A8-A09X	TCGA-BRCA_OTHERS	Her2	cbio_subtype	0
TCGA-A8-A09Z	TCGA-BRCA_OTHERS	LumB	cbio_subtype	0
TCGA-A8-A0A1	TCGA-BRCA_OTHERS	LumA	cbio_subtype	0
TCGA-A8-A0A2	TCGA-BRCA_OTHERS	LumA	cbio_subtype	0
TCGA-A8-A0A4	TCGA-BRCA_OTHERS	LumA	cbio_subtype	0
TCGA-A8-A0A7	TCGA-BRCA_OTHERS	Her2	cbio_subtype	0
TCGA-A8-A0A9	TCGA-BRCA_IDC	LumA	cbio_subtype	0
TCGA-A8-A0AB	TCGA-BRCA_OTHERS	LumA	cbio_subtype	0
TCGA-A8-A0AD	TCGA-BRCA_OTHERS	LumA	cbio_subtype	0
TCGA-AC-A23C	TCGA-BRCA_IDC	LumA	cbio_subtype	0
TCGA-AC-A23E	TCGA-BRCA_IDC	LumA	cbio_subtype	0
TCGA-AC-A23G	TCGA-BRCA_OTHERS	Unknown	missing	0
TCGA-AC-A23H	TCGA-BRCA_IDC	Her2	cbio_subtype	0
TCGA-AC-A2B8	TCGA-BRCA_OTHERS	LumA	cbio_subtype	0
TCGA-AC-A2BK	TCGA-BRCA_IDC	Basal	cbio_subtype	0
TCGA-AC-A2BM	TCGA-BRCA_IDC	LumB	cbio_subtype	0
TCGA-AC-A2FB	TCGA-BRCA_OTHERS	LumA	cbio_subtype	0
TCGA-AC-A2FE	TCGA-BRCA_OTHERS	Unknown	missing	0
TCGA-AC-A2FF	TCGA-BRCA_OTHERS	LumA	cbio_subtype	0
TCGA-AC-A2FG	TCGA-BRCA_OTHERS	LumA	cbio_subtype	0
TCGA-AC-A2FK	TCGA-BRCA_OTHERS	Normal	cbio_subtype	0
TCGA-AC-A2FM	TCGA-BRCA_OTHERS	Unknown	missing	0
TCGA-AC-A2FO	TCGA-BRCA_OTHERS	LumA	cbio_subtype	0
TCGA-AC-A2QH	TCGA-BRCA_OTHERS	Basal	cbio_subtype	0
TCGA-AC-A2QI	TCGA-BRCA_OTHERS	Unknown	missing	0
TCGA-AC-A2QJ	TCGA-BRCA_OTHERS	Unknown	missing	0
TCGA-AC-A3BB	TCGA-BRCA_OTHERS	Unknown	missing	0
TCGA-AC-A3EH	TCGA-BRCA_IDC	Unknown	missing	0
TCGA-AC-A3HN	TCGA-BRCA_OTHERS	LumA	cbio_subtype	0
TCGA-AC-A3OD	TCGA-BRCA_OTHERS	LumA	cbio_subtype	0
TCGA-AC-A3QP	TCGA-BRCA_OTHERS	LumA	cbio_subtype	0
TCGA-AC-A3QQ	TCGA-BRCA_OTHERS	LumA	cbio_subtype	0
TCGA-AC-A3TM	TCGA-BRCA_OTHERS	Unknown	missing	0
TCGA-AC-A3TN	TCGA-BRCA_OTHERS	Unknown	missing	0
TCGA-AC-A3W5	TCGA-BRCA_OTHERS	Her2	cbio_subtype	0
TCGA-AC-A3W6	TCGA-BRCA_OTHERS	Unknown	missing	0
TCGA-AC-A3W7	TCGA-BRCA_OTHERS	Unknown	missing	0
TCGA-AC-A3YI	TCGA-BRCA_OTHERS	Normal	cbio_subtype	0
TCGA-AC-A3YJ	TCGA-BRCA_OTHERS	LumA	cbio_subtype	0
TCGA-AC-A4ZE	TCGA-BRCA_OTHERS	LumA	cbio_subtype	0
TCGA-AC-A5EH	TCGA-BRCA_IDC	Her2	cbio_subtype	0
TCGA-AC-A5EI	TCGA-BRCA_OTHERS	Unknown	missing	0
TCGA-AC-A5XS	TCGA-BRCA_OTHERS	LumA	cbio_subtype	0
TCGA-AC-A5XU	TCGA-BRCA_IDC	LumA	cbio_subtype	0
TCGA-AC-A62V	TCGA-BRCA_IDC	Unknown	missing	0
TCGA-AC-A62X	TCGA-BRCA_IDC	Basal	cbio_subtype	0
TCGA-AC-A62Y	TCGA-BRCA_OTHERS	LumA	cbio_subtype	0
TCGA-AC-A6IV	TCGA-BRCA_OTHERS	LumA	cbio_subtype	0
TCGA-AC-A6IW	TCGA-BRCA_IDC	Basal	cbio_subtype	0
TCGA-AC-A6IX	TCGA-BRCA_OTHERS	LumA	cbio_subtype	0
TCGA-AC-A6NO	TCGA-BRCA_IDC	LumA	cbio_subtype	0
TCGA-AC-A7VB	TCGA-BRCA_IDC	LumB	cbio_subtype	0
TCGA-AC-A7VC	TCGA-BRCA_OTHERS	Basal	cbio_subtype	0
TCGA-AC-A8OP	TCGA-BRCA_IDC	LumA	cbio_subtype	0
TCGA-AC-A8OQ	TCGA-BRCA_IDC	Basal	cbio_subtype	0
TCGA-AC-A8OR	TCGA-BRCA_OTHERS	LumA	cbio_subtype	0
TCGA-AC-A8OS	TCGA-BRCA_OTHERS	LumA	cbio_subtype	0
TCGA-AN-A03Y	TCGA-BRCA_IDC	LumB	cbio_subtype	0
TCGA-AN-A041	TCGA-BRCA_IDC	LumA	cbio_subtype	0
TCGA-AN-A046	TCGA-BRCA_IDC	LumA	cbio_subtype	0
TCGA-AN-A0AJ	TCGA-BRCA_OTHERS	LumB	cbio_subtype	0
TCGA-AN-A0AK	TCGA-BRCA_IDC	LumB	cbio_subtype	0
TCGA-AN-A0AL	TCGA-BRCA_IDC	Basal	cbio_subtype	0
TCGA-AN-A0AM	TCGA-BRCA_IDC	LumB	cbio_subtype	0
TCGA-AN-A0AR	TCGA-BRCA_IDC	Basal	cbio_subtype	0
TCGA-AN-A0AS	TCGA-BRCA_IDC	LumA	cbio_subtype	0
TCGA-AN-A0AT	TCGA-BRCA_IDC	Basal	cbio_subtype	0
TCGA-AN-A0FD	TCGA-BRCA_IDC	LumA	cbio_subtype	0
TCGA-AN-A0FF	TCGA-BRCA_IDC	LumB	cbio_subtype	0
TCGA-AN-A0FJ	TCGA-BRCA_IDC	Basal	cbio_subtype	0
TCGA-AN-A0FK	TCGA-BRCA_IDC	LumA	cbio_subtype	0
TCGA-AN-A0FL	TCGA-BRCA_IDC	Basal	cbio_subtype	0
TCGA-AN-A0FN	TCGA-BRCA_IDC	LumA	cbio_subtype	0
TCGA-AN-A0FS	TCGA-BRCA_IDC	LumA	cbio_subtype	0
TCGA-AN-A0FT	TCGA-BRCA_IDC	LumA	cbio_subtype	0
TCGA-AN-A0FV	TCGA-BRCA_IDC	Her2	cbio_subtype	0
TCGA-AN-A0FW	TCGA-BRCA_IDC	LumA	cbio_subtype	0
TCGA-AN-A0FX	TCGA-BRCA_IDC	Basal	cbio_subtype	0
TCGA-AN-A0FY	TCGA-BRCA_IDC	LumB	cbio_subtype	0
TCGA-AN-A0FZ	TCGA-BRCA_IDC	LumA	cbio_subtype	0
TCGA-AN-A0G0	TCGA-BRCA_IDC	Unknown	missing	0
TCGA-AN-A0XL	TCGA-BRCA_IDC	LumA	cbio_subtype	0
TCGA-AN-A0XN	TCGA-BRCA_IDC	LumA	cbio_subtype	0
TCGA-AN-A0XO	TCGA-BRCA_IDC	LumA	cbio_subtype	0
TCGA-AN-A0XP	TCGA-BRCA_IDC	LumA	cbio_subtype	0
TCGA-AN-A0XS	TCGA-BRCA_IDC	LumA	cbio_subtype	0
TCGA-AN-A0XT	TCGA-BRCA_IDC	LumA	cbio_subtype	0
TCGA-AN-A0XU	TCGA-BRCA_IDC	Basal	cbio_subtype	0
TCGA-AN-A0XW	TCGA-BRCA_IDC	LumA	cbio_subtype	0
TCGA-AO-A03L	TCGA-BRCA_IDC	LumA	cbio_subtype	0
TCGA-AO-A03M	TCGA-BRCA_IDC	LumA	cbio_subtype	0
TCGA-AO-A03N	TCGA-BRCA_IDC	LumB	cbio_subtype	0
TCGA-AO-A03O	TCGA-BRCA_IDC	LumB	cbio_subtype	0
TCGA-AO-A03P	TCGA-BRCA_IDC	LumB	cbio_subtype	0
TCGA-AO-A03R	TCGA-BRCA_IDC	Normal	cbio_subtype	0
TCGA-AO-A03T	TCGA-BRCA_IDC	Normal	cbio_subtype	0
TCGA-AO-A03U	TCGA-BRCA_OTHERS	Normal	cbio_subtype	0
TCGA-AO-A03V	TCGA-BRCA_IDC	LumA	cbio_subtype	0
TCGA-AO-A0J2	TCGA-BRCA_IDC	Her2	cbio_subtype	0
TCGA-AO-A0J3	TCGA-BRCA_IDC	LumB	cbio_subtype	0
TCGA-AO-A0J4	TCGA-BRCA_IDC	Basal	cbio_subtype	0
TCGA-AO-A0J5	TCGA-BRCA_IDC	LumA	cbio_subtype	0
TCGA-AO-A0J6	TCGA-BRCA_IDC	Basal	cbio_subtype	0
TCGA-AO-A0J7	TCGA-BRCA_IDC	LumB	cbio_subtype	0
TCGA-AO-A0J8	TCGA-BRCA_OTHERS	LumA	cbio_subtype	0
TCGA-AO-A0J9	TCGA-BRCA_OTHERS	LumA	cbio_subtype	0
TCGA-AO-A0JA	TCGA-BRCA_IDC	LumA	cbio_subtype	0
TCGA-AO-A0JB	TCGA-BRCA_IDC	Normal	cbio_subtype	0
TCGA-AO-A0JC	TCGA-BRCA_IDC	LumA	cbio_subtype	0
TCGA-AO-A0JD	TCGA-BRCA_IDC	LumB	cbio_subtype	0
TCGA-AO-A0JE	TCGA-BRCA_IDC	Her2	cbio_subtype	0
TCGA-AO-A0JF	TCGA-BRCA_IDC	LumA	cbio_subtype	0
TCGA-AO-A0JG	TCGA-BRCA_IDC	LumA	cbio_subtype	0
TCGA-AO-A0JI	TCGA-BRCA_IDC	LumA	cbio_subtype	0
TCGA-AO-A0JJ	TCGA-BRCA_OTHERS	LumA	cbio_subtype	0
TCGA-AO-A0JL	TCGA-BRCA_IDC	Unknown	missing	0
TCGA-AO-A0JM	TCGA-BRCA_IDC	LumB	cbio_subtype	0
TCGA-AO-A124	TCGA-BRCA_IDC	Basal	cbio_subtype	0
TCGA-AO-A125	TCGA-BRCA_OTHERS	LumA	cbio_subtype	0
TCGA-AO-A126	TCGA-BRCA_IDC	LumA	cbio_subtype	0
TCGA-AO-A128	TCGA-BRCA_IDC	Basal	cbio_subtype	0
TCGA-AO-A129	TCGA-BRCA_IDC	Basal	cbio_subtype	0
TCGA-AO-A12A	TCGA-BRCA_IDC	LumA	cbio_subtype	0
TCGA-AO-A12B	TCGA-BRCA_IDC	LumA	cbio_subtype	0
TCGA-AO-A12C	TCGA-BRCA_IDC	Unknown	missing	0
TCGA-AO-A12D	TCGA-BRCA_IDC	Her2	cbio_subtype	0
TCGA-AO-A12E	TCGA-BRCA_OTHERS	LumA	cbio_subtype	0
TCGA-AO-A12F	TCGA-BRCA_IDC	Basal	cbio_subtype	0
TCGA-AO-A12G	TCGA-BRCA_IDC	LumA	cbio_subtype	0
TCGA-AO-A12H	TCGA-BRCA_IDC	LumA	cbio_subtype	0
TCGA-AO-A1KO	TCGA-BRCA_OTHERS	Normal	cbio_subtype	0
TCGA-AO-A1KP	TCGA-BRCA_IDC	LumB	cbio_subtype	0
TCGA-AO-A1KQ	TCGA-BRCA_IDC	Unknown	missing	0
TCGA-AO-A1KR	TCGA-BRCA_IDC	Basal	cbio_subtype	0
TCGA-AO-A1KS	TCGA-BRCA_OTHERS	LumB	cbio_subtype	0
TCGA-AO-A1KT	TCGA-BRCA_IDC	LumB	cbio_subtype	0
TCGA-AQ-A04H	TCGA-BRCA_IDC	LumB	cbio_subtype	0
TCGA-AQ-A04J	TCGA-BRCA_IDC	Basal	cbio_subtype	0
TCGA-AQ-A04L	TCGA-BRCA_IDC	Unknown	missing	0
TCGA-AQ-A0Y5	TCGA-BRCA_IDC	LumA	cbio_subtype	0
TCGA-AQ-A54N	TCGA-BRCA_IDC	Unknown	missing	0
TCGA-AQ-A54O	TCGA-BRCA_IDC	Unknown	missing	0
TCGA-AQ-A7U7	TCGA-BRCA_OTHERS	LumA	cbio_subtype	0
TCGA-AR-A0TP	TCGA-BRCA_IDC	Basal	cbio_subtype	0
TCGA-AR-A0TQ	TCGA-BRCA_IDC	LumB	cbio_subtype	0
TCGA-AR-A0TR	TCGA-BRCA_IDC	LumA	cbio_subtype	0
TCGA-AR-A0TS	TCGA-BRCA_IDC	Basal	cbio_subtype	0
TCGA-AR-A0TT	TCGA-BRCA_IDC	LumB	cbio_subtype	0
TCGA-AR-A0TU	TCGA-BRCA_IDC	Unknown	missing	0
TCGA-AR-A0TV	TCGA-BRCA_IDC	LumB	cbio_subtype	0
TCGA-AR-A0TW	TCGA-BRCA_IDC	LumA	cbio_subtype	0
TCGA-AR-A0TX	TCGA-BRCA_IDC	Her2	cbio_subtype	0
TCGA-AR-A0TY	TCGA-BRCA_IDC	LumB	cbio_subtype	0
TCGA-AR-A0TZ	TCGA-BRCA_IDC	LumA	cbio_subtype	0
TCGA-AR-A0U0	TCGA-BRCA_IDC	Basal	cbio_subtype	0
TCGA-AR-A0U1	TCGA-BRCA_IDC	Unknown	missing	0
TCGA-AR-A0U2	TCGA-BRCA_IDC	LumB	cbio_subtype	0
TCGA-AR-A0U3	TCGA-BRCA_IDC	LumA	cbio_subtype	0
TCGA-AR-A0U4	TCGA-BRCA_IDC	Basal	cbio_subtype	0
TCGA-AR-A1AH	TCGA-BRCA_IDC	Basal	cbio_subtype	0
TCGA-AR-A1AI	TCGA-BRCA_IDC	Basal	cbio_subtype	0
TCGA-AR-A1AJ	TCGA-BRCA_IDC	Basal	cbio_subtype	0
TCGA-AR-A1AK	TCGA-BRCA_OTHERS	LumA	cbio_subtype	0
TCGA-AR-A1AL	TCGA-BRCA_OTHERS	LumA	cbio_subtype	0
TCGA-AR-A1AM	TCGA-BRCA_OTHERS	Unknown	missing	0
TCGA-AR-A1AN	TCGA-BRCA_IDC	LumA	cbio_subtype	0
TCGA-AR-A1AO	TCGA-BRCA_IDC	Normal	cbio_subtype	0
TCGA-AR-A1AP	TCGA-BRCA_IDC	LumA	cbio_subtype	0
TCGA-AR-A1AQ	TCGA-BRCA_IDC	Basal	cbio_subtype	0
TCGA-AR-A1AR	TCGA-BRCA_IDC	Basal	cbio_subtype	0
TCGA-AR-A1AS	TCGA-BRCA_IDC	LumA	cbio_subtype	0
TCGA-AR-A1AT	TCGA-BRCA_OTHERS	Unknown	missing	0
TCGA-AR-A1AU	TCGA-BRCA_IDC	LumA	cbio_subtype	0
TCGA-AR-A1AV	TCGA-BRCA_IDC	Unknown	missing	0
TCGA-AR-A1AW	TCGA-BRCA_IDC	LumB	cbio_subtype	0
TCGA-AR-A1AX	TCGA-BRCA_IDC	LumA	cbio_subtype	0
TCGA-AR-A1AY	TCGA-BRCA_IDC	Basal	cbio_subtype	0
TCGA-AR-A24H	TCGA-BRCA_OTHERS	LumB	cbio_subtype	0
TCGA-AR-A24K	TCGA-BRCA_IDC	LumB	cbio_subtype	0
TCGA-AR-A24L	TCGA-BRCA_IDC	LumA	cbio_subtype	0
TCGA-AR-A24M	TCGA-BRCA_OTHERS	LumA	cbio_subtype	0
TCGA-AR-A24N	TCGA-BRCA_IDC	LumB	cbio_subtype	0
TCGA-AR-A24O	TCGA-BRCA_OTHERS	LumA	cbio_subtype	0
TCGA-AR-A24P	TCGA-BRCA_IDC	LumA	cbio_subtype	0
TCGA-AR-A24Q	TCGA-BRCA_IDC	Basal	cbio_subtype	0
TCGA-AR-A24R	TCGA-BRCA_IDC	LumB	cbio_subtype	0
TCGA-AR-A24S	TCGA-BRCA_IDC	LumB	cbio_subtype	0
TCGA-AR-A24T	TCGA-BRCA_OTHERS	LumA	cbio_subtype	0
TCGA-AR-A24U	TCGA-BRCA_IDC	Her2	cbio_subtype	0
TCGA-AR-A24V	TCGA-BRCA_IDC	LumA	cbio_subtype	0
TCGA-AR-A24W	TCGA-BRCA_IDC	LumA	cbio_subtype	0
TCGA-AR-A24X	TCGA-BRCA_OTHERS	LumA	cbio_subtype	0
TCGA-AR-A24Z	TCGA-BRCA_IDC	LumB	cbio_subtype	0
TCGA-AR-A250	TCGA-BRCA_IDC	LumB	cbio_subtype	0
TCGA-AR-A251	TCGA-BRCA_IDC	Basal	cbio_subtype	0
TCGA-AR-A252	TCGA-BRCA_IDC	LumA	cbio_subtype	0
TCGA-AR-A254	TCGA-BRCA_IDC	Her2	cbio_subtype	0
TCGA-AR-A255	TCGA-BRCA_IDC	LumA	cbio_subtype	0
TCGA-AR-A256	TCGA-BRCA_IDC	Basal	cbio_subtype	0
TCGA-AR-A2LE	TCGA-BRCA_OTHERS	LumA	cbio_subtype	0
TCGA-AR-A2LH	TCGA-BRCA_OTHERS	Normal	cbio_subtype	0
TCGA-AR-A2LJ	TCGA-BRCA_OTHERS	Unknown	missing	0
TCGA-AR-A2LK	TCGA-BRCA_OTHERS	LumB	cbio_subtype	0
TCGA-AR-A2LL	TCGA-BRCA_OTHERS	Unknown	missing	0
TCGA-AR-A2LM	TCGA-BRCA_OTHERS	LumA	cbio_subtype	0
TCGA-AR-A2LN	TCGA-BRCA_OTHERS	LumA	cbio_subtype	0
TCGA-AR-A2LO	TCGA-BRCA_OTHERS	LumA	cbio_subtype	0
TCGA-AR-A2LQ	TCGA-BRCA_OTHERS	Normal	cbio_subtype	0
TCGA-AR-A2LR	TCGA-BRCA_OTHERS	Unknown	missing	0
TCGA-AR-A5QM	TCGA-BRCA_OTHERS	LumA	cbio_subtype	0
TCGA-AR-A5QN	TCGA-BRCA_OTHERS	LumA	cbio_subtype	0
TCGA-AR-A5QP	TCGA-BRCA_OTHERS	LumA	cbio_subtype	0
TCGA-AR-A5QQ	TCGA-BRCA_OTHERS	Basal	cbio_subtype	0
TCGA-B6-A0I1	TCGA-BRCA_IDC	Basal	cbio_subtype	0
TCGA-B6-A0I2	TCGA-BRCA_IDC	Basal	cbio_subtype	0
TCGA-B6-A0I5	TCGA-BRCA_IDC	LumA	cbio_subtype	0
TCGA-B6-A0I6	TCGA-BRCA_IDC	Unknown	missing	0
TCGA-B6-A0I8	TCGA-BRCA_IDC	Unknown	missing	0
TCGA-B6-A0I9	TCGA-BRCA_IDC	Her2	cbio_subtype	0
TCGA-B6-A0IA	TCGA-BRCA_IDC	LumA	cbio_subtype	0
TCGA-B6-A0IB	TCGA-BRCA_IDC	LumB	cbio_subtype	0
TCGA-B6-A0IC	TCGA-BRCA_IDC	LumA	cbio_subtype	0
TCGA-B6-A0IE	TCGA-BRCA_OTHERS	LumA	cbio_subtype	0
TCGA-B6-A0IG	TCGA-BRCA_IDC	LumA	cbio_subtype	0
TCGA-B6-A0IH	TCGA-BRCA_OTHERS	LumA	cbio_subtype	0
TCGA-B6-A0IJ	TCGA-BRCA_IDC	Basal	cbio_subtype	0
TCGA-B6-A0IK	TCGA-BRCA_IDC	Her2	cbio_subtype	0
TCGA-B6-A0IM	TCGA-BRCA_IDC	LumA	cbio_subtype	0
TCGA-B6-A0IN	TCGA-BRCA_IDC	LumB	cbio_subtype	0
TCGA-B6-A0IO	TCGA-BRCA_IDC	LumA	cbio_subtype	0
TCGA-B6-A0IP	TCGA-BRCA_OTHERS	LumA	cbio_subtype	0
TCGA-B6-A0IQ	TCGA-BRCA_IDC	Basal	cbio_subtype	0
TCGA-B6-A0RE	TCGA-BRCA_IDC	Basal	cbio_subtype	0
TCGA-B6-A0RG	TCGA-BRCA_IDC	LumA	cbio_subtype	0
TCGA-B6-A0RH	TCGA-BRCA_IDC	Her2	cbio_subtype	0
TCGA-B6-A0RI	TCGA-BRCA_IDC	LumA	cbio_subtype	0
TCGA-B6-A0RL	TCGA-BRCA_IDC	LumB	cbio_subtype	0
TCGA-B6-A0RM	TCGA-BRCA_IDC	LumA	cbio_subtype	0
TCGA-B6-A0RN	TCGA-BRCA_IDC	LumA	cbio_subtype	0
TCGA-B6-A0RO	TCGA-BRCA_IDC	LumA	cbio_subtype	0
TCGA-B6-A0RP	TCGA-BRCA_OTHERS	LumA	cbio_subtype	0
TCGA-B6-A0RQ	TCGA-BRCA_OTHERS	Normal	cbio_subtype	0
TCGA-B6-A0RS	TCGA-BRCA_IDC	Her2	cbio_subtype	0
TCGA-B6-A0RT	TCGA-BRCA_IDC	Basal	cbio_subtype	0
TCGA-B6-A0RU	TCGA-BRCA_IDC	Basal	cbio_subtype	0
TCGA-B6-A0RV	TCGA-BRCA_OTHERS	LumA	cbio_subtype	0
TCGA-B6-A0WS	TCGA-BRCA_IDC	LumA	cbio_subtype	0
TCGA-B6-A0WT	TCGA-BRCA_IDC	LumA	cbio_subtype	0
TCGA-B6-A0WV	TCGA-BRCA_IDC	LumB	cbio_subtype	0
TCGA-B6-A0WW	TCGA-BRCA_IDC	LumB	cbio_subtype	0
TCGA-B6-A0WX	TCGA-BRCA_OTHERS	Basal	cbio_subtype	0
TCGA-B6-A0WY	TCGA-BRCA_IDC	LumA	cbio_subtype	0
TCGA-B6-A0WZ	TCGA-BRCA_IDC	LumA	cbio_subtype	0
TCGA-B6-A0X0	TCGA-BRCA_OTHERS	LumA	cbio_subtype	0
TCGA-B6-A0X1	TCGA-BRCA_IDC	Basal	cbio_subtype	0
TCGA-B6-A0X4	TCGA-BRCA_IDC	LumA	cbio_subtype	0
TCGA-B6-A0X5	TCGA-BRCA_IDC	LumB	cbio_subtype	0
TCGA-B6-A0X7	TCGA-BRCA_IDC	LumA	cbio_subtype	0
TCGA-B6-A1KC	TCGA-BRCA_IDC	LumB	cbio_subtype	0
TCGA-B6-A1KF	TCGA-BRCA_IDC	Basal	cbio_subtype	0
TCGA-B6-A1KI	TCGA-BRCA_IDC	LumA	cbio_subtype	0
TCGA-B6-A1KN	TCGA-BRCA_IDC	LumB	cbio_subtype	0
TCGA-B6-A2IU	TCGA-BRCA_OTHERS	LumA	cbio_subtype	0
TCGA-BH-A0AU	TCGA-BRCA_IDC	LumB	cbio_subtype	0
TCGA-BH-A0AV	TCGA-BRCA_IDC	Basal	cbio_subtype	0
TCGA-BH-A0AW	TCGA-BRCA_IDC	Her2	cbio_subtype	0
TCGA-BH-A0AY	TCGA-BRCA_IDC	LumA	cbio_subtype	0
TCGA-BH-A0AZ	TCGA-BRCA_IDC	LumA	cbio_subtype	0
TCGA-BH-A0B0	TCGA-BRCA_IDC	LumA	cbio_subtype	0
TCGA-BH-A0B1	TCGA-BRCA_IDC	Unknown	missing	0
TCGA-BH-A0B3	TCGA-BRCA_IDC	Basal	cbio_subtype	0
TCGA-BH-A0B4	TCGA-BRCA_IDC	Unknown	missing	0
TCGA-BH-A0B5	TCGA-BRCA_OTHERS	LumA	cbio_subtype	0
TCGA-BH-A0B6	TCGA-BRCA_IDC	Unknown	missing	0
TCGA-BH-A0B7	TCGA-BRCA_IDC	Her2	cbio_subtype	0
TCGA-BH-A0B8	TCGA-BRCA_IDC	Unknown	missing	0
TCGA-BH-A0B9	TCGA-BRCA_IDC	Basal	cbio_subtype	0
TCGA-BH-A0BA	TCGA-BRCA_OTHERS	LumA	cbio_subtype	0
TCGA-BH-A0BC	TCGA-BRCA_IDC	LumA	cbio_subtype	0
TCGA-BH-A0BD	TCGA-BRCA_IDC	LumB	cbio_subtype	0
TCGA-BH-A0BF	TCGA-BRCA_IDC	LumB	cbio_subtype	0
TCGA-BH-A0BG	TCGA-BRCA_IDC	Basal	cbio_subtype	0
TCGA-BH-A0BJ	TCGA-BRCA_IDC	LumA	cbio_subtype	0
TCGA-BH-A0BL	TCGA-BRCA_IDC	Basal	cbio_subtype	0
TCGA-BH-A0BM	TCGA-BRCA_IDC	LumA	cbio_subtype	0
TCGA-BH-A0BO	TCGA-BRCA_IDC	LumA	cbio_subtype	0
TCGA-BH-A0BP	TCGA-BRCA_IDC	LumA	cbio_subtype	0
TCGA-BH-A0BQ	TCGA-BRCA_IDC	LumA	cbio_subtype	0
TCGA-BH-A0BR	TCGA-BRCA_IDC	LumA	cbio_subtype	0
TCGA-BH-A0BS	TCGA-BRCA_IDC	LumA	cbio_subtype	0
TCGA-BH-A0BT	TCGA-BRCA_IDC	LumA	cbio_subtype	0
TCGA-BH-A0BV	TCGA-BRCA_IDC	LumA	cbio_subtype	0
TCGA-BH-A0BW	TCGA-BRCA_IDC	Basal	cbio_subtype	0
TCGA-BH-A0BZ	TCGA-BRCA_IDC	LumB	cbio_subtype	0
TCGA-BH-A0C0	TCGA-BRCA_IDC	LumB	cbio_subtype	0
TCGA-BH-A0C1	TCGA-BRCA_OTHERS	LumA	cbio_subtype	0
TCGA-BH-A0C3	TCGA-BRCA_OTHERS	LumB	cbio_subtype	0
TCGA-BH-A0C7	TCGA-BRCA_IDC	LumB	cbio_subtype	0
TCGA-BH-A0DD	TCGA-BRCA_IDC	Unknown	missing	0
TCGA-BH-A0DE	TCGA-BRCA_IDC	LumA	cbio_subtype	0
TCGA-BH-A0DG	TCGA-BRCA_IDC	LumA	cbio_subtype	0
TCGA-BH-A0DH	TCGA-BRCA_IDC	LumA	cbio_subtype	0
TCGA-BH-A0DI	TCGA-BRCA_IDC	LumA	cbio_subtype	0
TCGA-BH-A0DK	TCGA-BRCA_IDC	LumA	cbio_subtype	0
TCGA-BH-A0DL	TCGA-BRCA_OTHERS	Basal	cbio_subtype	0
TCGA-BH-A0DO	TCGA-BRCA_IDC	LumA	cbio_subtype	0
TCGA-BH-A0DP	TCGA-BRCA_OTHERS	LumA	cbio_subtype	0
TCGA-BH-A0DQ	TCGA-BRCA_IDC	LumA	cbio_subtype	0
TCGA-BH-A0DS	TCGA-BRCA_IDC	LumA	cbio_subtype	0
TCGA-BH-A0DT	TCGA-BRCA_IDC	LumA	cbio_subtype	0
TCGA-BH-A0DV	TCGA-BRCA_IDC	LumA	cbio_subtype	0
TCGA-BH-A0DX	TCGA-BRCA_IDC	LumA	cbio_subtype	0
TCGA-BH-A0DZ	TCGA-BRCA_IDC	LumA	cbio_subtype	0
TCGA-BH-A0E0	TCGA-BRCA_IDC	Basal	cbio_subtype	0
TCGA-BH-A0E1	TCGA-BRCA_IDC	LumA	cbio_subtype	0
TCGA-BH-A0E2	TCGA-BRCA_IDC	LumA	cbio_subtype	0
TCGA-BH-A0E6	TCGA-BRCA_IDC	Basal	cbio_subtype	0
TCGA-BH-A0E7	TCGA-BRCA_IDC	LumA	cbio_subtype	0
TCGA-BH-A0E9	TCGA-BRCA_OTHERS	LumA	cbio_subtype	0
TCGA-BH-A0EA	TCGA-BRCA_IDC	LumA	cbio_subtype	0
TCGA-BH-A0EB	TCGA-BRCA_IDC	LumA	cbio_subtype	0
TCGA-BH-A0EE	TCGA-BRCA_IDC	Her2	cbio_subtype	0
TCGA-BH-A0EI	TCGA-BRCA_IDC	LumA	cbio_subtype	0
TCGA-BH-A0GY	TCGA-BRCA_IDC	LumA	cbio_subtype	0
TCGA-BH-A0GZ	TCGA-BRCA_IDC	LumA	cbio_subtype	0
TCGA-BH-A0H0	TCGA-BRCA_IDC	LumB	cbio_subtype	0
TCGA-BH-A0H3	TCGA-BRCA_IDC	LumA	cbio_subtype	0
TCGA-BH-A0H5	TCGA-BRCA_IDC	LumA	cbio_subtype	0
TCGA-BH-A0H6	TCGA-BRCA_IDC	LumA	cbio_subtype	0
TCGA-BH-A0H7	TCGA-BRCA_IDC	LumA	cbio_subtype	0
TCGA-BH-A0H9	TCGA-BRCA_IDC	LumA	cbio_subtype	0
TCGA-BH-A0HA	TCGA-BRCA_IDC	LumA	cbio_subtype	0
TCGA-BH-A0HB	TCGA-BRCA_IDC	LumA	cbio_subtype	0
TCGA-BH-A0HF	TCGA-BRCA_IDC	Unknown	missing	0
TCGA-BH-A0HI	TCGA-BRCA_IDC	LumA	cbio_subtype	0
TCGA-BH-A0HK	TCGA-BRCA_IDC	LumA	cbio_subtype	0
TCGA-BH-A0HL	TCGA-BRCA_IDC	Unknown	missing	0
TCGA-BH-A0HN	TCGA-BRCA_IDC	Unknown	missing	0
TCGA-BH-A0HO	TCGA-BRCA_IDC	LumA	cbio_subtype	0
TCGA-BH-A0HP	TCGA-BRCA_OTHERS	LumA	cbio_subtype	0
TCGA-BH-A0HQ	TCGA-BRCA_IDC	LumA	cbio_subtype	0
TCGA-BH-A0HU	TCGA-BRCA_IDC	LumB	cbio_subtype	0
TCGA-BH-A0HW	TCGA-BRCA_IDC	LumB	cbio_subtype	0
TCGA-BH-A0HX	TCGA-BRCA_IDC	LumA	cbio_subtype	0
TCGA-BH-A0HY	TCGA-BRCA_IDC	LumB	cbio_subtype	0
TCGA-BH-A0RX	TCGA-BRCA_IDC	Basal	cbio_subtype	0
TCGA-BH-A0W3	TCGA-BRCA_IDC	LumB	cbio_subtype	0
TCGA-BH-A0W4	TCGA-BRCA_IDC	LumA	cbio_subtype	0
TCGA-BH-A0W5	TCGA-BRCA_IDC	LumA	cbio_subtype	0
TCGA-BH-A0W7	TCGA-BRCA_IDC	LumA	cbio_subtype	0
TCGA-BH-A0WA	TCGA-BRCA_OTHERS	Basal	cbio_subtype	0
TCGA-BH-A18F	TCGA-BRCA_IDC	LumA	cbio_subtype	0
TCGA-BH-A18G	TCGA-BRCA_IDC	Basal	cbio_subtype	0
TCGA-BH-A18H	TCGA-BRCA_IDC	LumA	cbio_subtype	0
TCGA-BH-A18I	TCGA-BRCA_IDC	LumA	cbio_subtype	0
TCGA-BH-A18J	TCGA-BRCA_IDC	LumA	cbio_subtype	0
TCGA-BH-A18L	TCGA-BRCA_IDC	LumB	cbio_subtype	0
TCGA-BH-A18M	TCGA-BRCA_IDC	LumA	cbio_subtype	0
TCGA-BH-A18N	TCGA-BRCA_IDC	LumA	cbio_subtype	0
TCGA-BH-A18P	TCGA-BRCA_IDC	Her2	cbio_subtype	0
TCGA-BH-A18Q	TCGA-BRCA_IDC	Basal	cbio_subtype	0
TCGA-BH-A18R	TCGA-BRCA_IDC	Her2	cbio_subtype	0
TCGA-BH-A18S	TCGA-BRCA_IDC	LumA	cbio_subtype	0
TCGA-BH-A18T	TCGA-BRCA_IDC	Basal	cbio_subtype	0
TCGA-BH-A18U	TCGA-BRCA_IDC	LumB	cbio_subtype	0
TCGA-BH-A18V	TCGA-BRCA_IDC	Basal	cbio_subtype	0
TCGA-BH-A1EN	TCGA-BRCA_IDC	Her2	cbio_subtype	0
TCGA-BH-A1EO	TCGA-BRCA_OTHERS	LumA	cbio_subtype	0
TCGA-BH-A1ES	TCGA-BRCA_IDC	Unknown	missing	0
TCGA-BH-A1ET	TCGA-BRCA_IDC	LumA	cbio_subtype	0
TCGA-BH-A1EU	TCGA-BRCA_IDC	LumA	cbio_subtype	0
TCGA-BH-A1EV	TCGA-BRCA_IDC	Her2	cbio_subtype	0
TCGA-BH-A1EW	TCGA-BRCA_IDC	LumA	cbio_subtype	0
TCGA-BH-A1EX	TCGA-BRCA_IDC	LumA	cbio_subtype	0
TCGA-BH-A1EY	TCGA-BRCA_IDC	LumA	cbio_subtype	0
TCGA-BH-A1F0	TCGA-BRCA_IDC	Basal	cbio_subtype	0
TCGA-BH-A1F2	TCGA-BRCA_OTHERS	LumB	cbio_subtype	0
TCGA-BH-A1F5	TCGA-BRCA_IDC	Unknown	missing	0
TCGA-BH-A1F6	TCGA-BRCA_IDC	Basal	cbio_subtype	0
TCGA-BH-A1F8	TCGA-BRCA_IDC	LumB	cbio_subtype	0
TCGA-BH-A1FB	TCGA-BRCA_IDC	Unknown	missing	0
TCGA-BH-A1FC	TCGA-BRCA_IDC	Basal	cbio_subtype	0
TCGA-BH-A1FE	TCGA-BRCA_IDC	LumA	cbio_subtype	0
TCGA-BH-A1FG	TCGA-BRCA_IDC	LumA	cbio_subtype	0
TCGA-BH-A1FH	TCGA-BRCA_IDC	LumA	cbio_subtype	0
TCGA-BH-A1FJ	TCGA-BRCA_IDC	LumB	cbio_subtype	0
TCGA-BH-A1FL	TCGA-BRCA_IDC	LumA	cbio_subtype	0
TCGA-BH-A1FM	TCGA-BRCA_IDC	LumB	cbio_subtype	0
TCGA-BH-A1FN	TCGA-BRCA_IDC	LumB	cbio_subtype	0
TCGA-BH-A1FR	TCGA-BRCA_IDC	LumA	cbio_subtype	0
TCGA-BH-A1FU	TCGA-BRCA_IDC	Normal	cbio_subtype	0
TCGA-BH-A201	TCGA-BRCA_IDC	LumA	cbio_subtype	0
TCGA-BH-A202	TCGA-BRCA_IDC	LumB	cbio_subtype	0
TCGA-BH-A203	TCGA-BRCA_IDC	Her2	cbio_subtype	0
TCGA-BH-A204	TCGA-BRCA_IDC	LumB	cbio_subtype	0
TCGA-BH-A208	TCGA-BRCA_IDC	Normal	cbio_subtype	0
TCGA-BH-A209	TCGA-BRCA_IDC	LumB	cbio_subtype	0
TCGA-BH-A28O	TCGA-BRCA_OTHERS	Unknown	missing	0
TCGA-BH-A28Q	TCGA-BRCA_OTHERS	LumA	cbio_subtype	0
TCGA-BH-A2L8	TCGA-BRCA_OTHERS	LumA	cbio_subtype	0
TCGA-BH-A42T	TCGA-BRCA_OTHERS	Unknown	missing	0
TCGA-BH-A42U	TCGA-BRCA_OTHERS	Normal	cbio_subtype	0
TCGA-BH-A42V	TCGA-BRCA_IDC	LumA	cbio_subtype	0
TCGA-BH-A5IZ	TCGA-BRCA_IDC	Basal	cbio_subtype	0
TCGA-BH-A5J0	TCGA-BRCA_IDC	LumA	cbio_subtype	0
TCGA-C8-A12K	TCGA-BRCA_IDC	Basal	cbio_subtype	0
TCGA-C8-A12L	TCGA-BRCA_IDC	Her2	cbio_subtype	0
TCGA-C8-A12M	TCGA-BRCA_IDC	LumB	cbio_subtype	0
TCGA-C8-A12N	TCGA-BRCA_IDC	LumA	cbio_subtype	0
TCGA-C8-A12O	TCGA-BRCA_IDC	LumA	cbio_subtype	0
TCGA-C8-A12P	TCGA-BRCA_IDC	Her2	cbio_subtype	0
TCGA-C8-A12Q	TCGA-BRCA_IDC	Her2	cbio_subtype	0
TCGA-C8-A12T	TCGA-BRCA_IDC	Her2	cbio_subtype	0
TCGA-C8-A12U	TCGA-BRCA_IDC	LumB	cbio_subtype	0
TCGA-C8-A12V	TCGA-BRCA_IDC	Basal	cbio_subtype	0
TCGA-C8-A12W	TCGA-BRCA_IDC	LumB	cbio_subtype	0
TCGA-C8-A12X	TCGA-BRCA_OTHERS	LumA	cbio_subtype	0
TCGA-C8-A12Y	TCGA-BRCA_IDC	LumA	cbio_subtype	0
TCGA-C8-A12Z	TCGA-BRCA_IDC	Her2	cbio_subtype	0
TCGA-C8-A130	TCGA-BRCA_IDC	LumB	cbio_subtype	0
TCGA-C8-A131	TCGA-BRCA_IDC	Basal	cbio_subtype	0
TCGA-C8-A132	TCGA-BRCA_IDC	LumA	cbio_subtype	0
TCGA-C8-A133	TCGA-BRCA_IDC	LumA	cbio_subtype	0
TCGA-C8-A134	TCGA-BRCA_IDC	Basal	cbio_subtype	0
TCGA-C8-A135	TCGA-BRCA_IDC	Her2	cbio_subtype	0
TCGA-C8-A137	TCGA-BRCA_IDC	Her2	cbio_subtype	0
TCGA-C8-A138	TCGA-BRCA_IDC	Her2	cbio_subtype	0
TCGA-C8-A1HE	TCGA-BRCA_IDC	LumA	cbio_subtype	0
TCGA-C8-A1HF	TCGA-BRCA_IDC	Her2	cbio_subtype	0
TCGA-C8-A1HG	TCGA-BRCA_IDC	LumB	cbio_subtype	0
TCGA-C8-A1HI	TCGA-BRCA_IDC	LumA	cbio_subtype	0
TCGA-C8-A1HJ	TCGA-BRCA_IDC	Basal	cbio_subtype	0
TCGA-C8-A1HK	TCGA-BRCA_IDC	Her2	cbio_subtype	0
TCGA-C8-A1HL	TCGA-BRCA_OTHERS	LumB	cbio_subtype	0
TCGA-C8-A1HM	TCGA-BRCA_IDC	LumB	cbio_subtype	0
TCGA-C8-A1HN	TCGA-BRCA_IDC	LumB	cbio_subtype	0
TCGA-C8-A1HO	TCGA-BRCA_IDC	LumA	cbio_subtype	0
TCGA-C8-A26V	TCGA-BRCA_IDC	LumB	cbio_subtype	0
TCGA-C8-A26W	TCGA-BRCA_IDC	LumB	cbio_subtype	0
TCGA-C8-A26X	TCGA-BRCA_IDC	Her2	cbio_subtype	0
TCGA-C8-A26Y	TCGA-BRCA_IDC	Her2	cbio_subtype	0
TCGA-C8-A26Z	TCGA-BRCA_IDC	LumA	cbio_subtype	0
TCGA-C8-A273	TCGA-BRCA_IDC	LumA	cbio_subtype	0
TCGA-C8-A274	TCGA-BRCA_IDC	LumB	cbio_subtype	0
TCGA-C8-A275	TCGA-BRCA_IDC	Her2	cbio_subtype	0
TCGA-C8-A278	TCGA-BRCA_IDC	Her2	cbio_subtype	0
TCGA-C8-A27A	TCGA-BRCA_IDC	LumB	cbio_subtype	0
TCGA-C8-A27B	TCGA-BRCA_IDC	Basal	cbio_subtype	0
TCGA-C8-A3M7	TCGA-BRCA_OTHERS	LumA	cbio_subtype	0
TCGA-C8-A3M8	TCGA-BRCA_OTHERS	LumB	cbio_subtype	0
TCGA-C8-A8HP	TCGA-BRCA_OTHERS	Her2	cbio_subtype	0
TCGA-C8-A8HQ	TCGA-BRCA_OTHERS	LumB	cbio_subtype	0
TCGA-C8-A8HR	TCGA-BRCA_OTHERS	Normal	cbio_subtype	0
TCGA-C8-A9FZ	TCGA-BRCA_OTHERS	Unknown	missing	0
TCGA-D8-A13Y	TCGA-BRCA_IDC	LumB	cbio_subtype	0
TCGA-D8-A13Z	TCGA-BRCA_IDC	Her2	cbio_subtype	0
TCGA-D8-A140	TCGA-BRCA_IDC	LumA	cbio_subtype	0
TCGA-D8-A141	TCGA-BRCA_IDC	LumA	cbio_subtype	0
TCGA-D8-A142	TCGA-BRCA_IDC	Basal	cbio_subtype	0
TCGA-D8-A143	TCGA-BRCA_IDC	Basal	cbio_subtype	0
TCGA-D8-A145	TCGA-BRCA_IDC	LumA	cbio_subtype	0
TCGA-D8-A146	TCGA-BRCA_IDC	Unknown	missing	0
TCGA-D8-A147	TCGA-BRCA_IDC	Basal	cbio_subtype	0
TCGA-D8-A1J8	TCGA-BRCA_IDC	LumB	cbio_subtype	0
TCGA-D8-A1J9	TCGA-BRCA_IDC	LumB	cbio_subtype	0
TCGA-D8-A1JA	TCGA-BRCA_IDC	Her2	cbio_subtype	0
TCGA-D8-A1JB	TCGA-BRCA_IDC	LumA	cbio_subtype	0
TCGA-D8-A1JC	TCGA-BRCA_IDC	LumB	cbio_subtype	0
TCGA-D8-A1JD	TCGA-BRCA_IDC	LumB	cbio_subtype	0
TCGA-D8-A1JE	TCGA-BRCA_IDC	LumB	cbio_subtype	0
TCGA-D8-A1JF	TCGA-BRCA_IDC	Her2	cbio_subtype	0
TCGA-D8-A1JG	TCGA-BRCA_IDC	Her2	cbio_subtype	0
TCGA-D8-A1JH	TCGA-BRCA_IDC	LumA	cbio_subtype	0
TCGA-D8-A1JI	TCGA-BRCA_IDC	LumB	cbio_subtype	0
TCGA-D8-A1JJ	TCGA-BRCA_IDC	LumB	cbio_subtype	0
TCGA-D8-A1JK	TCGA-BRCA_IDC	Basal	cbio_subtype	0
TCGA-D8-A1JL	TCGA-BRCA_IDC	Basal	cbio_subtype	0
TCGA-D8-A1JM	TCGA-BRCA_IDC	Basal	cbio_subtype	0
TCGA-D8-A1JN	TCGA-BRCA_OTHERS	LumA	cbio_subtype	0
TCGA-D8-A1JP	TCGA-BRCA_IDC	LumA	cbio_subtype	0
TCGA-D8-A1JS	TCGA-BRCA_IDC	LumA	cbio_subtype	0
TCGA-D8-A1JT	TCGA-BRCA_IDC	LumB	cbio_subtype	0
TCGA-D8-A1JU	TCGA-BRCA_IDC	LumA	cbio_subtype	0
TCGA-D8-A1X5	TCGA-BRCA_IDC	LumB	cbio_subtype	0
TCGA-D8-A1X6	TCGA-BRCA_IDC	LumB	cbio_subtype	0
TCGA-D8-A1X7	TCGA-BRCA_IDC	LumB	cbio_subtype	0
TCGA-D8-A1X8	TCGA-BRCA_OTHERS	LumA	cbio_subtype	0
TCGA-D8-A1X9	TCGA-BRCA_IDC	LumA	cbio_subtype	0
TCGA-D8-A1XA	TCGA-BRCA_IDC	LumA	cbio_subtype	0
TCGA-D8-A1XB	TCGA-BRCA_IDC	LumA	cbio_subtype	0
TCGA-D8-A1XC	TCGA-BRCA_OTHERS	LumA	cbio_subtype	0
TCGA-D8-A1XD	TCGA-BRCA_IDC	Unknown	missing	0
TCGA-D8-A1XF	TCGA-BRCA_IDC	LumB	cbio_subtype	0
TCGA-D8-A1XG	TCGA-BRCA_IDC	LumA	cbio_subtype	0
TCGA-D8-A1XJ	TCGA-BRCA_IDC	Her2	cbio_subtype	0
TCGA-D8-A1XK	TCGA-BRCA_IDC	Basal	cbio_subtype	0
TCGA-D8-A1XL	TCGA-BRCA_IDC	LumB	cbio_subtype	0
TCGA-D8-A1XM	TCGA-BRCA_IDC	LumA	cbio_subtype	0
TCGA-D8-A1XO	TCGA-BRCA_OTHERS	LumA	cbio_subtype	0
TCGA-D8-A1XQ	TCGA-BRCA_IDC	Basal	cbio_subtype	0
TCGA-D8-A1XR	TCGA-BRCA_IDC	LumB	cbio_subtype	0
TCGA-D8-A1XS	TCGA-BRCA_OTHERS	Unknown	missing	0
TCGA-D8-A1XT	TCGA-BRCA_IDC	Her2	cbio_subtype	0
TCGA-D8-A1XU	TCGA-BRCA_IDC	LumA	cbio_subtype	0
TCGA-D8-A1XV	TCGA-BRCA_OTHERS	LumA	cbio_subtype	0
TCGA-D8-A1XW	TCGA-BRCA_IDC	Normal	cbio_subtype	0
TCGA-D8-A1XY	TCGA-BRCA_IDC	LumA	cbio_subtype	0
TCGA-D8-A1XZ	TCGA-BRCA_IDC	LumB	cbio_subtype	0
TCGA-D8-A1Y0	TCGA-BRCA_IDC	LumA	cbio_subtype	0
TCGA-D8-A1Y1	TCGA-BRCA_IDC	LumB	cbio_subtype	0
TCGA-D8-A1Y2	TCGA-BRCA_IDC	LumB	cbio_subtype	0
TCGA-D8-A1Y3	TCGA-BRCA_IDC	LumB	cbio_subtype	0
TCGA-D8-A27E	TCGA-BRCA_IDC	LumA	cbio_subtype	0
TCGA-D8-A27F	TCGA-BRCA_IDC	Basal	cbio_subtype	0
TCGA-D8-A27G	TCGA-BRCA_OTHERS	LumA	cbio_subtype	0
TCGA-D8-A27H	TCGA-BRCA_IDC	Basal	cbio_subtype	0
TCGA-D8-A27I	TCGA-BRCA_OTHERS	LumA	cbio_subtype	0
TCGA-D8-A27K	TCGA-BRCA_IDC	LumA	cbio_subtype	0
TCGA-D8-A27L	TCGA-BRCA_IDC	LumA	cbio_subtype	0
TCGA-D8-A27M	TCGA-BRCA_IDC	Basal	cbio_subtype	0
TCGA-D8-A27N	TCGA-BRCA_IDC	LumB	cbio_subtype	0
TCGA-D8-A27P	TCGA-BRCA_IDC	LumA	cbio_subtype	0
TCGA-D8-A27R	TCGA-BRCA_IDC	LumB	cbio_subtype	0
TCGA-D8-A27T	TCGA-BRCA_OTHERS	LumA	cbio_subtype	0
TCGA-D8-A27V	TCGA-BRCA_OTHERS	LumA	cbio_subtype	0
TCGA-D8-A27W	TCGA-BRCA_OTHERS	LumB	cbio_subtype	0
TCGA-D8-A3Z5	TCGA-BRCA_OTHERS	Unknown	missing	0
TCGA-D8-A3Z6	TCGA-BRCA_OTHERS	LumA	cbio_subtype	0
TCGA-D8-A4Z1	TCGA-BRCA_OTHERS	LumA	cbio_subtype	0
TCGA-D8-A73U	TCGA-BRCA_OTHERS	LumA	cbio_subtype	0
TCGA-D8-A73W	TCGA-BRCA_OTHERS	LumA	cbio_subtype	0
TCGA-D8-A73X	TCGA-BRCA_IDC	LumA	cbio_subtype	0
TCGA-E2-A105	TCGA-BRCA_IDC	LumA	cbio_subtype	0
TCGA-E2-A106	TCGA-BRCA_IDC	Unknown	missing	0
TCGA-E2-A107	TCGA-BRCA_OTHERS	LumA	cbio_subtype	0
TCGA-E2-A108	TCGA-BRCA_IDC	Normal	cbio_subtype	0
TCGA-E2-A109	TCGA-BRCA_IDC	LumB	cbio_subtype	0
TCGA-E2-A10A	TCGA-BRCA_IDC	LumA	cbio_subtype	0
TCGA-E2-A10B	TCGA-BRCA_IDC	LumA	cbio_subtype	0
TCGA-E2-A10C	TCGA-BRCA_IDC	LumB	cbio_subtype	0
TCGA-E2-A10E	TCGA-BRCA_IDC	Unknown	missing	0
TCGA-E2-A10F	TCGA-BRCA_OTHERS	LumA	cbio_subtype	0
TCGA-E2-A14N	TCGA-BRCA_IDC	Basal	cbio_subtype	0
TCGA-E2-A14O	TCGA-BRCA_IDC	LumB	cbio_subtype	0
TCGA-E2-A14P	TCGA-BRCA_IDC	Her2	cbio_subtype	0
TCGA-E2-A14Q	TCGA-BRCA_IDC	LumA	cbio_subtype	0
TCGA-E2-A14R	TCGA-BRCA_IDC	Basal	cbio_subtype	0
TCGA-E2-A14S	TCGA-BRCA_IDC	Unknown	missing	0
TCGA-E2-A14T	TCGA-BRCA_IDC	LumA	cbio_subtype	0
TCGA-E2-A14U	TCGA-BRCA_OTHERS	Unknown	missing	0
TCGA-E2-A14V	TCGA-BRCA_IDC	Her2	cbio_subtype	0
TCGA-E2-A14W	TCGA-BRCA_IDC	Unknown	missing	0
TCGA-E2-A14X	TCGA-BRCA_IDC	Basal	cbio_subtype	0
TCGA-E2-A14Y	TCGA-BRCA_IDC	Basal	cbio_subtype	0
TCGA-E2-A14Z	TCGA-BRCA_IDC	LumA	cbio_subtype	0
TCGA-E2-A150	TCGA-BRCA_IDC	Basal	cbio_subtype	0
TCGA-E2-A152	TCGA-BRCA_IDC	Her2	cbio_subtype	0
TCGA-E2-A153	TCGA-BRCA_IDC	LumA	cbio_subtype	0
TCGA-E2-A154	TCGA-BRCA_IDC	LumA	cbio_subtype	0
TCGA-E2-A155	TCGA-BRCA_IDC	LumB	cbio_subtype	0
TCGA-E2-A156	TCGA-BRCA_IDC	LumA	cbio_subtype	0
TCGA-E2-A158	TCGA-BRCA_IDC	Basal	cbio_subtype	0
TCGA-E2-A159	TCGA-BRCA_IDC	Basal	cbio_subtype	0
TCGA-E2-A15A	TCGA-BRCA_IDC	LumB	cbio_subtype	0
TCGA-E2-A15C	TCGA-BRCA_IDC	LumA	cbio_subtype	0
TCGA-E2-A15D	TCGA-BRCA_IDC	LumA	cbio_subtype	0
TCGA-E2-A15E	TCGA-BRCA_IDC	Unknown	missing	0
TCGA-E2-A15F	TCGA-BRCA_IDC	LumA	cbio_subtype	0
TCGA-E2-A15G	TCGA-BRCA_OTHERS	LumA	cbio_subtype	0
TCGA-E2-A15H	TCGA-BRCA_IDC	LumA	cbio_subtype	0
TCGA-E2-A15I	TCGA-BRCA_IDC	LumA	cbio_subtype	0
TCGA-E2-A15J	TCGA-BRCA_IDC	LumA	cbio_subtype	0
TCGA-E2-A15K	TCGA-BRCA_IDC	LumB	cbio_subtype	0
TCGA-E2-A15L	TCGA-BRCA_OTHERS	LumA	cbio_subtype	0
TCGA-E2-A15M	TCGA-BRCA_OTHERS	LumA	cbio_subtype	0
TCGA-E2-A15O	TCGA-BRCA_IDC	LumA	cbio_subtype	0
TCGA-E2-A15P	TCGA-BRCA_IDC	LumA	cbio_subtype	0
TCGA-E2-A15R	TCGA-BRCA_IDC	LumA	cbio_subtype	0
TCGA-E2-A15S	TCGA-BRCA_IDC	LumB	cbio_subtype	0
TCGA-E2-A15T	TCGA-BRCA_IDC	LumB	cbio_subtype	0
TCGA-E2-A1AZ	TCGA-BRCA_IDC	Basal	cbio_subtype	0
TCGA-E2-A1B0	TCGA-BRCA_IDC	Her2	cbio_subtype	0
TCGA-E2-A1B1	TCGA-BRCA_IDC	LumA	cbio_subtype	0
TCGA-E2-A1B4	TCGA-BRCA_IDC	LumA	cbio_subtype	0
TCGA-E2-A1B5	TCGA-BRCA_OTHERS	LumA	cbio_subtype	0
TCGA-E2-A1B6	TCGA-BRCA_IDC	Basal	cbio_subtype	0
TCGA-E2-A1BC	TCGA-BRCA_OTHERS	LumA	cbio_subtype	0
TCGA-E2-A1BD	TCGA-BRCA_IDC	LumA	cbio_subtype	0
TCGA-E2-A1IE	TCGA-BRCA_IDC	LumA	cbio_subtype	0
TCGA-E2-A1IF	TCGA-BRCA_IDC	LumA	cbio_subtype	0
TCGA-E2-A1IG	TCGA-BRCA_IDC	LumA	cbio_subtype	0
TCGA-E2-A1IH	TCGA-BRCA_OTHERS	LumA	cbio_subtype	0
TCGA-E2-A1II	TCGA-BRCA_IDC	Basal	cbio_subtype	0
TCGA-E2-A1IJ	TCGA-BRCA_OTHERS	LumA	cbio_subtype	0
TCGA-E2-A1IK	TCGA-BRCA_IDC	LumA	cbio_subtype	0
TCGA-E2-A1IL	TCGA-BRCA_OTHERS	LumA	cbio_subtype	0
TCGA-E2-A1IN	TCGA-BRCA_IDC	LumA	cbio_subtype	0
TCGA-E2-A1IO	TCGA-BRCA_IDC	LumA	cbio_subtype	0
TCGA-E2-A1IU	TCGA-BRCA_IDC	LumA	cbio_subtype	0
TCGA-E2-A1L6	TCGA-BRCA_IDC	LumA	cbio_subtype	0
TCGA-E2-A1L7	TCGA-BRCA_IDC	LumB	cbio_subtype	0
TCGA-E2-A1L8	TCGA-BRCA_OTHERS	LumA	cbio_subtype	0
TCGA-E2-A1L9	TCGA-BRCA_IDC	LumA	cbio_subtype	0
TCGA-E2-A1LA	TCGA-BRCA_IDC	LumA	cbio_subtype	0
TCGA-E2-A1LB	TCGA-BRCA_IDC	Her2	cbio_subtype	0
TCGA-E2-A1LE	TCGA-BRCA_IDC	Unknown	missing	0
TCGA-E2-A1LG	TCGA-BRCA_OTHERS	Basal	cbio_subtype	0
TCGA-E2-A1LH	TCGA-BRCA_IDC	Basal	cbio_subtype	0
TCGA-E2-A1LI	TCGA-BRCA_IDC	Basal	cbio_subtype	0
TCGA-E2-A1LK	TCGA-BRCA_IDC	Basal	cbio_subtype	0
TCGA-E2-A1LL	TCGA-BRCA_IDC	Basal	cbio_subtype	0
TCGA-E2-A1LS	TCGA-BRCA_IDC	Unknown	missing	0
TCGA-E2-A2P5	TCGA-BRCA_OTHERS	Unknown	missing	0
TCGA-E2-A2P6	TCGA-BRCA_OTHERS	LumA	cbio_subtype	0
TCGA-E2-A3DX	TCGA-BRCA_OTHERS	Unknown	missing	0
TCGA-E2-A56Z	TCGA-BRCA_IDC	LumB	cbio_subtype	0
TCGA-E2-A570	TCGA-BRCA_IDC	LumA	cbio_subtype	0
TCGA-E2-A572	TCGA-BRCA_IDC	Unknown	missing	0
TCGA-E2-A573	TCGA-BRCA_IDC	Basal	cbio_subtype	0
TCGA-E2-A574	TCGA-BRCA_IDC	Basal	cbio_subtype	0
TCGA-E2-A576	TCGA-BRCA_OTHERS	LumA	cbio_subtype	0
TCGA-E2-A9RU	TCGA-BRCA_IDC	LumB	cbio_subtype	0
TCGA-E9-A1N3	TCGA-BRCA_OTHERS	LumA	cbio_subtype	0
TCGA-E9-A1N4	TCGA-BRCA_OTHERS	LumA	cbio_subtype	0
TCGA-E9-A1N5	TCGA-BRCA_OTHERS	LumA	cbio_subtype	0
TCGA-E9-A1N6	TCGA-BRCA_IDC	Unknown	missing	0
TCGA-E9-A1N8	TCGA-BRCA_IDC	Basal	cbio_subtype	0
TCGA-E9-A1N9	TCGA-BRCA_OTHERS	Basal	cbio_subtype	0
TCGA-E9-A1NA	TCGA-BRCA_OTHERS	LumB	cbio_subtype	0
TCGA-E9-A1NC	TCGA-BRCA_OTHERS	Basal	cbio_subtype	0
TCGA-E9-A1ND	TCGA-BRCA_IDC	Basal	cbio_subtype	0
TCGA-E9-A1NE	TCGA-BRCA_OTHERS	LumA	cbio_subtype	0
TCGA-E9-A1NF	TCGA-BRCA_OTHERS	LumB	cbio_subtype	0
TCGA-E9-A1NG	TCGA-BRCA_IDC	LumA	cbio_subtype	0
TCGA-E9-A1NH	TCGA-BRCA_IDC	LumA	cbio_subtype	0
TCGA-E9-A1NI	TCGA-BRCA_OTHERS	LumB	cbio_subtype	0
TCGA-E9-A1QZ	TCGA-BRCA_IDC	LumA	cbio_subtype	0
TCGA-E9-A1R0	TCGA-BRCA_IDC	LumA	cbio_subtype	0
TCGA-E9-A1R2	TCGA-BRCA_IDC	LumA	cbio_subtype	0
TCGA-E9-A1R3	TCGA-BRCA_IDC	LumA	cbio_subtype	0
TCGA-E9-A1R4	TCGA-BRCA_IDC	LumB	cbio_subtype	0
TCGA-E9-A1R5	TCGA-BRCA_IDC	LumA	cbio_subtype	0
TCGA-E9-A1R6	TCGA-BRCA_IDC	LumA	cbio_subtype	0
TCGA-E9-A1R7	TCGA-BRCA_IDC	LumB	cbio_subtype	0
TCGA-E9-A1RA	TCGA-BRCA_IDC	LumA	cbio_subtype	0
TCGA-E9-A1RB	TCGA-BRCA_IDC	LumB	cbio_subtype	0
TCGA-E9-A1RC	TCGA-BRCA_OTHERS	LumA	cbio_subtype	0
TCGA-E9-A1RD	TCGA-BRCA_IDC	LumA	cbio_subtype	0
TCGA-E9-A1RE	TCGA-BRCA_IDC	LumB	cbio_subtype	0
TCGA-E9-A1RF	TCGA-BRCA_IDC	LumA	cbio_subtype	0
TCGA-E9-A1RG	TCGA-BRCA_IDC	LumB	cbio_subtype	0
TCGA-E9-A1RH	TCGA-BRCA_IDC	Her2	cbio_subtype	0
TCGA-E9-A1RI	TCGA-BRCA_OTHERS	LumA	cbio_subtype	0
TCGA-E9-A226	TCGA-BRCA_IDC	LumB	cbio_subtype	0
TCGA-E9-A227	TCGA-BRCA_IDC	LumA	cbio_subtype	0
TCGA-E9-A228	TCGA-BRCA_IDC	LumB	cbio_subtype	0
TCGA-E9-A229	TCGA-BRCA_IDC	LumA	cbio_subtype	0
TCGA-E9-A22A	TCGA-BRCA_IDC	LumB	cbio_subtype	0
TCGA-E9-A22B	TCGA-BRCA_OTHERS	LumA	cbio_subtype	0
TCGA-E9-A22D	TCGA-BRCA_IDC	LumB	cbio_subtype	0
TCGA-E9-A22E	TCGA-BRCA_IDC	LumB	cbio_subtype	0
TCGA-E9-A22G	TCGA-BRCA_IDC	Basal	cbio_subtype	0
TCGA-E9-A22H	TCGA-BRCA_IDC	LumB	cbio_subtype	0
TCGA-E9-A243	TCGA-BRCA_IDC	Basal	cbio_subtype	0
TCGA-E9-A244	TCGA-BRCA_IDC	Basal	cbio_subtype	0
TCGA-E9-A245	TCGA-BRCA_IDC	LumA	cbio_subtype	0
TCGA-E9-A247	TCGA-BRCA_IDC	LumA	cbio_subtype	0
TCGA-E9-A248	TCGA-BRCA_IDC	Her2	cbio_subtype	0
TCGA-E9-A249	TCGA-BRCA_IDC	LumB	cbio_subtype	0
TCGA-E9-A24A	TCGA-BRCA_IDC	LumA	cbio_subtype	0
TCGA-E9-A295	TCGA-BRCA_OTHERS	LumA	cbio_subtype	0
TCGA-E9-A2JS	TCGA-BRCA_OTHERS	LumB	cbio_subtype	0
TCGA-E9-A2JT	TCGA-BRCA_OTHERS	LumA	cbio_subtype	0
TCGA-E9-A3HO	TCGA-BRCA_OTHERS	LumB	cbio_subtype	0
TCGA-E9-A3Q9	TCGA-BRCA_OTHERS	Unknown	missing	0
TCGA-E9-A3QA	TCGA-BRCA_IDC	Basal	cbio_subtype	0
TCGA-E9-A3X8	TCGA-BRCA_OTHERS	LumA	cbio_subtype	0
TCGA-E9-A54X	TCGA-BRCA_OTHERS	Unknown	missing	0
TCGA-E9-A54Y	TCGA-BRCA_OTHERS	LumB	cbio_subtype	0
TCGA-E9-A5FK	TCGA-BRCA_OTHERS	LumA	cbio_subtype	0
TCGA-E9-A5FL	TCGA-BRCA_OTHERS	Basal	cbio_subtype	0
TCGA-E9-A5UO	TCGA-BRCA_OTHERS	LumB	cbio_subtype	0
TCGA-E9-A5UP	TCGA-BRCA_IDC	Unknown	missing	0
TCGA-E9-A6HE	TCGA-BRCA_OTHERS	LumA	cbio_subtype	0
TCGA-EW-A1IW	TCGA-BRCA_OTHERS	LumA	cbio_subtype	0
TCGA-EW-A1IX	TCGA-BRCA_OTHERS	LumA	cbio_subtype	0
TCGA-EW-A1IY	TCGA-BRCA_IDC	LumB	cbio_subtype	0
TCGA-EW-A1IZ	TCGA-BRCA_IDC	LumA	cbio_subtype	0
TCGA-EW-A1J1	TCGA-BRCA_IDC	LumA	cbio_subtype	0
TCGA-EW-A1J2	TCGA-BRCA_OTHERS	LumA	cbio_subtype	0
TCGA-EW-A1J3	TCGA-BRCA_OTHERS	LumA	cbio_subtype	0
TCGA-EW-A1J5	TCGA-BRCA_OTHERS	LumA	cbio_subtype	0
TCGA-EW-A1J6	TCGA-BRCA_IDC	LumB	cbio_subtype	0
TCGA-EW-A1OV	TCGA-BRCA_IDC	Her2	cbio_subtype	0
TCGA-EW-A1OW	TCGA-BRCA_OTHERS	Unknown	missing	0
TCGA-EW-A1OX	TCGA-BRCA_IDC	LumB	cbio_subtype	0
TCGA-EW-A1OY	TCGA-BRCA_IDC	LumB	cbio_subtype	0
TCGA-EW-A1OZ	TCGA-BRCA_IDC	LumB	cbio_subtype	0
TCGA-EW-A1P0	TCGA-BRCA_IDC	LumB	cbio_subtype	0
TCGA-EW-A1P1	TCGA-BRCA_IDC	Normal	cbio_subtype	0
TCGA-EW-A1P3	TCGA-BRCA_IDC	LumA	cbio_subtype	0
TCGA-EW-A1P4	TCGA-BRCA_IDC	Basal	cbio_subtype	0
TCGA-EW-A1P5	TCGA-BRCA_IDC	LumA	cbio_subtype	0
TCGA-EW-A1P6	TCGA-BRCA_IDC	LumA	cbio_subtype	0
TCGA-EW-A1P7	TCGA-BRCA_IDC	Normal	cbio_subtype	0
TCGA-EW-A1P8	TCGA-BRCA_IDC	Basal	cbio_subtype	0
TCGA-EW-A1PA	TCGA-BRCA_IDC	LumA	cbio_subtype	0
TCGA-EW-A1PB	TCGA-BRCA_IDC	Basal	cbio_subtype	0
TCGA-EW-A1PC	TCGA-BRCA_IDC	Unknown	missing	0
TCGA-EW-A1PD	TCGA-BRCA_IDC	Unknown	missing	0
TCGA-EW-A1PE	TCGA-BRCA_OTHERS	LumA	cbio_subtype	0
TCGA-EW-A1PF	TCGA-BRCA_IDC	Unknown	missing	0
TCGA-EW-A1PG	TCGA-BRCA_OTHERS	Normal	cbio_subtype	0
TCGA-EW-A1PH	TCGA-BRCA_IDC	Basal	cbio_subtype	0
TCGA-EW-A2FR	TCGA-BRCA_IDC	Her2	cbio_subtype	0
TCGA-EW-A2FS	TCGA-BRCA_IDC	LumA	cbio_subtype	0
TCGA-EW-A2FV	TCGA-BRCA_OTHERS	LumA	cbio_subtype	0
TCGA-EW-A2FW	TCGA-BRCA_IDC	LumB	cbio_subtype	0
TCGA-EW-A3E8	TCGA-BRCA_OTHERS	Unknown	missing	0
TCGA-EW-A3U0	TCGA-BRCA_IDC	Unknown	missing	0
TCGA-EW-A423	TCGA-BRCA_OTHERS	LumA	cbio_subtype	0
TCGA-EW-A424	TCGA-BRCA_OTHERS	Unknown	missing	0
TCGA-EW-A6S9	TCGA-BRCA_IDC	LumA	cbio_subtype	0
TCGA-EW-A6SA	TCGA-BRCA_IDC	Unknown	missing	0
TCGA-EW-A6SB	TCGA-BRCA_IDC	Basal	cbio_subtype	0
TCGA-EW-A6SC	TCGA-BRCA_OTHERS	LumA	cbio_subtype	0
TCGA-EW-A6SD	TCGA-BRCA_IDC	Her2	cbio_subtype	0
TCGA-GI-A2C8	TCGA-BRCA_IDC	LumA	cbio_subtype	0
TCGA-GI-A2C9	TCGA-BRCA_IDC	Unknown	missing	0
TCGA-GM-A2D9	TCGA-BRCA_IDC	LumA	cbio_subtype	0
TCGA-GM-A2DA	TCGA-BRCA_IDC	LumA	cbio_subtype	0
TCGA-GM-A2DB	TCGA-BRCA_IDC	Her2	cbio_subtype	0
TCGA-GM-A2DC	TCGA-BRCA_IDC	LumA	cbio_subtype	0
TCGA-GM-A2DD	TCGA-BRCA_IDC	Normal	cbio_subtype	0
TCGA-GM-A2DF	TCGA-BRCA_IDC	Basal	cbio_subtype	0
TCGA-GM-A2DH	TCGA-BRCA_IDC	Her2	cbio_subtype	0
TCGA-GM-A2DI	TCGA-BRCA_IDC	LumA	cbio_subtype	0
TCGA-GM-A2DK	TCGA-BRCA_IDC	LumA	cbio_subtype	0
TCGA-GM-A2DL	TCGA-BRCA_IDC	LumA	cbio_subtype	0
TCGA-GM-A2DM	TCGA-BRCA_IDC	LumA	cbio_subtype	0
TCGA-GM-A2DN	TCGA-BRCA_IDC	LumA	cbio_subtype	0
TCGA-GM-A2DO	TCGA-BRCA_OTHERS	LumB	cbio_subtype	0
TCGA-GM-A3NW	TCGA-BRCA_OTHERS	LumA	cbio_subtype	0
TCGA-GM-A3NY	TCGA-BRCA_OTHERS	Unknown	missing	0
TCGA-GM-A3XG	TCGA-BRCA_OTHERS	Unknown	missing	0
TCGA-GM-A3XL	TCGA-BRCA_IDC	Basal	cbio_subtype	0
TCGA-GM-A3XN	TCGA-BRCA_OTHERS	Unknown	missing	0
TCGA-GM-A4E0	TCGA-BRCA_OTHERS	LumA	cbio_subtype	0
TCGA-HN-A2NL	TCGA-BRCA_OTHERS	Basal	cbio_subtype	0
TCGA-HN-A2OB	TCGA-BRCA_OTHERS	LumA	cbio_subtype	0
TCGA-JL-A3YW	TCGA-BRCA_OTHERS	Unknown	missing	0
TCGA-JL-A3YX	TCGA-BRCA_OTHERS	LumA	cbio_subtype	0
TCGA-LD-A66U	TCGA-BRCA_OTHERS	LumA	cbio_subtype	0
TCGA-LD-A74U	TCGA-BRCA_OTHERS	LumA	cbio_subtype	0
TCGA-LD-A7W5	TCGA-BRCA_IDC	LumA	cbio_subtype	0
TCGA-LD-A7W6	TCGA-BRCA_OTHERS	LumA	cbio_subtype	0
TCGA-LD-A9QF	TCGA-BRCA_IDC	Normal	cbio_subtype	0
TCGA-LL-A440	TCGA-BRCA_OTHERS	LumA	cbio_subtype	0
TCGA-LL-A441	TCGA-BRCA_IDC	Unknown	missing	0
TCGA-LL-A442	TCGA-BRCA_IDC	Unknown	missing	0
TCGA-LL-A50Y	TCGA-BRCA_OTHERS	LumA	cbio_subtype	0
TCGA-LL-A5YL	TCGA-BRCA_OTHERS	LumA	cbio_subtype	0
TCGA-LL-A5YM	TCGA-BRCA_OTHERS	LumB	cbio_subtype	0
TCGA-LL-A5YN	TCGA-BRCA_IDC	LumA	cbio_subtype	0
TCGA-LL-A5YO	TCGA-BRCA_IDC	Her2	cbio_subtype	0
TCGA-LL-A5YP	TCGA-BRCA_IDC	Basal	cbio_subtype	0
TCGA-LL-A6FP	TCGA-BRCA_OTHERS	LumA	cbio_subtype	0
TCGA-LL-A6FQ	TCGA-BRCA_IDC	LumA	cbio_subtype	0
TCGA-LL-A6FR	TCGA-BRCA_IDC	Basal	cbio_subtype	0
TCGA-LL-A73Y	TCGA-BRCA_IDC	Basal	cbio_subtype	0
TCGA-LL-A73Z	TCGA-BRCA_IDC	Normal	cbio_subtype	0
TCGA-LL-A740	TCGA-BRCA_IDC	LumA	cbio_subtype	0
TCGA-LL-A7SZ	TCGA-BRCA_IDC	LumA	cbio_subtype	0
TCGA-LL-A7T0	TCGA-BRCA_IDC	LumB	cbio_subtype	0
TCGA-LL-A8F5	TCGA-BRCA_IDC	Basal	cbio_subtype	0
TCGA-LL-A9Q3	TCGA-BRCA_OTHERS	LumA	cbio_subtype	0
TCGA-LQ-A4E4	TCGA-BRCA_OTHERS	Unknown	missing	0
TCGA-MS-A51U	TCGA-BRCA_OTHERS	Unknown	missing	0
TCGA-OK-A5Q2	TCGA-BRCA_OTHERS	LumA	cbio_subtype	0
TCGA-OL-A5D6	TCGA-BRCA_IDC	Normal	cbio_subtype	0
TCGA-OL-A5D7	TCGA-BRCA_IDC	Basal	cbio_subtype	0
TCGA-OL-A5D8	TCGA-BRCA_IDC	LumA	cbio_subtype	0
TCGA-OL-A5DA	TCGA-BRCA_OTHERS	LumA	cbio_subtype	0
TCGA-OL-A66H	TCGA-BRCA_OTHERS	LumA	cbio_subtype	0
TCGA-OL-A66I	TCGA-BRCA_IDC	Basal	cbio_subtype	0
TCGA-OL-A66J	TCGA-BRCA_OTHERS	LumA	cbio_subtype	0
TCGA-OL-A66K	TCGA-BRCA_OTHERS	LumA	cbio_subtype	0
TCGA-OL-A66L	TCGA-BRCA_IDC	LumA	cbio_subtype	0
TCGA-OL-A66N	TCGA-BRCA_OTHERS	LumA	cbio_subtype	0
TCGA-OL-A66O	TCGA-BRCA_IDC	LumA	cbio_subtype	0
TCGA-OL-A66P	TCGA-BRCA_IDC	Her2	cbio_subtype	0
TCGA-OL-A6VO	TCGA-BRCA_IDC	Basal	cbio_subtype	0
TCGA-OL-A6VQ	TCGA-BRCA_OTHERS	LumA	cbio_subtype	0
TCGA-OL-A97C	TCGA-BRCA_OTHERS	Normal	cbio_subtype	0
TCGA-PE-A5DC	TCGA-BRCA_OTHERS	LumA	cbio_subtype	0
TCGA-PE-A5DD	TCGA-BRCA_OTHERS	LumA	cbio_subtype	0
TCGA-PE-A5DE	TCGA-BRCA_OTHERS	LumA	cbio_subtype	0
TCGA-PL-A8LV	TCGA-BRCA_IDC	Basal	cbio_subtype	0
TCGA-PL-A8LX	TCGA-BRCA_IDC	LumA	cbio_subtype	0
TCGA-PL-A8LY	TCGA-BRCA_IDC	Normal	cbio_subtype	0
TCGA-PL-A8LZ	TCGA-BRCA_IDC	Basal	cbio_subtype	0
TCGA-S3-A6ZF	TCGA-BRCA_IDC	LumB	cbio_subtype	0
TCGA-S3-A6ZG	TCGA-BRCA_OTHERS	LumA	cbio_subtype	0
TCGA-S3-A6ZH	TCGA-BRCA_IDC	LumA	cbio_subtype	0
TCGA-S3-AA0Z	TCGA-BRCA_IDC	Basal	cbio_subtype	0
TCGA-S3-AA10	TCGA-BRCA_IDC	Basal	cbio_subtype	0
TCGA-S3-AA11	TCGA-BRCA_IDC	LumA	cbio_subtype	0
TCGA-S3-AA12	TCGA-BRCA_IDC	LumA	cbio_subtype	0
TCGA-S3-AA14	TCGA-BRCA_IDC	LumA	cbio_subtype	0
TCGA-S3-AA15	TCGA-BRCA_IDC	Basal	cbio_subtype	0
TCGA-S3-AA17	TCGA-BRCA_IDC	LumB	cbio_subtype	0
TCGA-UL-AAZ6	TCGA-BRCA_IDC	LumA	cbio_subtype	0
TCGA-UU-A93S	TCGA-BRCA_IDC	Her2	cbio_subtype	0
TCGA-W8-A86G	TCGA-BRCA_OTHERS	LumA	cbio_subtype	0
TCGA-WT-AB41	TCGA-BRCA_IDC	LumA	cbio_subtype	0
TCGA-WT-AB44	TCGA-BRCA_OTHERS	LumA	cbio_subtype	0
TCGA-XX-A899	TCGA-BRCA_OTHERS	LumA	cbio_subtype	0
TCGA-XX-A89A	TCGA-BRCA_OTHERS	LumA	cbio_subtype	0
TCGA-Z7-A8R5	TCGA-BRCA_OTHERS	LumA	cbio_subtype	0
TCGA-Z7-A8R6	TCGA-BRCA_IDC	LumB	cbio_subtype	0
