run_name,attention_percentile,expansion_method,neighbor_similarity_space,pred,prob_pos,high_importance_cell_count,seed_selected_cell_count,neighbor_expanded_cell_count,sae_expanded_cell_count,connected_support_added_cell_count,gap_fill_added_cell_count,selected_cell_count,high_importance_cells_local,seed_selected_cells_local,selected_cells_local,overlay_path
attn_p75p0__seed_only,75.0,seed_only,feature,1,0.9752721190452576,16,7,0,0,0,0,7,"3,0;4,0;0,1;3,1;4,1;3,2;3,3;4,3;2,4;7,4;1,5;1,6;3,6;2,7;6,7;7,7","3,0;3,1;2,4;1,5;1,6;2,7;6,7","3,0;3,1;2,4;1,5;1,6;2,7;6,7",/common/users/wq50/wsi_cf/artifacts/showcase_regions/TCGA-P3-A5QE-01Z-00-DX1_top_right_2048_exploration/attn_p75p0__seed_only/importance_overlay.png
attn_p75p0__feature_neighbors,75.0,feature_neighbors,feature,1,0.9752721190452576,16,7,0,0,0,0,7,"3,0;4,0;0,1;3,1;4,1;3,2;3,3;4,3;2,4;7,4;1,5;1,6;3,6;2,7;6,7;7,7","3,0;3,1;2,4;1,5;1,6;2,7;6,7","3,0;3,1;2,4;1,5;1,6;2,7;6,7",/common/users/wq50/wsi_cf/artifacts/showcase_regions/TCGA-P3-A5QE-01Z-00-DX1_top_right_2048_exploration/attn_p75p0__feature_neighbors/importance_overlay.png
attn_p75p0__sae_neighbors,75.0,sae_neighbors,sae,1,0.9752721190452576,16,7,0,0,0,0,7,"3,0;4,0;0,1;3,1;4,1;3,2;3,3;4,3;2,4;7,4;1,5;1,6;3,6;2,7;6,7;7,7","3,0;3,1;2,4;1,5;1,6;2,7;6,7","3,0;3,1;2,4;1,5;1,6;2,7;6,7",/common/users/wq50/wsi_cf/artifacts/showcase_regions/TCGA-P3-A5QE-01Z-00-DX1_top_right_2048_exploration/attn_p75p0__sae_neighbors/importance_overlay.png
attn_p75p0__connected_support,75.0,connected_support,feature,1,0.9752721190452576,16,7,0,0,6,0,13,"3,0;4,0;0,1;3,1;4,1;3,2;3,3;4,3;2,4;7,4;1,5;1,6;3,6;2,7;6,7;7,7","3,0;3,1;2,4;1,5;1,6;2,7;6,7","3,0;4,0;3,1;4,1;3,2;3,3;4,3;2,4;1,5;1,6;2,7;6,7;7,7",/common/users/wq50/wsi_cf/artifacts/showcase_regions/TCGA-P3-A5QE-01Z-00-DX1_top_right_2048_exploration/attn_p75p0__connected_support/importance_overlay.png
attn_p75p0__feature_plus_connected,75.0,feature_plus_connected,feature,1,0.9752721190452576,16,7,0,0,6,0,13,"3,0;4,0;0,1;3,1;4,1;3,2;3,3;4,3;2,4;7,4;1,5;1,6;3,6;2,7;6,7;7,7","3,0;3,1;2,4;1,5;1,6;2,7;6,7","3,0;4,0;3,1;4,1;3,2;3,3;4,3;2,4;1,5;1,6;2,7;6,7;7,7",/common/users/wq50/wsi_cf/artifacts/showcase_regions/TCGA-P3-A5QE-01Z-00-DX1_top_right_2048_exploration/attn_p75p0__feature_plus_connected/importance_overlay.png
attn_p75p0__sae_plus_connected,75.0,sae_plus_connected,sae,1,0.9752721190452576,16,7,0,0,6,0,13,"3,0;4,0;0,1;3,1;4,1;3,2;3,3;4,3;2,4;7,4;1,5;1,6;3,6;2,7;6,7;7,7","3,0;3,1;2,4;1,5;1,6;2,7;6,7","3,0;4,0;3,1;4,1;3,2;3,3;4,3;2,4;1,5;1,6;2,7;6,7;7,7",/common/users/wq50/wsi_cf/artifacts/showcase_regions/TCGA-P3-A5QE-01Z-00-DX1_top_right_2048_exploration/attn_p75p0__sae_plus_connected/importance_overlay.png
attn_p75p0__full_stack_feature,75.0,full_stack_feature,feature,1,0.9752721190452576,16,7,0,0,6,19,32,"3,0;4,0;0,1;3,1;4,1;3,2;3,3;4,3;2,4;7,4;1,5;1,6;3,6;2,7;6,7;7,7","3,0;3,1;2,4;1,5;1,6;2,7;6,7","2,0;3,0;4,0;1,1;2,1;3,1;4,1;1,2;2,2;3,2;4,2;1,3;2,3;3,3;4,3;1,4;2,4;3,4;4,4;1,5;2,5;3,5;4,5;1,6;2,6;3,6;4,6;1,7;2,7;3,7;6,7;7,7",/common/users/wq50/wsi_cf/artifacts/showcase_regions/TCGA-P3-A5QE-01Z-00-DX1_top_right_2048_exploration/attn_p75p0__full_stack_feature/importance_overlay.png
attn_p75p0__full_stack_sae,75.0,full_stack_sae,sae,1,0.9752721190452576,16,7,0,0,6,19,32,"3,0;4,0;0,1;3,1;4,1;3,2;3,3;4,3;2,4;7,4;1,5;1,6;3,6;2,7;6,7;7,7","3,0;3,1;2,4;1,5;1,6;2,7;6,7","2,0;3,0;4,0;1,1;2,1;3,1;4,1;1,2;2,2;3,2;4,2;1,3;2,3;3,3;4,3;1,4;2,4;3,4;4,4;1,5;2,5;3,5;4,5;1,6;2,6;3,6;4,6;1,7;2,7;3,7;6,7;7,7",/common/users/wq50/wsi_cf/artifacts/showcase_regions/TCGA-P3-A5QE-01Z-00-DX1_top_right_2048_exploration/attn_p75p0__full_stack_sae/importance_overlay.png
attn_p80p0__seed_only,80.0,seed_only,feature,1,0.9752721190452576,13,6,0,0,0,0,6,"3,0;4,0;0,1;3,1;4,1;3,2;4,3;2,4;1,5;1,6;2,7;6,7;7,7","3,0;2,4;1,5;1,6;2,7;6,7","3,0;2,4;1,5;1,6;2,7;6,7",/common/users/wq50/wsi_cf/artifacts/showcase_regions/TCGA-P3-A5QE-01Z-00-DX1_top_right_2048_exploration/attn_p80p0__seed_only/importance_overlay.png
attn_p80p0__feature_neighbors,80.0,feature_neighbors,feature,1,0.9752721190452576,13,6,0,0,0,0,6,"3,0;4,0;0,1;3,1;4,1;3,2;4,3;2,4;1,5;1,6;2,7;6,7;7,7","3,0;2,4;1,5;1,6;2,7;6,7","3,0;2,4;1,5;1,6;2,7;6,7",/common/users/wq50/wsi_cf/artifacts/showcase_regions/TCGA-P3-A5QE-01Z-00-DX1_top_right_2048_exploration/attn_p80p0__feature_neighbors/importance_overlay.png
attn_p80p0__sae_neighbors,80.0,sae_neighbors,sae,1,0.9752721190452576,13,6,0,0,0,0,6,"3,0;4,0;0,1;3,1;4,1;3,2;4,3;2,4;1,5;1,6;2,7;6,7;7,7","3,0;2,4;1,5;1,6;2,7;6,7","3,0;2,4;1,5;1,6;2,7;6,7",/common/users/wq50/wsi_cf/artifacts/showcase_regions/TCGA-P3-A5QE-01Z-00-DX1_top_right_2048_exploration/attn_p80p0__sae_neighbors/importance_overlay.png
attn_p80p0__connected_support,80.0,connected_support,feature,1,0.9752721190452576,13,6,0,0,5,0,11,"3,0;4,0;0,1;3,1;4,1;3,2;4,3;2,4;1,5;1,6;2,7;6,7;7,7","3,0;2,4;1,5;1,6;2,7;6,7","3,0;4,0;3,1;4,1;3,2;2,4;1,5;1,6;2,7;6,7;7,7",/common/users/wq50/wsi_cf/artifacts/showcase_regions/TCGA-P3-A5QE-01Z-00-DX1_top_right_2048_exploration/attn_p80p0__connected_support/importance_overlay.png
attn_p80p0__feature_plus_connected,80.0,feature_plus_connected,feature,1,0.9752721190452576,13,6,0,0,5,0,11,"3,0;4,0;0,1;3,1;4,1;3,2;4,3;2,4;1,5;1,6;2,7;6,7;7,7","3,0;2,4;1,5;1,6;2,7;6,7","3,0;4,0;3,1;4,1;3,2;2,4;1,5;1,6;2,7;6,7;7,7",/common/users/wq50/wsi_cf/artifacts/showcase_regions/TCGA-P3-A5QE-01Z-00-DX1_top_right_2048_exploration/attn_p80p0__feature_plus_connected/importance_overlay.png
attn_p80p0__sae_plus_connected,80.0,sae_plus_connected,sae,1,0.9752721190452576,13,6,0,0,5,0,11,"3,0;4,0;0,1;3,1;4,1;3,2;4,3;2,4;1,5;1,6;2,7;6,7;7,7","3,0;2,4;1,5;1,6;2,7;6,7","3,0;4,0;3,1;4,1;3,2;2,4;1,5;1,6;2,7;6,7;7,7",/common/users/wq50/wsi_cf/artifacts/showcase_regions/TCGA-P3-A5QE-01Z-00-DX1_top_right_2048_exploration/attn_p80p0__sae_plus_connected/importance_overlay.png
attn_p80p0__full_stack_feature,80.0,full_stack_feature,feature,1,0.9752721190452576,13,6,0,0,5,5,16,"3,0;4,0;0,1;3,1;4,1;3,2;4,3;2,4;1,5;1,6;2,7;6,7;7,7","3,0;2,4;1,5;1,6;2,7;6,7","3,0;4,0;3,1;4,1;3,2;4,2;1,4;2,4;1,5;2,5;1,6;2,6;1,7;2,7;6,7;7,7",/common/users/wq50/wsi_cf/artifacts/showcase_regions/TCGA-P3-A5QE-01Z-00-DX1_top_right_2048_exploration/attn_p80p0__full_stack_feature/importance_overlay.png
attn_p80p0__full_stack_sae,80.0,full_stack_sae,sae,1,0.9752721190452576,13,6,0,0,5,5,16,"3,0;4,0;0,1;3,1;4,1;3,2;4,3;2,4;1,5;1,6;2,7;6,7;7,7","3,0;2,4;1,5;1,6;2,7;6,7","3,0;4,0;3,1;4,1;3,2;4,2;1,4;2,4;1,5;2,5;1,6;2,6;1,7;2,7;6,7;7,7",/common/users/wq50/wsi_cf/artifacts/showcase_regions/TCGA-P3-A5QE-01Z-00-DX1_top_right_2048_exploration/attn_p80p0__full_stack_sae/importance_overlay.png
attn_p85p0__seed_only,85.0,seed_only,feature,1,0.9752721190452576,10,6,0,0,0,0,6,"3,0;3,1;3,2;4,3;2,4;1,5;1,6;2,7;6,7;7,7","3,0;2,4;1,5;1,6;2,7;6,7","3,0;2,4;1,5;1,6;2,7;6,7",/common/users/wq50/wsi_cf/artifacts/showcase_regions/TCGA-P3-A5QE-01Z-00-DX1_top_right_2048_exploration/attn_p85p0__seed_only/importance_overlay.png
attn_p85p0__feature_neighbors,85.0,feature_neighbors,feature,1,0.9752721190452576,10,6,0,0,0,0,6,"3,0;3,1;3,2;4,3;2,4;1,5;1,6;2,7;6,7;7,7","3,0;2,4;1,5;1,6;2,7;6,7","3,0;2,4;1,5;1,6;2,7;6,7",/common/users/wq50/wsi_cf/artifacts/showcase_regions/TCGA-P3-A5QE-01Z-00-DX1_top_right_2048_exploration/attn_p85p0__feature_neighbors/importance_overlay.png
attn_p85p0__sae_neighbors,85.0,sae_neighbors,sae,1,0.9752721190452576,10,6,0,0,0,0,6,"3,0;3,1;3,2;4,3;2,4;1,5;1,6;2,7;6,7;7,7","3,0;2,4;1,5;1,6;2,7;6,7","3,0;2,4;1,5;1,6;2,7;6,7",/common/users/wq50/wsi_cf/artifacts/showcase_regions/TCGA-P3-A5QE-01Z-00-DX1_top_right_2048_exploration/attn_p85p0__sae_neighbors/importance_overlay.png
attn_p85p0__connected_support,85.0,connected_support,feature,1,0.9752721190452576,10,6,0,0,3,0,9,"3,0;3,1;3,2;4,3;2,4;1,5;1,6;2,7;6,7;7,7","3,0;2,4;1,5;1,6;2,7;6,7","3,0;3,1;3,2;2,4;1,5;1,6;2,7;6,7;7,7",/common/users/wq50/wsi_cf/artifacts/showcase_regions/TCGA-P3-A5QE-01Z-00-DX1_top_right_2048_exploration/attn_p85p0__connected_support/importance_overlay.png
attn_p85p0__feature_plus_connected,85.0,feature_plus_connected,feature,1,0.9752721190452576,10,6,0,0,3,0,9,"3,0;3,1;3,2;4,3;2,4;1,5;1,6;2,7;6,7;7,7","3,0;2,4;1,5;1,6;2,7;6,7","3,0;3,1;3,2;2,4;1,5;1,6;2,7;6,7;7,7",/common/users/wq50/wsi_cf/artifacts/showcase_regions/TCGA-P3-A5QE-01Z-00-DX1_top_right_2048_exploration/attn_p85p0__feature_plus_connected/importance_overlay.png
attn_p85p0__sae_plus_connected,85.0,sae_plus_connected,sae,1,0.9752721190452576,10,6,0,0,3,0,9,"3,0;3,1;3,2;4,3;2,4;1,5;1,6;2,7;6,7;7,7","3,0;2,4;1,5;1,6;2,7;6,7","3,0;3,1;3,2;2,4;1,5;1,6;2,7;6,7;7,7",/common/users/wq50/wsi_cf/artifacts/showcase_regions/TCGA-P3-A5QE-01Z-00-DX1_top_right_2048_exploration/attn_p85p0__sae_plus_connected/importance_overlay.png
attn_p85p0__full_stack_feature,85.0,full_stack_feature,feature,1,0.9752721190452576,10,6,0,0,3,4,13,"3,0;3,1;3,2;4,3;2,4;1,5;1,6;2,7;6,7;7,7","3,0;2,4;1,5;1,6;2,7;6,7","3,0;3,1;3,2;1,4;2,4;1,5;2,5;1,6;2,6;1,7;2,7;6,7;7,7",/common/users/wq50/wsi_cf/artifacts/showcase_regions/TCGA-P3-A5QE-01Z-00-DX1_top_right_2048_exploration/attn_p85p0__full_stack_feature/importance_overlay.png
attn_p85p0__full_stack_sae,85.0,full_stack_sae,sae,1,0.9752721190452576,10,6,0,0,3,4,13,"3,0;3,1;3,2;4,3;2,4;1,5;1,6;2,7;6,7;7,7","3,0;2,4;1,5;1,6;2,7;6,7","3,0;3,1;3,2;1,4;2,4;1,5;2,5;1,6;2,6;1,7;2,7;6,7;7,7",/common/users/wq50/wsi_cf/artifacts/showcase_regions/TCGA-P3-A5QE-01Z-00-DX1_top_right_2048_exploration/attn_p85p0__full_stack_sae/importance_overlay.png
attn_p90p0__seed_only,90.0,seed_only,feature,1,0.9752721190452576,9,6,0,0,0,0,6,"3,0;3,1;3,2;2,4;1,5;1,6;2,7;6,7;7,7","3,0;2,4;1,5;1,6;2,7;6,7","3,0;2,4;1,5;1,6;2,7;6,7",/common/users/wq50/wsi_cf/artifacts/showcase_regions/TCGA-P3-A5QE-01Z-00-DX1_top_right_2048_exploration/attn_p90p0__seed_only/importance_overlay.png
attn_p90p0__feature_neighbors,90.0,feature_neighbors,feature,1,0.9752721190452576,9,6,0,0,0,0,6,"3,0;3,1;3,2;2,4;1,5;1,6;2,7;6,7;7,7","3,0;2,4;1,5;1,6;2,7;6,7","3,0;2,4;1,5;1,6;2,7;6,7",/common/users/wq50/wsi_cf/artifacts/showcase_regions/TCGA-P3-A5QE-01Z-00-DX1_top_right_2048_exploration/attn_p90p0__feature_neighbors/importance_overlay.png
attn_p90p0__sae_neighbors,90.0,sae_neighbors,sae,1,0.9752721190452576,9,6,0,0,0,0,6,"3,0;3,1;3,2;2,4;1,5;1,6;2,7;6,7;7,7","3,0;2,4;1,5;1,6;2,7;6,7","3,0;2,4;1,5;1,6;2,7;6,7",/common/users/wq50/wsi_cf/artifacts/showcase_regions/TCGA-P3-A5QE-01Z-00-DX1_top_right_2048_exploration/attn_p90p0__sae_neighbors/importance_overlay.png
attn_p90p0__connected_support,90.0,connected_support,feature,1,0.9752721190452576,9,6,0,0,3,0,9,"3,0;3,1;3,2;2,4;1,5;1,6;2,7;6,7;7,7","3,0;2,4;1,5;1,6;2,7;6,7","3,0;3,1;3,2;2,4;1,5;1,6;2,7;6,7;7,7",/common/users/wq50/wsi_cf/artifacts/showcase_regions/TCGA-P3-A5QE-01Z-00-DX1_top_right_2048_exploration/attn_p90p0__connected_support/importance_overlay.png
attn_p90p0__feature_plus_connected,90.0,feature_plus_connected,feature,1,0.9752721190452576,9,6,0,0,3,0,9,"3,0;3,1;3,2;2,4;1,5;1,6;2,7;6,7;7,7","3,0;2,4;1,5;1,6;2,7;6,7","3,0;3,1;3,2;2,4;1,5;1,6;2,7;6,7;7,7",/common/users/wq50/wsi_cf/artifacts/showcase_regions/TCGA-P3-A5QE-01Z-00-DX1_top_right_2048_exploration/attn_p90p0__feature_plus_connected/importance_overlay.png
attn_p90p0__sae_plus_connected,90.0,sae_plus_connected,sae,1,0.9752721190452576,9,6,0,0,3,0,9,"3,0;3,1;3,2;2,4;1,5;1,6;2,7;6,7;7,7","3,0;2,4;1,5;1,6;2,7;6,7","3,0;3,1;3,2;2,4;1,5;1,6;2,7;6,7;7,7",/common/users/wq50/wsi_cf/artifacts/showcase_regions/TCGA-P3-A5QE-01Z-00-DX1_top_right_2048_exploration/attn_p90p0__sae_plus_connected/importance_overlay.png
attn_p90p0__full_stack_feature,90.0,full_stack_feature,feature,1,0.9752721190452576,9,6,0,0,3,4,13,"3,0;3,1;3,2;2,4;1,5;1,6;2,7;6,7;7,7","3,0;2,4;1,5;1,6;2,7;6,7","3,0;3,1;3,2;1,4;2,4;1,5;2,5;1,6;2,6;1,7;2,7;6,7;7,7",/common/users/wq50/wsi_cf/artifacts/showcase_regions/TCGA-P3-A5QE-01Z-00-DX1_top_right_2048_exploration/attn_p90p0__full_stack_feature/importance_overlay.png
attn_p90p0__full_stack_sae,90.0,full_stack_sae,sae,1,0.9752721190452576,9,6,0,0,3,4,13,"3,0;3,1;3,2;2,4;1,5;1,6;2,7;6,7;7,7","3,0;2,4;1,5;1,6;2,7;6,7","3,0;3,1;3,2;1,4;2,4;1,5;2,5;1,6;2,6;1,7;2,7;6,7;7,7",/common/users/wq50/wsi_cf/artifacts/showcase_regions/TCGA-P3-A5QE-01Z-00-DX1_top_right_2048_exploration/attn_p90p0__full_stack_sae/importance_overlay.png
attn_p95p0__seed_only,95.0,seed_only,feature,1,0.9752721190452576,8,6,0,0,0,0,6,"3,0;3,1;2,4;1,5;1,6;2,7;6,7;7,7","3,0;2,4;1,5;1,6;2,7;6,7","3,0;2,4;1,5;1,6;2,7;6,7",/common/users/wq50/wsi_cf/artifacts/showcase_regions/TCGA-P3-A5QE-01Z-00-DX1_top_right_2048_exploration/attn_p95p0__seed_only/importance_overlay.png
attn_p95p0__feature_neighbors,95.0,feature_neighbors,feature,1,0.9752721190452576,8,6,0,0,0,0,6,"3,0;3,1;2,4;1,5;1,6;2,7;6,7;7,7","3,0;2,4;1,5;1,6;2,7;6,7","3,0;2,4;1,5;1,6;2,7;6,7",/common/users/wq50/wsi_cf/artifacts/showcase_regions/TCGA-P3-A5QE-01Z-00-DX1_top_right_2048_exploration/attn_p95p0__feature_neighbors/importance_overlay.png
attn_p95p0__sae_neighbors,95.0,sae_neighbors,sae,1,0.9752721190452576,8,6,0,0,0,0,6,"3,0;3,1;2,4;1,5;1,6;2,7;6,7;7,7","3,0;2,4;1,5;1,6;2,7;6,7","3,0;2,4;1,5;1,6;2,7;6,7",/common/users/wq50/wsi_cf/artifacts/showcase_regions/TCGA-P3-A5QE-01Z-00-DX1_top_right_2048_exploration/attn_p95p0__sae_neighbors/importance_overlay.png
attn_p95p0__connected_support,95.0,connected_support,feature,1,0.9752721190452576,8,6,0,0,2,0,8,"3,0;3,1;2,4;1,5;1,6;2,7;6,7;7,7","3,0;2,4;1,5;1,6;2,7;6,7","3,0;3,1;2,4;1,5;1,6;2,7;6,7;7,7",/common/users/wq50/wsi_cf/artifacts/showcase_regions/TCGA-P3-A5QE-01Z-00-DX1_top_right_2048_exploration/attn_p95p0__connected_support/importance_overlay.png
attn_p95p0__feature_plus_connected,95.0,feature_plus_connected,feature,1,0.9752721190452576,8,6,0,0,2,0,8,"3,0;3,1;2,4;1,5;1,6;2,7;6,7;7,7","3,0;2,4;1,5;1,6;2,7;6,7","3,0;3,1;2,4;1,5;1,6;2,7;6,7;7,7",/common/users/wq50/wsi_cf/artifacts/showcase_regions/TCGA-P3-A5QE-01Z-00-DX1_top_right_2048_exploration/attn_p95p0__feature_plus_connected/importance_overlay.png
attn_p95p0__sae_plus_connected,95.0,sae_plus_connected,sae,1,0.9752721190452576,8,6,0,0,2,0,8,"3,0;3,1;2,4;1,5;1,6;2,7;6,7;7,7","3,0;2,4;1,5;1,6;2,7;6,7","3,0;3,1;2,4;1,5;1,6;2,7;6,7;7,7",/common/users/wq50/wsi_cf/artifacts/showcase_regions/TCGA-P3-A5QE-01Z-00-DX1_top_right_2048_exploration/attn_p95p0__sae_plus_connected/importance_overlay.png
attn_p95p0__full_stack_feature,95.0,full_stack_feature,feature,1,0.9752721190452576,8,6,0,0,2,4,12,"3,0;3,1;2,4;1,5;1,6;2,7;6,7;7,7","3,0;2,4;1,5;1,6;2,7;6,7","3,0;3,1;1,4;2,4;1,5;2,5;1,6;2,6;1,7;2,7;6,7;7,7",/common/users/wq50/wsi_cf/artifacts/showcase_regions/TCGA-P3-A5QE-01Z-00-DX1_top_right_2048_exploration/attn_p95p0__full_stack_feature/importance_overlay.png
attn_p95p0__full_stack_sae,95.0,full_stack_sae,sae,1,0.9752721190452576,8,6,0,0,2,4,12,"3,0;3,1;2,4;1,5;1,6;2,7;6,7;7,7","3,0;2,4;1,5;1,6;2,7;6,7","3,0;3,1;1,4;2,4;1,5;2,5;1,6;2,6;1,7;2,7;6,7;7,7",/common/users/wq50/wsi_cf/artifacts/showcase_regions/TCGA-P3-A5QE-01Z-00-DX1_top_right_2048_exploration/attn_p95p0__full_stack_sae/importance_overlay.png
