label_column	coverage	n_classes	minority_fraction	top_classes
project_dir	1.000000	33	0.925996	[('TCGA-GBM', 858), ('TCGA-BRCA_IDC', 838), ('TCGA-LGG', 833), ('TCGA-SARC', 579), ('TCGA-UCEC', 566), ('TCGA-LUAD', 531), ('TCGA-KIRC', 519), ('TCGA-THCA', 518), ('TCGA-LUSC', 512), ('TCGA-SKCM', 475), ('TCGA-HNSC', 472), ('TCGA-BLCA', 457)]
sample_type_code	1.000000	5	0.016992	[('01', 11397), ('06', 172), ('02', 13), ('05', 11), ('07', 1)]
gdc_primary_site	0.999914	56	0.853532	[('Brain', 1698), ('Breast', 1128), ('Bronchus and lung', 1052), ('Kidney', 931), ('Corpus uteri', 630), ('Thyroid gland', 520), ('Bladder', 457), ('Prostate gland', 449), ('Colon', 446), ('Connective, subcutaneous and other soft tissues', 425), ('Stomach', 410), ('Liver and intrahepatic bile ducts', 408)]
gdc_project_id	0.999914	32	0.902872	[('TCGA-BRCA', 1126), ('TCGA-GBM', 858), ('TCGA-LGG', 833), ('TCGA-SARC', 579), ('TCGA-UCEC', 566), ('TCGA-LUAD', 531), ('TCGA-KIRC', 519), ('TCGA-THCA', 518), ('TCGA-LUSC', 512), ('TCGA-SKCM', 475), ('TCGA-HNSC', 472), ('TCGA-BLCA', 457)]
gdc_disease_type	0.999914	25	0.631416	[('Adenomas and Adenocarcinomas', 4273), ('Gliomas', 1691), ('Squamous Cell Neoplasms', 1311), ('Ductal and Lobular Neoplasms', 1255), ('Nevi and Melanomas', 554), ('Transitional Cell Papillomas and Carcinomas', 454), ('Cystic, Mucinous and Serous Neoplasms', 419), ('Germ Cell Neoplasms', 248), ('Paragangliomas and Glomus Tumors', 197), ('Acinar Cell Neoplasms', 194), ('Fibromatous Neoplasms', 177), ('Thymic Epithelial Neoplasms', 166)]
gdc_sample_type	0.999914	5	0.016993	[('Primary Tumor', 11396), ('Metastatic', 172), ('Recurrent Tumor', 13), ('Additional - New Primary', 11), ('Additional Metastatic', 1)]
gdc_tumor_descriptor	0.999914	4	0.016993	[('Primary', 11396), ('Metastatic', 173), ('Recurrence', 13), ('New Primary', 11)]
gdc_vital_status	0.995860	3	0.326000	[('Alive', 7782), ('Dead', 3762), ('Unknown', 2)]
cbio_cancer_type_detailed	0.957306	69	0.925038	[('Glioblastoma Multiforme', 832), ('Breast Invasive Ductal Carcinoma', 799), ('Lung Adenocarcinoma', 524), ('Papillary Thyroid Cancer', 509), ('Lung Squamous Cell Carcinoma', 496), ('Renal Clear Cell Carcinoma', 495), ('Head and Neck Squamous Cell Carcinoma', 468), ('Bladder Urothelial Carcinoma', 456), ('Prostate Adenocarcinoma', 444), ('Uterine Endometrioid Carcinoma', 411), ('Hepatocellular Carcinoma', 366), ('Colon Adenocarcinoma', 364)]
cbio_cancer_type	0.957306	34	0.899901	[('Invasive Breast Carcinoma', 1111), ('Non-Small Cell Lung Cancer', 1020), ('Glioblastoma', 832), ('Diffuse Glioma', 819), ('Endometrial Carcinoma', 636), ('Sarcoma', 568), ('Colorectal Adenocarcinoma', 566), ('Well-Differentiated Thyroid Cancer', 509), ('Renal Clear Cell Carcinoma', 495), ('Head and Neck Squamous Cell Carcinoma', 468), ('Bladder Urothelial Carcinoma', 456), ('Esophagogastric Adenocarcinoma', 450)]
cbio_tcga_pancan_acronym	0.957306	32	0.899901	[('BRCA', 1111), ('GBM', 832), ('LGG', 820), ('SARC', 568), ('UCEC', 549), ('LUAD', 524), ('THCA', 509), ('LUSC', 496), ('KIRC', 495), ('HNSC', 468), ('BLCA', 456), ('PRAD', 444)]
gdc_primary_diagnosis	0.954287	168	0.885033	[('Adenocarcinoma, NOS', 1272), ('Squamous cell carcinoma, NOS', 1085), ('Infiltrating duct carcinoma, NOS', 942), ('Glioblastoma', 827), ('Papillary adenocarcinoma, NOS', 631), ('Clear cell adenocarcinoma, NOS', 438), ('Malignant melanoma, NOS', 431), ('Endometrioid adenocarcinoma, NOS', 403), ('Hepatocellular carcinoma, NOS', 338), ('Transitional cell carcinoma', 321), ('Adrenal cortical carcinoma', 221), ('Serous cystadenocarcinoma, NOS', 220)]
cbio_os_status	0.953165	2	0.321238	[('LIVING', 7501), ('DECEASED', 3550)]
cbio_pfs_status	0.953165	2	0.365397	[('CENSORED', 7013), ('PROGRESSION', 4038)]
cbio_os_months	0.950405	2764	0.992831	[('0', 79), ('0.0986290561', 38), ('12.657395535', 31), ('1.0191669132', 28), ('17.786106454', 27), ('11.999868495', 26), ('12.328632015', 24), ('12.427261071', 24), ('17.161455765', 23), ('14.728605714', 22), ('19.331295', 22), ('12.986159056', 22)]
cbio_subtype	0.818354	62	0.945932	[('LUAD', 513), ('BRCA_LumA', 502), ('THCA', 490), ('LUSC', 477), ('BLCA', 436), ('PRAD', 435), ('HNSC_HPV-', 390), ('LGG_IDHmut-non-codel', 376), ('LIHC', 345), ('KIRC', 341), ('LGG_IDHmut-codel', 313), ('SARC_MFS/UPS', 291)]
cbio_ajcc_stage	0.579265	19	0.821024	[('STAGE I', 1202), ('STAGE IIA', 790), ('STAGE II', 711), ('STAGE III', 661), ('STAGE IIB', 655), ('STAGE IIIA', 505), ('STAGE IV', 476), ('STAGE IB', 377), ('STAGE IA', 363), ('STAGE IVA', 315), ('STAGE IIIB', 270), ('STAGE IIIC', 227)]
gdc_ajcc_pathologic_t	0.540021	27	0.739019	[('T2', 1634), ('T3', 1220), ('T1', 598), ('T1b', 374), ('T3a', 366), ('T1a', 338), ('T4a', 260), ('T2a', 230), ('T3b', 222), ('T1c', 212), ('T2b', 173), ('T4', 163)]
gdc_ajcc_pathologic_n	0.534156	17	0.512191	[('N0', 3021), ('NX', 900), ('N1', 883), ('N2', 371), ('N1a', 281), ('N0 (i-)', 147), ('N1b', 131), ('N2b', 96), ('N3a', 92), ('N2a', 85), ('N3', 83), ('N2c', 37)]
gdc_ajcc_pathologic_m	0.478868	8	0.282601	[('M0', 3983), ('MX', 1317), ('M1', 206), ('M1a', 17), ('M1b', 14), ('cM0 (i+)', 7), ('Unknown', 5), ('M1c', 3)]
gdc_ajcc_pathologic_stage	0.471623	23	0.799195	[('Stage I', 1098), ('Stage IIA', 711), ('Stage IIB', 566), ('Stage II', 487), ('Stage III', 483), ('Stage IIIA', 410), ('Stage IA', 324), ('Stage IB', 313), ('Stage IV', 294), ('Stage IVA', 250), ('Stage IIIB', 240), ('Stage IIIC', 169)]
cbio_histologic_grade	0.371054	8	0.604138	[('G3', 1703), ('G2', 1655), ('High Grade', 443), ('G1', 305), ('G4', 98), ('GX', 75), ('Low Grade', 21), ('GB', 2)]
gdc_tumor_grade	0.298861	9	0.600866	[('G3', 1383), ('G2', 1380), ('High Grade', 277), ('G1', 264), ('G4', 70), ('GX', 69), ('Low Grade', 19), ('GB', 2), ('Unknown', 1)]
